Filename,Extracted Text
SinghReceipt_2024-07-24_18-40-49_34.pdf,"Receipt Voucher
Name: Singh Electronics
Address: 890 Gandhi Nagar, Bangalore, Karnataka, 560007
GSTIN: O9AAACNO189C1ZH
S.No: 6335
Date of Issue:19-04-2023
Details of Receiver (Billed to) Details of Receiver (Shipped to)
Name: Tech Mahindra Limited Name: Tech Mahindra Limited
Address: Tech Mahindra Campus, Electronic City, Bengaluru, Karnataka, Address: | Tech Mahindra Campus, Electronic City, Bengaluru, Karnataka,
State: Karnataka State: Karnataka
State code: OO State code: 00
GSTIN/ UIN (if registered):24PKIVX3795D1Z1 GSTIN/ UIN (if registered):24PKIVX3795D1Z1
CGST SGST IGST
No peseription of goods/service | SNISAC [_ AmountofAdvance [Rate | Amount | Rate | Amount | Rate | Amount
Dyson Supersonic Hair Dryer 2807 17778.00 1600.02 1600.02 | 0% | 000 |
Total Value (in Rs.) 20978.04
Advance Amount received subject to reverse charge Yes No
Signature of Supplier
"
38-D-MART PVT LTD.pdf,"D-MART PVT LTD DATE 07-23-24
35/2867, B & B2, Bypass Road, Opp. Oberon Mall,
Edappally, Kochi, Kerala 682024 CUSTOMER NO. 1144
CLIENT
41HHLWE12K4A1Q6
SALESPERSON Anukul Roy Nithya Nair
CREDIT CARD NO. 4539 1488 0343 6467
Orchid Villa, 56/78, Kalpetta, Wayanad, Kerala 673121
abe DESCRIPTION OTE QTY UNIT PRICE TOTAL
5682 Nescafé Coffee 200g 200g z 150.00 z 300.00
9138 Ching’s Schezwan Sauce 250g —«|250g z 80.00 z 400.00
Remarks / Instructions: SUBTOTAL = 700.00
DISCOUNT (10%) = 70.00
GST (18%) = 113.40
Please make check payable to Your Company Name. TOTAL = 656.60
THANK YOU
casH [_ | CREDITCARD [_] MONEYORDER [_]
For questions concerning this receipt please contact Name, (321) 456-7890, Email Address
eae SALES RECEIPT
Nithya Nair
DATE 07-23-24
Orchid Villa, 56/78, Kalpetta, Wayanad, Kerala 673121
+91 95432 10987 AMOUNT PAID = 656.60
D-MART PVT LTD 35/2867, B & B2, Bypass Road, Opp. Oberon Mall, 41HHLWE12K4A1Q6
Edappally, Kochi, Kerala 682024
"
45-BIG BAZAAR PVT LTD.pdf,"BIG BAZAAR PVT LTD
1st Floor, Ahmedabad One Mall, Vastrapur,
Ahmedabad, Gujarat 380015
341KKLAE12K4A1E5
CLIENT INFO
Varun Provision Store
45. 606, Gota, Anmedabad,
382481
+91 76543 21098
Date: 31-07-2024 RECIEPT NO: 45
| HSN | DESCRIPTION UNIT PRICE TOTAL
6793 Close-Up Toothpaste 200 g = 200.00 = 600.00
1250 Complan Memory 200 ml = 200.00 1,000.00
SUB TOTAL = 1,600.00
DISCOUNT(15%) = 240.00
GST(18%) = 288.00
TOTAL = 1,648.00
"
90-CROMA PVT LTD.pdf,"Receipt No.: 90
Payment date: 12-08-2024
Payment Type: UPI
From: CB To:
Name: [CROMA PVT LTD
Address: Ground Floor, Skyzone, High Street Address: 78, Lakeview Towers, Ghatkopar West, Mumbai
Phoenix, Senapati Bapat Marg, Lower 400086
Parel, Mumbai, Maharashtra 400013 +91 51234 56782

Phone No: _[87BBAQE12K4P106 a
DESCRIPTION UNIT PRICE Amount (in Rs)
2245 Apple HomePod mini 10 2 = 9,999.00 = 19,998.00
3260 Amazon Echo Show 10 10 1 = 22,499.00 = 22,499.00
Sub-Total % 42,497.00
Amount in Words: Discount(30%) = 12,749.10

GST(18%) = 7,649.46

Total Amount: X 37,397.36
eee
Terms & Condition:
Seal & Signature
Thank you for Business !!! Visit us Again !!!
"
8-CROMA PVT LTD.pdf,"Receipt No.: 8
Payment date: 12-08-2024
Payment Type: UPI
From: CB To:
CROMA PVT LTD Digital Planet
Address: Ground Floor, Skyzone, High Street Address:
Phoenix, Senapati Bapat Marg, Lower 11/2, Hillside Villa, Powai, Mumbai 400076
Parel, Mumbai, Maharashtra 400013 +91 21098 76543
87BBAQE12K4P106 a ee
DESCRIPTION UNIT PRICE Amount (in Rs)
8409 HP Spectre x360 10 1 = 1,09,999.00 = 1,09,999.00
3257 HP Pavilion 15 10 4 = 65,999.00 = 2,63,996.00
Sub-Total  3,73,995.00
Amount in Words: Discount(30%) = 1,12,198.50
GST(18%) % 67,319.10
Total Amount: X 3,29,115.60
eee
Terms & Condition:
Seal & Signature
Thank you for Business !!! Visit us Again !!!
"
63-CROMA PVT LTD.pdf,"Receipt No.: 63
Payment date: 12-08-2024
Payment Type: UPI
From: CB To:
CROMA PVT LTD GadgetMall
Address: Ground Floor, Skyzone, High Street Address:
Phoenix, Senapati Bapat Marg, Lower 79, Sunrise Heights, Bandra West, Mumbai 400050
Parel, Mumbai, Maharashtra 400013 +91 78901 23478
Phone No: _[87BBAQE12K4P106 a
DESCRIPTION UNIT PRICE Amount (in Rs)
9901 Huawei MatePad Pro 10 4 = 39,999.00 = 1,59,996.00
8926 LG OLED TV B2 10 4 = 42,999.00 = 1,71,996.00
Sub-Total ¥ 3,31,992.00
Amount in Words: Discount(30%) = 99,597.60
GST(18%) = 59,758.56
Total Amount: X 2,92,152.96
eee
Terms & Condition:
Seal & Signature
Thank you for Business !!! Visit us Again !!!
"
79-ITC Limited.pdf,"Reciept No: 79 Date: 31-07-2024
Company's Info: Customer's Info:
ITC Limited Sen & Das Provision Store
37 J.L.Nehru Road,
Kolkata 700 071 486, Hatibagan Road,
Kolkata - 700005
29ABCDE1234F1Z5 85AAAPL9012B7ZR
Payment Detail:
HSN DESCRIPTION UNIT QTY PRICE AMOUNT
3286 ITC Engage Blush Deodorants 500 ml 5 = 110.00 = 550.00
1997 CClassmate Square Long Noteboo 1kg 7 = 220.00 = 1,540.00
SUBTOTAL % 2,090.00
DISCOUNT(20%) = 606.10
GST(18%) = 376.20
TOTAL % 1,860.10
PAYMENT METHOD: [cash,card,online,check or etc]
Check/Transaction No [if applicable]
"
61-BIG BAZAAR PVT LTD.pdf,"BIG BAZAAR PVT LTD
1st Floor, Ahmedabad One Mall, Vastrapur,
Ahmedabad, Gujarat 380015
341KKLAE12K4A1E5
CLIENT INFO
Sanjay Provision Store
61. 404, Vejalpur, Anmedabad,
380051
+91 76543 21098
Date: 31-07-2024 RECIEPT NO: 61
| HSN | DESCRIPTION UNIT PRICE TOTAL
7897 L’Oréal Shampoo 180 ml = 180.00 = 360.00
2362 Johnson’s Baby Shampoo = 250.00 = 750.00
SUB TOTAL = 1,110.00
DISCOUNT(15%) = 166.50
GST(18%) = 199.80
TOTAL 1,143.30
"
86-CROMA PVT LTD.pdf,"Receipt No.: 86
Payment date: 12-08-2024
Payment Type: UPI
From: —C—C—CSCSCdiéGL TZ
Name: [CROMA PVT LTD Name: [Techval
Address: Ground Floor, Skyzone, High Street Address:
Phoenix, Senapati Bapat Marg, Lower 91, Oasis Heights, Malad East, Mumbai 400097
Parel, Mumbai, Maharashtra 400013 +91 11234 56782
Phone No: _[87BBAQE12K4P106 a
DESCRIPTION UNIT PRICE Amount (in Rs)
6802 Fujifilm X-S10 10 4 % 82,999.00  3,31,996.00
6816 GoPro HERO8 Black 10 1 = 37,999.00 = 37,999.00
Sub-Total ¥ 3,69,995.00
Amount in Words: Discount(30%) = 1,10,998.50
GST(18%) = 66,599.10
Total Amount: X 3,25,595.60
eee
Terms & Condition:
Seal & Signature
Thank you for Business !!! Visit us Again !!!
"
28-CROMA PVT LTD.pdf,"Receipt No.: 28
Payment date: 12-08-2024
Payment Type: UPI
From: CB To:
Name: [ROMA PVTLTD
Address: Ground Floor, Skyzone, High Street Address: 56, Highland Meadows, Navi Mumbai, Maharashtra
Phoenix, Senapati Bapat Marg, Lower 400705
Parel, Mumbai, Maharashtra 400013 +91 01234 56789

Phone No; |87BBAQE12K4P106 a
DESCRIPTION UNIT PRICE Amount (in Rs)
1719 Sony SRS-XB43 10 5 = 24,499.00 ® 1,22,495.00
6813 Sony SRS-XB33 10 4 = 21,999.00 = 87,996.00
Sub-Total ¥ 2,10,491.00
Amount in Words: Discount(30%) = 63,147.30

GST(18%) = 37,888.38

Total Amount: X 1,85,232.08
eee
Terms & Condition:
Seal & Signature
Thank you for Business !!! Visit us Again !!!
"
17-BIG BAZAAR PVT LTD.pdf,"BIG BAZAAR PVT LTD
1st Floor, Ahmedabad One Mall, Vastrapur,
Ahmedabad, Gujarat 380015
341KKLAE12K4A1E5
CLIENT INFO
Ramesh Provision Store
17. 505, Danilimda, Ahmedabad,
380028
+91 87654 54321
Date: 31-07-2024 RECIEPT NO: 17
| HSN | DESCRIPTION UNIT PRICE TOTAL
2346 Rin Detergent Bar 125 g = 30.00 = 60.00
6801 Kellogg’s Special K 500 ml = 500.00 = 2,500.00
SUB TOTAL 2,560.00
DISCOUNT(15%) = 384.00
GST(18%) = 460.80
TOTAL % 2,636.80
"
19-ITC Limited.pdf,"Reciept No: 19 Date: 31-07-2024
Company's Info: Customer's Info:
ITC Limited Majumdar General Store
37 J.L.Nehru Road, 36, Maniktala Main
Kolkata 700 071 Road, Kolkata -
700054
29ABCDE1234F1Z5 23SSAPL8901T1ZJ
Payment Detail:
HSN DESCRIPTION UNIT QTY PRICE AMOUNT
2513 Navy Cut Cigarettes 1kg 9 % 80.00 = 720.00
1223 Sunfeast Mom's Magic Bakes 500 g 3 = 80.00 = 240.00
SUBTOTAL = 960.00
DISCOUNT(20%) = 278.40
GST(18%) = 172.80
TOTAL % 854.40
PAYMENT METHOD: [cash,card,online,check or etc]
Check/Transaction No [if applicable]
"
69-CROMA PVT LTD.pdf,"Receipt No.: 69
Payment date: 12-08-2024
Payment Type: UPI
From: —C—C—CSCSCdiéGL TZ
Name: [CROMA PVT LTD
Address: Ground Floor, Skyzone, High Street Address:
Phoenix, Senapati Bapat Marg, Lower 53, Sterling Court, Malad West, Mumbai 400064
Parel, Mumbai, Maharashtra 400013 +91 31234 56781
Phone No: _[87BBAQE12K4P106 a
DESCRIPTION UNIT PRICE Amount (in Rs)
6701 TCL 6-Series QLED TV 10 2 = 1,49,999.00 = 2,99,998.00
6592 Sonos Beam (Gen 2) 10 1 = 62,999.00 = 62,999.00
Sub-Total ¥ 3,62,997.00
Amount in Words: Discount(30%) = 1,08,899.10
GST(18%) = 65,339.46
Total Amount: X 3,19,437.36
eee
Terms & Condition:
Seal & Signature
Thank you for Business !!! Visit us Again !!!
"
9-D-MART PVT LTD.pdf,"D-MART PVT LTD DATE 07-23-24
35/2867, B & B2, Bypass Road, Opp. Oberon Mall,
Edappally, Kochi, Kerala 682024 CUSTOMER NO. 1144
CLIENT
41HHLWE12K4A1Q6
SALESPERSON Anukul Roy Biju Kumar
cel one Wo. 4539 1488 0343 6467 Puthenpurayil, 34/78, Changanassery, Kottayam, Kerala
abe DESCRIPTION OTE QTY UNIT PRICE TOTAL
6789 Amul Butter 500g 500g z 250.00 z 500.00
1246 Kinley Mineral Water 1L z 20.00 z 80.00
Remarks / Instructions: SUBTOTAL % 580.00
DISCOUNT (10%) = 58.00
GST (18%) = 93.96
Please make check payable to Your Company Name. TOTAL = 544.04
THANK YOU
casH [_ | CREDITCARD [_] MONEYORDER [_]
For questions concerning this receipt please contact Name, (321) 456-7890, Email Address
eae SALES RECEIPT
Biju Kumar
Puthenpurayil, 34/78, Changanassery, Kottayam, Kerala NS 07-23-24
+91 87654 54321 AMOUNT PAID = 544.04
D-MART PVT LTD 35/2867, B & B2, Bypass Road, Opp. Oberon Mall, 41HHLWE12K4A1Q6
Edappally, Kochi, Kerala 682024
"
SinghReceipt_2024-07-24_18-41-16_61.pdf,"Receipt Voucher
Name: Singh Electronics
Address: 890 Gandhi Nagar, Bangalore, Karnataka, 560007
GSTIN: O9AAACNO189C1ZH
S.No: 9566
Date of Issue:08-11-2023
Details of Receiver (Billed to) Details of Receiver (Shipped to)
Name: Microsoft India Pvt Ltd Name: Microsoft India Pvt Ltd
Address: Microsoft Campus, Outer Ring Road, Bengaluru, Karnataka, 560103 Address: Microsoft Campus, Outer Ring Road, Bengaluru, Karnataka,
State: Karnataka State: Karnataka
State code: 03 State code: 03
GSTIN/ UIN (if registered):24WPZLU2865C1Z2 GSTIN/ UIN (if registered):24WPZLU2865C1Z2
CGST SGST IGST
| Smo |Description ofgoods/servce | HSNSAC | Amountof Advance as Taman] mate [amount | Rate | AOR
GoPro HERO Black Action Camera| 2150 12825.00 1154.25 1154.25 | 0% | 000 |
Total Value (in Rs.) 15133.50
Advance Amount received subject to reverse charge Yes No
Signature of Supplier
"
92-CROMA PVT LTD.pdf,"Receipt No.: 92
Payment date: 12-08-2024
Payment Type: UPI
From: CB To:
CROMA PVT LTD DigiGears Hub
Address: Ground Floor, Skyzone, High Street Address: 85, Crest Apartments, Vile Parle West, Mumbai
Phoenix, Senapati Bapat Marg, Lower 400056
Parel, Mumbai, Maharashtra 400013 +91 71234 56782

Phone No; |87BBAQE12K4P106 a
DESCRIPTION UNIT PRICE Amount (in Rs)
4467 Amazon Echo Studio 10 2 = 14,499.00 % 28,998.00
5482 LG Gram 16 10 1 = 14,999.00 = 14,999.00
Sub-Total % 43,997.00
Amount in Words: Discount(30%) = 13,199.10

GST(18%) = 7,919.46

Total Amount: X 38,717.36
eee
Terms & Condition:
Seal & Signature
Thank you for Business !!! Visit us Again !!!
"
74-BIG BAZAAR PVT LTD.pdf,"BIG BAZAAR PVT LTD
1st Floor, Ahmedabad One Mall, Vastrapur,
Ahmedabad, Gujarat 380015
341KKLAE12K4A1E5
CLIENT INFO
Meenal Provision Store
74. 808, Vasna, Anmedabad,
380007
+91 76543 21098
Date: 31-07-2024 RECIEPT NO: 74
| HSN | DESCRIPTION UNIT PRICE TOTAL
5686 Kellogg’s Chocos 200 ml = 200.00 = 800.00
9142 Nivea Milk Delights = 200.00 1,000.00
SUB TOTAL = 1,800.00
DISCOUNT(15%) = 270.00
GST(18%) = 324.00
TOTAL = 1,854.00
"
SinghReceipt_2024-07-24_18-40-29_14.pdf,"Receipt Voucher
Name: Singh Electronics
Address: 890 Gandhi Nagar, Bangalore, Karnataka, 560007
GSTIN: O9AAACNO189C1ZH
S.No: 2079
Date of Issue:27-03-2023
Details of Receiver (Billed to) Details of Receiver (Shipped to)
Name: Robert Bosch Engineering and Busin Name: Robert Bosch Engineering and Busines:
Address: Bosch Campus, Electronic City, Bengaluru, Karnataka, 560100 Address: | Bosch Campus, Electronic City, Bengaluru, Karnataka, 560100
State: Karnataka State: Karnataka
State code: OO State code: 00
GSTIN/ UIN (if registered):24MZZGF8138G1Z2 GSTIN/ UIN (if registered):24MZZGF8138G1Z2
CGST SGST IGST
| Smo | Description of goods/servie | HSNSAC | AmountofAdvance as T amo Rate [amount | Rate | AOE
Samsung QLED Smart TV 3112 17695.00 1592.55 159255 | 0% | 000 |
Total Value (in Rs.) 20880.10
Advance Amount received subject to reverse charge Yes No
Signature of Supplier
"
89-ITC Limited.pdf,"Reciept No: 89 Date: 31-07-2024
Company's Info: Customer's Info:
ITC Limited Gupta & Roy Supermarket
37 J.L.Nehru Road,
Kolkata 700 071 581, Rabindra Sarani,
Kolkata - 700001
29ABCDE1234F1Z5 95KKAPL9012L8ZB
Payment Detail:
HSN DESCRIPTION UNIT QTY PRICE AMOUNT
3415 ITC Vivel Soft Touch Soap 200 g 8 = 50.00 = 400.00
2126 ITC Classmate Octane Pens 1 liter 5 % 340.00 % 1,700.00
SUBTOTAL % 2,100.00
DISCOUNT(20%) = 609.00
GST(18%) = 378.00
TOTAL = 1,869.00
PAYMENT METHOD: [cash,card,online,check or etc]
Check/Transaction No [if applicable]
"
29-D-MART PVT LTD.pdf,"D-MART PVT LTD NI 07-23-24
35/2867, B & B2, Bypass Road, Opp. Oberon Mall,
Edappally, Kochi, Kerala 682024 CUSTOMER NO. 1144
CLIENT
41HHLWE12K4A1Q6
SALESPERSON Anukul Roy Kavya Nair
CREDIT CARD NO. 4539 1488 0343 6467
Golden Villa, 34/12, Thiruvalla, Kerala 689101
aby DESCRIPTION OTE QTY UNIT PRICE TOTAL
5681 Whisper Sanitary Pads 20 Pack —‘|20 Pack Z 300.00 Z 300.00
9137 Nutrichoice Digestive 250g 250g Z 40.00 z 80.00
Remarks / Instructions: SUBTOTAL % 380.00
DISCOUNT (10%) = 38.00
GST (18%) = 61.56
Please make check payable to Your Company Name. TOTAL 356.44
THANK YOU
casH [_ | CREDITCARD [_] MONEYORDER [_]
For questions concerning this receipt please contact Name, (321) 456-7890, Email Address
deal SALES RECEIPT
Kavya Nair
DATE 07-23-24
Golden Villa, 34/12, Thiruvalla, Kerala 689101
+91 76543 21098 AMOUNT PAID = 356.44
D-MART PVT LTD 35/2867, B & B2, Bypass Road, Opp. Oberon Mall, 41HHLWE12K4A1Q6
Edappally, Kochi, Kerala 682024
"
SinghReceipt_2024-07-24_18-41-25_70.pdf,"Receipt Voucher
Name: Singh Electronics
Address: 890 Gandhi Nagar, Bangalore, Karnataka, 560007
GSTIN: O9AAACNO189C1ZH
S.No: 5047
Date of Issue:11-09-2023
Details of Receiver (Billed to) Details of Receiver (Shipped to)
Name: Fujitsu Consulting India Name: Fujitsu Consulting India
Address: Fujitsu Office, Whitefield, Bengaluru, Karnataka, 560066 Address: — Fujitsu Office, Whitefield, Bengaluru, Karnataka, 560066
State: Karnataka State: Karnataka
State code: 66 State code: 66
GSTIN/ UIN (if registered):24PYFGE6419U1Z3 GSTIN/ UIN (if registered):24PYFGE6419U1Z3
| SNo Description of goods/service HSN/SAC Amount of Advance CGST SGsT IGsT
ASUS ROG Strix B550-F Gaming 2612 23468.00 2112.12 2112.12 | 0% | 000 |
Total Value (in Rs.) 27692.24
Advance Amount received subject to reverse charge Yes No

Signature of Supplier
"
92-BIG BAZAAR PVT LTD.pdf,"BIG BAZAAR PVT LTD
1st Floor, Ahmedabad One Mall, Vastrapur,
Ahmedabad, Gujarat 380015
341KKLAE12K4A1E5
CLIENT INFO
Seema Provision Store
92. 808, Bapunagar, Ahmedabad,
380025
+91 87654 56789
Date: 31-07-2024 RECIEPT NO: 92
| HSN | DESCRIPTION UNIT PRICE TOTAL
5688 Lays India’s Magic Masala 500 ml = 200.00 = 800.00
9144 Godrej Protekt Handwash 200 ml = 200.00 1,000.00
SUB TOTAL = 1,800.00
DISCOUNT(15%) = 270.00
GST(18%) = 324.00
TOTAL = 1,854.00
"
117-ITC Limited.pdf,"Reciept No: 117 Date: 31-07-2024
Company's Info: Customer's Info:
ITC Limited Bose & Co. Supermarket
37 J.L.Nehru Road,
Kolkata 700 071 11, Rabindra Sarani,
Kolkata - 700001
29ABCDE1234F1Z5 O5AABCA1234L1Z9
Payment Detail:
HSN DESCRIPTION UNIT QTY PRICE AMOUNT
3477 Sunfeast Dark Fantasy 250 g 5 2 30.00 = 150.00
#N/A Rice Mixes 250g 4 = 90.00 = 360.00
SUBTOTAL % 510.00
DISCOUNT(20%) = 147.90
GST(18%) = 91.80
TOTAL % 453.90
PAYMENT METHOD: [cash,card,online,check or etc]
Check/Transaction No [if applicable]
"
105-BIG BAZAAR PVT LTD.pdf,"BIG BAZAAR PVT LTD
6th Floor, Ahmedabad One Mall, Vastrapur,
Ahmedabad, Gujarat 380015
341KKLAE12K4A1E5
CLIENT INFO
Chandni Provision Store
105. 303, Danilimda, Anmedabad,
380028
+91 98123 45678
Date: 31-07-2024 RECIEPT NO: 105
| HSN | DESCRIPTION UNIT PRICE TOTAL
1507 Tata Tea Gold 500g = 150.00 = 750.00
4002 Colgate Toothpaste = 150.00 = 750.00
SUB TOTAL = 1,500.00
DISCOUNT(15%) = 225.00
GST(18%) = 270.00
TOTAL = 1,545.00
"
59-ITC Limited.pdf,"Reciept No: 59 Date: 31-07-2024
Company's Info: Customer's Info:
ITC Limited Mukhopadhyay Supermarket
37 J.L.Nehru Road,
Kolkata 700 071 287, Rajarhat Road,
Kolkata - 700135
29ABCDE1234F1Z5 65GGAPL9012H5ZX
Payment Detail:
HSN DESCRIPTION UNIT QTY PRICE AMOUNT
3028 Vivel Active Fair Fairness Cream 200ml 10 % 115.00 % 1,150.00
1739 Savlon Hexa Body Soap 500 ml 9 = 65.00 = 585.00
SUBTOTAL % 1,735.00
DISCOUNT(20%) % 503.15
GST(18%) % 312.30
TOTAL = 1,544.15
PAYMENT METHOD: [cash,card,online,check or etc]
Check/Transaction No [if applicable]
"
22-D-MART PVT LTD.pdf,"D-MART PVT LTD DATE 07-23-24
35/2867, B & B2, Bypass Road, Opp. Oberon Mall,
Edappally, Kochi, Kerala 682024 CUSTOMER NO. 1144
CLIENT
41HHLWE12K4A1Q6
SALESPERSON Anukul Roy Gayathri Raj
CREDIT CARD NO. 4539 1488 0343 6467
Blossom Villa, 23/56, Kanjirapally, Kottayam, Kerala 686507
abe DESCRIPTION OTE QTY UNIT PRICE TOTAL
4569 Lifebuoy Soap 4 Pack Z 80.00 Z 80.00
8925 Munch Nuts 50g Z 50.00 Z 50.00
Remarks / Instructions: SUBTOTAL = 130.00
DISCOUNT (10%) = 13.00
GST (18%) = 21.06
Please make check payable to Your Company Name. TOTAL 8121.94
THANK YOU
casH [_ | CREDITCARD [_] MONEYORDER [_]
For questions concerning this receipt please contact Name, (321) 456-7890, Email Address
eae SALES RECEIPT
Gayathri Raj
DATE 07-23-24
Blossom Villa, 23/56, Kanjirapally, Kottayam, Kerala 686507
+91 95432 10987 AMOUNT PAID = 121.94
D-MART PVT LTD 35/2867, B & B2, Bypass Road, Opp. Oberon Mall, 41HHLWE12K4A1Q6
Edappally, Kochi, Kerala 682024
"
SinghReceipt_2024-07-24_18-41-29_74.pdf,"Receipt Voucher
Name: Singh Electronics
Address: 890 Gandhi Nagar, Bangalore, Karnataka, 560007
GSTIN: O9AAACNO189C1ZH
S.No: 3115
Date of Issue:17-02-2023
Details of Receiver (Billed to) Details of Receiver (Shipped to)
Name: InMobi Technologies Name: InMobi Technologies
Address: InMobi Office, Koramangala, Bengaluru, Karnataka, 560034 Address: — InMobi Office, Koramangala, Bengaluru, Karnataka, 560034
State: Karnataka State: Karnataka
State code: 34 State code: 34
GSTIN/ UIN (if registered):24DZGQG7713D1Z6 GSTIN/ UIN (if registered):24DZGQG7713D1Z6
| SNo Description of goods/service HSN/SAC Amount of Advance CGST SGsT IGsT
Apple Watch Series 7 3167 15997.00 1439.73 1439.73 | 0% | 000 |
Total Value (in Rs.) 18876.46
Advance Amount received subject to reverse charge Yes No

Signature of Supplier
"
SinghReceipt_2024-07-24_18-40-23_8.pdf,"Receipt Voucher
Name: Singh Electronics
Address: 890 Gandhi Nagar, Bangalore, Karnataka, 560007
GSTIN: O9AAACNO189C1ZH
S.No: 9779
Date of Issue:02-03-2023
Details of Receiver (Billed to) Details of Receiver (Shipped to)
Name: Oracle India Pvt Ltd Name: Oracle India Pvt Ltd
Address: Oracle Building, Outer Ring Road, Bengaluru, Karnataka, 560103 Address: Oracle Building, Outer Ring Road, Bengaluru, Karnataka, 560103
State: Karnataka State: Karnataka
State code: 03 State code: 03
GSTIN/ UIN (if registered):24USCCJ8380Z1Z3 GSTIN/ UIN (if registered):24USCCJ8380Z1Z3
| SNo Description of goods/service HSN/SAC Amount of Advance CGST SGsT IGsT
Cuisinart CPK-17 Electric Kettle 2355 17257.00 1553.13 1553.13. | 0% | 000 |
Total Value (in Rs.) 20363.26
Advance Amount received subject to reverse charge Yes No

Signature of Supplier
"
73-ITC Limited.pdf,"Reciept No: 73 Date: 31-07-2024
Company's Info: Customer's Info:
ITC Limited Pal Supermarket
37 J.L.Nehru Road, 426, Maniktala Main
Kolkata 700 071 Road, Kolkata -
700054
29ABCDE1234F1Z5 79UUAAPL3456V1ZL
Payment Detail:
HSN DESCRIPTION UNIT QTY PRICE AMOUNT
3208 Dermafique Soleil Defense Gel Cre 500 ml 3 % 25.00 = 75.00
1919 feast Wonderz Milk Shake Strawb 200 ¢ 5 % 180.00 % 900.00
SUBTOTAL = 975.00
DISCOUNT(20%) % 282.75
GST(18%) = 175.50
TOTAL % 867.75
PAYMENT METHOD: [cash,card,online,check or etc]
Check/Transaction No [if applicable]
"
SinghReceipt_2024-07-24_18-40-44_29.pdf,"Receipt Voucher
Name: Singh Electronics
Address: 890 Gandhi Nagar, Bangalore, Karnataka, 560007
GSTIN: O9AAACNO189C1ZH
S.No: 6978
Date of Issue:18-06-2023
Details of Receiver (Billed to) Details of Receiver (Shipped to)
Name: Hitachi Vantara Name: Hitachi Vantara
Address: Hitachi Office, Whitefield, Bengaluru, Karnataka, 560066 Address: — Hitachi Office, Whitefield, Bengaluru, Karnataka, 560066
State: Karnataka State: Karnataka
State code: 66 State code: 66
GSTIN/ UIN (if registered):24SSJVX278101Z4 GSTIN/ UIN (if registered):24SSJVX278101Z4
| SNo Description of goods/service HSN/SAC Amount of Advance CGST SGsT IGsT
Aquaguard Enhance RO+UV Water | 2509 15124.00 1361.16 1361.16 | 0% | 000 |
Total Value (in Rs.) 17846.32
Advance Amount received subject to reverse charge Yes No

Signature of Supplier
"
53-CROMA PVT LTD.pdf,"Receipt No.: 53
Payment date: 12-08-2024
Payment Type: UPI
From: Bil To:
Name: [OROMA PVT LTD
Address: Ground Floor, Skyzone, High Street Address:
Phoenix, Senapati Bapat Marg, Lower 39, Crestview Apartments, Powai, Mumbai 400076
Parel, Mumbai, Maharashtra 400013 +91 61234 56780

Phone No: |87BBAQE12K4P106 a
DESCRIPTION UNIT PRICE Amount (in Rs)
8764 Oppo Reno 8 Pro 10 5 = 34,999.00 = 1,74,995.00
6925 Vivo V23 Pro 10 3 = 31,999.00 = 95,997.00
Sub-Total ® 2,70,992.00
Amount in Words: Discount(30%) = 81,297.60

GST(18%) = 48,778.56

Total Amount: X 2,38,472.96
ae
Terms & Condition:
Seal & Signature
Thank you for Business !!! Visit us Again !!!
"
82-BIG BAZAAR PVT LTD.pdf,"BIG BAZAAR PVT LTD
1st Floor, Ahmedabad One Mall, Vastrapur,
Ahmedabad, Gujarat 380015
341KKLAE12K4A1E5
CLIENT INFO
Praveen Kumar Provision Store
82. 707, Sardar Patel Stadium,
Ahmedabad, 380014
+91 76543 21098
Date: 31-07-2024 RECIEPT NO: 82
| HSN | DESCRIPTION UNIT PRICE TOTAL
1243 Pampers Premium Care 200 g = 200.00 = 200.00
5698 Johnson’s Baby Soap 200ml | 4 | = 200.00 = 800.00
SUB TOTAL = 1,000.00
DISCOUNT(15%) = 150.00
GST(18%) = 180.00
TOTAL = 1,030.00
"
26-CROMA PVT LTD.pdf,"Receipt No.: 26
Payment date: 12-08-2024
Payment Type: UPI
From: —C—C—CSCSCdiéGL TZ
CROMA PVT LTD ElectroHub
Address: Ground Floor, Skyzone, High Street Address:
Phoenix, Senapati Bapat Marg, Lower 87, Horizon Apartments, Worli, Mumbai 400018
Parel, Mumbai, Maharashtra 400013 +91 89012 34567

Phone No: _[87BBAQE12K4P106 a
DESCRIPTION UNIT PRICE Amount (in Rs)
8597 JBL Charge 5 10 1 = 15,499.00 = 15,499.00
4591 JBL Pulse 4 10 3 = 18,499.00 = 55,497.00
Sub-Total ¥ 70,996.00
Amount in Words: Discount(30%) = 21,298.80

GST(18%) X 12,779.28

Total Amount: X 62,476.48
eee
Terms & Condition:
Seal & Signature
Thank you for Business !!! Visit us Again !!!
"
91-ITC Limited.pdf,"Reciept No: 91 Date: 31-07-2024
Company's Info: Customer's Info:
ITC Limited Pal & Chatterjee Provision Shop
37 J.L.Nehru Road, 602, Maniktala Main
Kolkata 700 071 Road, Kolkata -
700054
29ABCDE1234F1Z5 97MMAPL1234N1ZD
Payment Detail:
HSN DESCRIPTION UNIT QTY PRICE AMOUNT
3440 ITC Fiama Shower Gels 1 liter 3 = 45.00 % 135.00
2152 Savlon Glycerin Soap 200 g 10 = 450.00 = 4,500.00
SUBTOTAL = 4,635.00
DISCOUNT(20%) = 1,344.15
GST(18%) % 834.30
TOTAL % 4,125.15
PAYMENT METHOD: [cash,card,online,check or etc]
Check/Transaction No [if applicable]
"
75-CROMA PVT LTD.pdf,"Receipt No.: 75
Payment date: 12-08-2024
Payment Type: UPI
From: CB To:
Name: [CROMA PVT LTD Name: [SparkShop
Address: Ground Floor, Skyzone, High Street Address: 56, Horizon Residences, Goregaon East, Mumbai
Phoenix, Senapati Bapat Marg, Lower 400063
Parel, Mumbai, Maharashtra 400013 +91 91234 56781

Phone No: _[87BBAQE12K4P106 a
DESCRIPTION UNIT PRICE Amount (in Rs)
4367 Apple AirPods Max 10 3 % 59,999.00 % 1,79,997.00
3592 Sony LinkBuds 10 3 = 11,999.00 = 35,997.00
Sub-Total ¥ 2,15,994.00
Amount in Words: Discount(30%) = 64,798.20

GST(18%) % 38,878.92

Total Amount: = 1,90,074.72
eee
Terms & Condition:
Seal & Signature
Thank you for Business !!! Visit us Again !!!
"
75-ITC Limited.pdf,"Reciept No: 75 Date: 31-07-2024
Company's Info: Customer's Info:
ITC Limited Dutta Provision Shop
37 J.L.Nehru Road,
Kolkata 700 071 442, Bagbazar Street,
Kolkata - 700003
29ABCDE1234F1Z5 81WWAPL5678X3ZN
Payment Detail:
HSN DESCRIPTION UNIT QTY PRICE AMOUNT
3234 ITC Vivel Cell Renew 200 ml 10 % 30.00 % 300.00
1945 mafique Advanced Hydrating Bod! 500g 7 = 160.00 = 1,120.00
SUBTOTAL = 1,420.00
DISCOUNT(20%) = 411.80
GST(18%) = 255.60
TOTAL = 1,263.80
PAYMENT METHOD: [cash,card,online,check or etc]
Check/Transaction No [if applicable]
"
49-ITC Limited.pdf,"Reciept No: 49 Date: 31-07-2024
Company's Info: Customer's Info:
ITC Limited Chakraborty General Store
37 J.L.Nehru Road, 186, Ballygunge
Kolkata 700 071 Circular Road,
Kolkata - 700019
29ABCDE1234F1Z5 SSWWAPL9012X4ZN
Payment Detail:
HSN DESCRIPTION UNIT QTY PRICE AMOUNT
2900 ITC Vivel Soaps 200g 8 % 25.00 = 200.00
1609 Sunfeast Chocofill Biscuits 250 g 8 = 25.00 = 200.00
SUBTOTAL = 400.00
DISCOUNT(20%) = 116.00
GST(18%) = 72.00
TOTAL = 356.00
PAYMENT METHOD: [cash,card,online,check or etc]
Check/Transaction No [if applicable]
"
113-ITC Limited.pdf,"Reciept No: 113 Date: 31-07-2024
Company's Info: Customer's Info:
ITC Limited Pal & Sons Supermarket
37 J.L.Nehru Road,
Kolkata 700 071 15, Jadavpur Road,
Kolkata - 700032
29ABCDE1234F1Z5 O8AAACI1234M1Z5
Payment Detail:
HSN DESCRIPTION UNIT QTY PRICE AMOUNT
5699 Oven Fresh Breads 70g 6 = 50.00 = 300.00
#N/A Noodles (Sunfeast) 70g 3 20.00 = 60.00
SUBTOTAL = 360.00
DISCOUNT(20%) = 104.40
GST(18%) = 64.80
TOTAL = 320.40
PAYMENT METHOD: [cash,card,online,check or etc]
Check/Transaction No [if applicable]
"
42-ITC Limited.pdf,"Reciept No: 42 Date: 31-07-2024
Company's Info: Customer's Info:
ITC Limited Sen Brothers General Store
37 J.L.Nehru Road, 118, Shyama Prasad
Kolkata 700 071 Mukherjee Road,
Kolkata - 700025
29ABCDE1234F1Z5 48PPAPL2345Q6ZG
Payment Detail:
HSN DESCRIPTION UNIT QTY PRICE AMOUNT
2809 Sunbean Beaten Caffe 1 liter 7 % 85.00 % 595.00
1519 _ shirvaad Nature's Superfood Quin 1 liter 7 = 85.00 = 595.00
SUBTOTAL % 1,190.00
DISCOUNT(20%) = 345.10
GST(18%) X 214.20
TOTAL % 1,059.10
PAYMENT METHOD: [cash,card,online,check or etc]
Check/Transaction No [if applicable]
"
SinghReceipt_2024-07-24_18-40-36_21.pdf,"Receipt Voucher
Name: Singh Electronics
Address: 890 Gandhi Nagar, Bangalore, Karnataka, 560007
GSTIN: O9AAACNO189C1ZH
S.No: 3989
Date of Issue:11-09-2023
Details of Receiver (Billed to) Details of Receiver (Shipped to)
Name: Rolls-Royce India Pvt Ltd Name: Rolls-Royce India Pvt Ltd
Address: Rolls-Royce Office, Whitefield, Bengaluru, Karnataka, 560066 Address: — Rolls-Royce Office, Whitefield, Bengaluru, Karnataka, 560066
State: Karnataka State: Karnataka
State code: 66 State code: 66
GSTIN/ UIN (if registered):24ZBLTJ3971V1Z6 GSTIN/ UIN (if registered):24ZBLTJ3971V1Z6
| SNo Description of goods/service HSN/SAC Amount of Advance CGST SGsT IGsT
AMD Ryzen 9 5900xX Processor 2685 16456.00 1481.04 1481.04 | 0% | 000 |
Total Value (in Rs.) 19418.08
Advance Amount received subject to reverse charge Yes No

Signature of Supplier
"
9-ITC Limited.pdf,"Reciept No: 9 Date: 31-07-2024
Company's Info: Customer's Info:
ITC Limited Roy Grocery Store
37 J.L.Nehru Road, 31, Prince Anwar
Kolkata 700 071 Shah Road, Kolkata -
700033
29ABCDE1234F1Z5 13IIAPL8901J9Z9
Payment Detail:
HSN DESCRIPTION UNIT QTY PRICE AMOUNT
2384 Sunfeast Dark Fantasy Biscuits | 200 ml 9 = 50.00 = 450.00
1114 ITC B Natural Cranberry Juice 250 g 7 = 50.00 = 350.00
SUBTOTAL % 800.00
DISCOUNT(20%) % 232.00
GST(18%) = 144.00
TOTAL = 712.00
PAYMENT METHOD: [cash,card,online,check or etc]
Check/Transaction No [if applicable]
"
119-ITC Limited.pdf,"Reciept No: 119 Date: 31-07-2024
Company's Info: Customer's Info:
ITC Limited Majumdar General Store
37 J.L.Nehru Road, 36, Maniktala Main
Kolkata 700 071 Road, Kolkata -
700054
29ABCDE1234F12Z5 27AAACR1234G1ZR
Payment Detail:
HSN DESCRIPTION UNIT QTY PRICE AMOUNT
2366 Urad Dal 200 g 6 % 60.00 X 360.00
#N/A Tea Time Cookies 25 pcs 10 % 100.00 % 1,000.00
SUBTOTAL = 1,360.00
DISCOUNT(20%) = 394.40
GST(18%) % 244.80
TOTAL 1,210.40
PAYMENT METHOD: [cash,card,online,check or etc]
Check/Transaction No [if applicable]
"
71-BIG BAZAAR PVT LTD.pdf,"BIG BAZAAR PVT LTD
1st Floor, Ahmedabad One Mall, Vastrapur,
Ahmedabad, Gujarat 380015
341KKLAE12K4A1E5
CLIENT INFO
Ritu Provision Store
71. 505, Ghod Dod Road,
Ahmedabad, 380022
+91 89012 34567
Date: 31-07-2024 RECIEPT NO: 71
| HSN | DESCRIPTION UNIT PRICE TOTAL
2352 Tide Plus Detergent = 100.00 = 100.00
6807 Parachute Jasmine Oil 100 g = 200.00 = 400.00
SUB TOTAL = 500.00
DISCOUNT(15%) = 75.00
GST(18%) = 90.00
TOTAL = 515.00
"
48-ITC Limited.pdf,"Reciept No: 48 Date: 31-07-2024
Company's Info: Customer's Info:
ITC Limited Kar & Sons Supermarket
37 J.L.Nehru Road, 172, Diamond
Kolkata 700 071 Harbour Road,
Kolkata - 700023
29ABCDE1234F1Z5 54VVAPL8901W3ZM
Payment Detail:
HSN DESCRIPTION UNIT QTY PRICE AMOUNT
2887 Engage Sport Deodorants 200 ml 6 = 150.00 = 900.00
1597 ~—_ Essenza Di Wills Essenza Di Wills 200g 5 = 150.00 = 750.00
SUBTOTAL % 1,650.00
DISCOUNT(20%) = 478.50
GST(18%) = 297.00
TOTAL = 1,468.50
PAYMENT METHOD: [cash,card,online,check or etc]
Check/Transaction No [if applicable]
"
30-CROMA PVT LTD.pdf,"Receipt No.: 30
Payment date: 12-08-2024
Payment Type: UPI
From: CB To:
Name: [CROMA PVT LTD
Address: Ground Floor, Skyzone, High Street Address:
Phoenix, Senapati Bapat Marg, Lower 71, The Horizon, Andheri West, Mumbai 400058
Parel, Mumbai, Maharashtra 400013 +91 21234 56789

Phone No: _[87BBAQE12K4P106 a
DESCRIPTION UNIT PRICE Amount (in Rs)
3931 Apple Watch Series 8 10 2 % 45,999.00 % 91,998.00
9036 Apple Watch SE 10 5 % 32,999.00 = 1,64,995.00
Sub-Total ¥ 2,56,993.00
Amount in Words: Discount(30%) = 77,097.90

GST(18%) X 46,258.74

Total Amount: X 2,26,153.84
re ee
Terms & Condition:
Seal & Signature
Thank you for Business !!! Visit us Again !!!
"
94-ITC Limited.pdf,"Reciept No: 94 Date: 31-07-2024
Company's Info: Customer's Info:
ITC Limited Saha Provision Store
37 J.L.Nehru Road, 634, Ballygunge
Kolkata 700 071 Station Road, Kolkata
- 700019
29ABCDE1234F1Z5 25PPAPL4567Q4ZG
Payment Detail:
HSN DESCRIPTION UNIT QTY PRICE AMOUNT
3479 ITC B Natural Guava Juice 200 ml 5 % 80.00 % 400.00
2191 ‘ingo! Yumitos Roasted Red Peppe 200g 9 = 470.00 = 4,230.00
SUBTOTAL = 4,630.00
DISCOUNT(20%) = 1,342.70
GST(18%) % 833.40
TOTAL = 4,120.70
PAYMENT METHOD: [cash,card,online,check or etc]
Check/Transaction No [if applicable]
"
62-ITC Limited.pdf,"Reciept No: 62 Date: 31-07-2024
Company's Info: Customer's Info:
ITC Limited Dey & Roy Provision Store
37 J.L.Nehru Road, 315, Acharya
Kolkata 700 071 Jagadish Chandra
Bose Road, Kolkata -
29ABCDE1234F1Z5 68JJAPL2345K8ZA
Payment Detail:
HSN DESCRIPTION UNIT QTY PRICE AMOUNT
3067 Bingo! Mad Angles 500 g 4 = 105.00 = 420.00
1778 ‘ingo! Mad Angles Masala Madnes 75g 7 = 90.00 = 630.00
SUBTOTAL % 1,050.00
DISCOUNT(20%) = 304.50
GST(18%) = 189.00
TOTAL % 934.50
PAYMENT METHOD: [cash,card,online,check or etc]
Check/Transaction No [if applicable]
"
SinghReceipt_2024-07-24_18-40-27_12.pdf,"Receipt Voucher
Name: Singh Electronics
Address: 890 Gandhi Nagar, Bangalore, Karnataka, 560007
GSTIN: O9AAACNO189C1ZH
S.No: 8806
Date of Issue:22-07-2023
Details of Receiver (Billed to) Details of Receiver (Shipped to)
Name: Bosch Global Software Technologies Name: Bosch Global Software Technologies
Address: Bosch Software Office, Adugodi, Bengaluru, Karnataka, 560030 Address: — Bosch Software Office, Adugodi, Bengaluru, Karnataka, 560030
State: Karnataka State: Karnataka
State code: 30 State code: 30
GSTIN/ UIN (if registered):24WWTRM6987G1Z8 GSTIN/ UIN (if registered):24WWTRM6987G1Z8
| SNo Description of goods/service HSN/SAC Amount of Advance CGST SGsT IGsT
LG LP1419IVSM Portable Air 2746 7119.00 640.71 640.71 | 0% | 000 |
Total Value (in Rs.) 8400.42
Advance Amount received subject to reverse charge Yes No

Signature of Supplier
"
72-BIG BAZAAR PVT LTD.pdf,"BIG BAZAAR PVT LTD
1st Floor, Ahmedabad One Mall, Vastrapur,
Ahmedabad, Gujarat 380015
341KKLAE12K4A1E5
CLIENT INFO
Sunita Provision Store
72. 606, Ambawadi, Ahmedabad,
380006
+91 98765 67890
Date: 31-07-2024 RECIEPT NO: 72
| HSN | DESCRIPTION UNIT PRICE TOTAL
6796 Oral-B Toothbrush 200 g = 200.00 = 400.00
1253 Britannia NutriChoice 200 ml = 200.00 = 400.00
SUB TOTAL = 800.00
DISCOUNT(15%) = 120.00
GST(18%) = 144.00
TOTAL = 824.00
"
46-ITC Limited.pdf,"Reciept No: 46 Date: 31-07-2024
Company's Info: Customer's Info:
ITC Limited Das & Roy General Store
37 J.L.Nehru Road,
Kolkata 700 071 152, Gariahat Road,
Kolkata - 700029
29ABCDE1234F1Z5 52TTAPL6789U1ZK
Payment Detail:
HSN DESCRIPTION UNIT QTY PRICE AMOUNT
2861 ITC B Natural Fruit Beverages 1kg 8 = 75.00 = 600.00
1571 Sunfeast Nutty Delights Biscuits 1 liter 8 = 75.00 = 600.00
SUBTOTAL % 1,200.00
DISCOUNT(20%) = 348.00
GST(18%) = 216.00
TOTAL = 1,068.00
PAYMENT METHOD: [cash,card,online,check or etc]
Check/Transaction No [if applicable]
"
44-ITC Limited.pdf,"Reciept No: 44 Date: 31-07-2024
Company's Info: Customer's Info:
ITC Limited Bose Provision Store
37 J.L.Nehru Road, 134, Acharya
Kolkata 700 071 Jagadish Chandra
Bose Road, Kolkata -
29ABCDE1234F1Z5 S5ORRAPL4567S8ZI
Payment Detail:
HSN DESCRIPTION UNIT QTY PRICE AMOUNT
2835 [CKitchen's of India Cooking Paste 100g 4 = 55.00 = 220.00
1545 Engage Pocket Deos 500 g 3 = 55.00 = 165.00
SUBTOTAL = 385.00
DISCOUNT(20%) = 111.65
GST(18%) % 69.30
TOTAL = 342.65
PAYMENT METHOD: [cash,card,online,check or etc]
Check/Transaction No [if applicable]
"
33-D-MART PVT LTD.pdf,"D-MART PVT LTD NI 07-23-24
35/2867, B & B2, Bypass Road, Opp. Oberon Mall,
Edappally, Kochi, Kerala 682024 CUSTOMER NO. 1144
CLIENT
41HHLWE12K4A1Q6
SALESPERSON Anukul Roy Madhavi Nair
CREDIT CARD NO. 4539 1488 0343 6467
River View, 56/89, Wayanad, Kerala 673121
aby DESCRIPTION OTE QTY UNIT PRICE TOTAL
3459 Garnier Hair Color Z 400.00 Z 1,600.00
7905 Maggi Ketchup 1kg z 120.00 Z 120.00
Remarks / Instructions: SUBTOTAL = 1,720.00
DISCOUNT (10%) = 172.00
GST (18%) = 278.64
Please make check payable to Your Company Name. TOTAL 81,613.36
THANK YOU
casH [_ | CREDITCARD [_] MONEYORDER [_]
For questions concerning this receipt please contact Name, (321) 456-7890, Email Address
eae SALES RECEIPT
Madhavi Nair
DATE 07-23-24
River View, 56/89, Wayanad, Kerala 673121
+91 87654 54321 AMOUNT PAID = 1,613.36
D-MART PVT LTD 35/2867, B & B2, Bypass Road, Opp. Oberon Mall, 41HHLWE12K4A1Q6
Edappally, Kochi, Kerala 682024
"
14-D-MART PVT LTD.pdf,"D-MART PVT LTD DATE 07-23-24
35/2867, B & B2, Bypass Road, Opp. Oberon Mall,
Edappally, Kochi, Kerala 682024 CUSTOMER NO. 1144
CLIENT
41HHLWE12K4A1Q6
SALESPERSON Anukul Roy Deepak Raj
CREDIT CARD NO. 4539 1488 0343 6467
Sneha Bhavan, 34/67, Thripunithura, Kochi, Kerala 682301
abe DESCRIPTION OTE QTY UNIT PRICE TOTAL
8913 Brooke Bond Red Label Tea 500g —|500g z 250.00 = 250.00
3468 Ching's Noodles 300g 300g z 80.00 z 160.00
Remarks / Instructions: SUBTOTAL = 410.00
DISCOUNT (10%) = 41.00
GST (18%) = 66.42
Please make check payable to Your Company Name. TOTAL = 384.58
THANK YOU
casH [_ | CREDITCARD [_] MONEYORDER [_]
For questions concerning this receipt please contact Name, (321) 456-7890, Email Address
eae SALES RECEIPT
Deepak Raj
DATE 07-23-24
Sneha Bhavan, 34/67, Thripunithura, Kochi, Kerala 682301
+91 95432 10987 AMOUNT PAID = 384.58
D-MART PVT LTD 35/2867, B & B2, Bypass Road, Opp. Oberon Mall, 41HHLWE12K4A1Q6
Edappally, Kochi, Kerala 682024
"
75-BIG BAZAAR PVT LTD.pdf,"BIG BAZAAR PVT LTD
1st Floor, Ahmedabad One Mall, Vastrapur,
Ahmedabad, Gujarat 380015
341KKLAE12K4A1E5
CLIENT INFO
Girish Provision Store
75. 909, Ghatlodia, Anmedabad,
380061
+91 94567 89012
Date: 31-07-2024 RECIEPT NO: 75
| HSN | DESCRIPTION UNIT PRICE TOTAL
9131 Sunlight Detergent 500g = 500.00 = 1,500.00
4586 Haldiram’s Rasgulla 200ml | 4 | = 200.00 = 800.00
SUB TOTAL % 2,300.00
DISCOUNT(15%) = 345.00
GST(18%) = 414.00
TOTAL % 2,369.00
"
5-BIG BAZAAR PVT LTD.pdf,"BIG BAZAAR PVT LTD
1st Floor, Ahmedabad One Mall, Vastrapur,
Ahmedabad, Gujarat 380015
341KKLAE12K4A1E5
CLIENT INFO
Sonal Provision Store
5. 202, Naranpura, Ahmedabad,
380013
+91 76543 21098
Date: 31-07-2024 RECIEPT NO: 5
| HSN | DESCRIPTION UNIT PRICE TOTAL
8912 % 20.00 % 60.00
3467 Bournvita Li’| Champs 200 g = 200.00 = 200.00
SUB TOTAL X 260.00
DISCOUNT(15%) X 39.00
GST(18%) % 46.80
TOTAL X 267.80
"
45-D-MART PVT LTD.pdf,"D-MART PVT LTD NI 07-23-24
35/2867, B & B2, Bypass Road, Opp. Oberon Mall,
Edappally, Kochi, Kerala 682024 CUSTOMER NO. 1144
CLIENT
41HHLWE12K4A1Q6
cel one Wo. 4539 1488 0343 6467 Pearl Villa, 12/45, Kothamangalam, Ernakulam, Kerala
aby DESCRIPTION OTE QTY UNIT PRICE TOTAL
6793 Haldiram's Sweets 500g 500g z 250.00 2 750.00
1250 Zandu Balm 50g Z 50.00 z 150.00
Remarks / Instructions: SUBTOTAL = 900.00
DISCOUNT (10%) = 90.00
GST (18%) = 145.80
Please make check payable to Your Company Name. TOTAL = 844.20
THANK YOU
casH [_ | CREDITCARD [_] MONEYORDER [_]
For questions concerning this receipt please contact Name, (321) 456-7890, Email Address
eae SALES RECEIPT
Sandeep Menon
DATE 07-23-24
Pearl Villa, 12/45, Kothamangalam, Ernakulam, Kerala 686691
+91 76543 21098 AMOUNT PAID = 844.20
D-MART PVT LTD 35/2867, B & B2, Bypass Road, Opp. Oberon Mall, 41HHLWE12K4A1Q6
Edappally, Kochi, Kerala 682024
"
95-BIG BAZAAR PVT LTD.pdf,"BIG BAZAAR PVT LTD
1st Floor, Ahmedabad One Mall, Vastrapur,
Ahmedabad, Gujarat 380015
341KKLAE12K4A1E5
CLIENT INFO
Ravi Kumar Provision Store
95. 202, Thaltej, Anmedabad,
380059
+91 89012 34567
Date: 31-07-2024 RECIEPT NO: 95
| HSN | DESCRIPTION UNIT PRICE TOTAL
8922 Cadbury Gems 200 ml = 40.00 = 120.00
3477 Surf Excel Stain Remover 500g = 500.00 = 500.00
SUB TOTAL = 620.00
DISCOUNT(15%) = 93.00
GST(18%) = 111.60
TOTAL % 638.60
"
23-D-MART PVT LTD.pdf,"D-MART PVT LTD DATE 07-23-24
35/2867, B & B2, Bypass Road, Opp. Oberon Mall,
Edappally, Kochi, Kerala 682024 CUSTOMER NO. 1144
CLIENT
41HHLWE12K4A1Q6
CREDIT CARD NO. 4539 1488 0343 6467
Jasmine Cottage, 56/12, Alappuzha, Kerala 688001
abe DESCRIPTION OTE QTY UNIT PRICE TOTAL
8914 Dove Soap 4 Pack Z 100.00 Z 300.00
3469 Bingo Chips 150g 150g z 30.00 z 30.00
Remarks / Instructions: SUBTOTAL % 330.00
DISCOUNT (10%) = 33.00
GST (18%) = 53.46
Please make check payable to Your Company Name. TOTAL 309.54
THANK YOU
casH [_ | CREDITCARD [_] MONEYORDER [_]
For questions concerning this receipt please contact Name, (321) 456-7890, Email Address
eae SALES RECEIPT
Hariharan Nair
DATE 07-23-24
Jasmine Cottage, 56/12, Alappuzha, Kerala 688001
+91 89012 34567 AMOUNT PAID = 309.54
D-MART PVT LTD 35/2867, B & B2, Bypass Road, Opp. Oberon Mall, 41HHLWE12K4A1Q6
Edappally, Kochi, Kerala 682024
"
SinghReceipt_2024-07-24_18-40-59_44.pdf,"Receipt Voucher
Name: Singh Electronics
Address: 890 Gandhi Nagar, Bangalore, Karnataka, 560007
GSTIN: O9AAACNO189C1ZH
S.No: 1162
Date of Issue:29-12-2023
Details of Receiver (Billed to) Details of Receiver (Shipped to)
Name: Texas Instruments India Pvt Ltd Name: Texas Instruments India Pvt Ltd
Address: Texas Instruments Office, Whitefield, Bengaluru, Karnataka, Address: Texas Instruments Office, Whitefield, Bengaluru, Karnataka,
State: Karnataka State: Karnataka
State code: 66 State code: 66
GSTIN/ UIN (if registered):24PGBNP8882C1Z9 GSTIN/ UIN (if registered):24PGBNP8882C1Z9
| SNo Description of goods/service HSN/SAC Amount of Advance CGST SGsT IGsT
Frigidaire FFADS033W1 2157 3459.00 311.31 31131 | 0% | 000 |
Total Value (in Rs.) 4081.62
Advance Amount received subject to reverse charge Yes No

Signature of Supplier
"
18-CROMA PVT LTD.pdf,"Receipt No.: 18
Payment date: 12-08-2024
Payment Type: UPI
From: CB To:
CROMA PVT LTD Gadget Depot
Address: Ground Floor, Skyzone, High Street Address: 25, The Hub Residences, Malad East, Mumbai
Phoenix, Senapati Bapat Marg, Lower 400097
Parel, Mumbai, Maharashtra 400013 +91 99876 54321

Phone No: _[87BBAQE12K4P106 a
DESCRIPTION UNIT PRICE Amount (in Rs)
9717 HP Omen 27 Monitor 10 2 ® 35,999.00 ® 71,998.00
4702 HP M27fw Monitor 10 3 ® 25,999.00 = 77,997.00
Sub-Total ¥ 1,49,995.00
Amount in Words: Discount(30%) = 44,998.50

GST(18%) = 26,999.10

Total Amount: X 1,31,995.60
re ee
Terms & Condition:
Seal & Signature
Thank you for Business !!! Visit us Again !!!
"
37-BIG BAZAAR PVT LTD.pdf,"BIG BAZAAR PVT LTD
1st Floor, Ahmedabad One Mall, Vastrapur,
Ahmedabad, Gujarat 380015
341KKLAE12K4A1E5
CLIENT INFO
Chetan Provision Store
37. 707, Bhat, Anmedabad,
382428
+91 76543 21098
Date: 31-07-2024 RECIEPT NO: 37
| HSN | DESCRIPTION UNIT PRICE TOTAL
1238 Parle G Biscuits 100 g = 100.00 = 100.00
5693 Maggi Masala-ae-Magic 200ml | 4 | = 200.00 = 800.00
SUB TOTAL = 900.00
DISCOUNT(15%) = 135.00
GST(18%) = 162.00
TOTAL = 927.00
"
119-CROMA PVT LTD.pdf,"Receipt No.: 119
Payment date: 12-08-2024
Payment Type: UPI
From: CB To:
CROMA PVT LTD VoltWave Electronics
Address: Ground Floor, Skyzone, High Street Address: 62, Imperial Heights, Jogeshwari East, Mumbai
Phoenix, Senapati Bapat Marg, Lower 400060
Parel, Mumbai, Maharashtra 400013 +91 12345 67890

Phone No: _[87BBAQE12K4P106 a
DESCRIPTION UNIT PRICE Amount (in Rs)
1820 Bose QuietComfort 45 10 5 = 1,09,999.00 = 5,49,995.00
5813 Bose QuietComfort Earbuds 10 2 ® 35,999.00 = 71,998.00
Sub-Total  6,21,993.00
Amount in Words: Discount(30%) = 1,86,597.90

GST(18%) %1,11,958.74

Total Amount: X 5,47,353.84
eee
Terms & Condition:
Seal & Signature
Thank you for Business !!! Visit us Again !!!
"
13-CROMA PVT LTD.pdf,"Receipt No.: 13
Payment date: 12-08-2024
Payment Type: UPI
From: CB To:
Name: [CROMA PVT LTD
Address: Ground Floor, Skyzone, High Street Address:
Phoenix, Senapati Bapat Marg, Lower 33, Royal Crest, Lower Parel, Mumbai 400013
Parel, Mumbai, Maharashtra 400013 +91 49876 54321
Phone No: _[87BBAQE12K4P106 a
DESCRIPTION UNIT PRICE Amount (in Rs)
4212 Lenovo Tab P11 10 1 % 29,999.00 = 29,999.00
8812 Lenovo Tab P11 Pro 10 3 % 37,999.00 = 1,13,997.00
Sub-Total ¥ 1,43,996.00
Amount in Words: Discount(30%) = 43,198.80
GST(18%) X 25,919.28
Total Amount: X 1,26,716.48
eee
Terms & Condition:
Seal & Signature
Thank you for Business !!! Visit us Again !!!
"
SinghReceipt_2024-07-24_18-41-21_66.pdf,"Receipt Voucher
Name: Singh Electronics
Address: 890 Gandhi Nagar, Bangalore, Karnataka, 560007
GSTIN: O9AAACNO189C1ZH
S.No: 8852
Date of Issue:20-06-2023
Details of Receiver (Billed to) Details of Receiver (Shipped to)
Name: Texas Instruments India Pvt Ltd Name: Texas Instruments India Pvt Ltd
Address: Texas Instruments Office, Whitefield, Bengaluru, Karnataka, Address: Texas Instruments Office, Whitefield, Bengaluru, Karnataka,
State: Karnataka State: Karnataka
State code: 66 State code: 66
GSTIN/ UIN (if registered):24BBFFQ7147Y1Z0 GSTIN/ UIN (if registered):24BBFFQ7147Y1Z0
CGST SGST IGST
No peseription of goods/service [_TSMSAC | AmountofAdvance [- Rate [Amount | Rate | Amount | Rate | Amount
ASUS ROG Strix B550-F Gaming 2643 30080.00 2707.2 2707.2 | 0% | 000 |
Total Value (in Rs.) 35494.40
Advance Amount received subject to reverse charge Yes No
Signature of Supplier
"
83-CROMA PVT LTD.pdf,"Receipt No.: 83
Payment date: 12-08-2024
Payment Type: UPI
From: —CSCd(éBid' To:
CROMA PVT LTD SparkWorld Hub
Address: Ground Floor, Skyzone, High Street Address: 79, Sunrise Residency, Vile Parle West, Mumbai
Phoenix, Senapati Bapat Marg, Lower 400056
Parel, Mumbai, Maharashtra 400013 +91 89012 34590

Phone No: _[87BBAQE12K4P106 a
DESCRIPTION UNIT PRICE Amount (in Rs)
3579 DJI Mini 3 Pro 10 1 = 22,999.00 = 22,999.00
3482 Nikon Z50 10 5 = 1,09,999.00 = 5,49,995.00
Sub-Total % 5,72,994.00
Amount in Words: Discount(30%) = 1,71,898.20

GST(18%) = 1,03,138.92

Total Amount: X 5,04,234.72
re ee
Terms & Condition:
Seal & Signature
Thank you for Business !!! Visit us Again !!!
"
SinghReceipt_2024-07-24_18-40-57_42.pdf,"Receipt Voucher
Name: Singh Electronics
Address: 890 Gandhi Nagar, Bangalore, Karnataka, 560007
GSTIN: O9AAACNO189C1ZH
S.No: 9246
Date of Issue:09-06-2023
Details of Receiver (Billed to) Details of Receiver (Shipped to)
Name: Tata Consultancy Services Name: Tata Consultancy Services
Address: TCS Campus, Whitefield, Bengaluru, Karnataka, 560066 Address: | TCS Campus, Whitefield, Bengaluru, Karnataka, 560066
State: Karnataka State: Karnataka
State code: 66 State code: 66
GSTIN/ UIN (if registered):24ZJAAM2363Y1Z9 GSTIN/ UIN (if registered):24ZJAAM2363Y1Z9
| SNo Description of goods/service HSN/SAC Amount of Advance CGST SGsT IGsT
SanDisk Ultra 128GB USB Flash 2884 16127.00 1451.43 1451.43 | 0% | 0.00 |
Total Value (in Rs.) 19029.86
Advance Amount received subject to reverse charge Yes No

Signature of Supplier
"
6-ITC Limited.pdf,"Reciept No: 6 Date: 31-07-2024
Company's Info: Customer's Info:
ITC Limited Banerjee General Store
37 J.L.Nehru Road, 45, Rash Behari
Kolkata 700 071 Avenue, Kolkata -
700029
29ABCDE1234F1Z5 1OFFAPL5678G6Z6
Payment Detail:
HSN DESCRIPTION UNIT QTY PRICE AMOUNT
2345 Engage Deodorants 100 ml 8 % 120.00 = 960.00
1076 Savlon Moisturising Hand Wash _ 1liter 10 = 120.00 = 1,200.00
SUBTOTAL = 2,160.00
DISCOUNT(20%) % 626.40
GST(18%) % 388.80
TOTAL = 1,922.40
PAYMENT METHOD: [cash,card,online,check or etc]
Check/Transaction No [if applicable]
"
22-ITC Limited.pdf,"Reciept No: 22 Date: 31-07-2024
Company's Info: Customer's Info:
ITC Limited Bhattacharya Super Mart
37 J.L.Nehru Road, 17, Ballygunge
Kolkata 700 071 Station Road, Kolkata
- 700019
29ABCDE1234F1Z5 28VVAPL2345W4ZM
Payment Detail:
HSN DESCRIPTION UNIT QTY PRICE AMOUNT
2551 ITC Classmate Pulse Notebooks 200ml 8 % 35.00 = 280.00
1262 = Aashirvaad Aata with Multigrains 1kg 8 = 35.00 = 280.00
SUBTOTAL = 560.00
DISCOUNT(20%) = 162.40
GST(18%) = 100.80
TOTAL = 498.40
PAYMENT METHOD: [cash,card,online,check or etc]
Check/Transaction No [if applicable]
"
76-ITC Limited.pdf,"Reciept No: 76 Date: 31-07-2024
Company's Info: Customer's Info:
ITC Limited Ghosh Super Mart
37 J.L.Nehru Road, 457, Ballygunge
Kolkata 700 071 Station Road, Kolkata
- 700019
29ABCDE1234F1Z5 82XXAPL6789Y4ZO
Payment Detail:
HSN DESCRIPTION UNIT QTY PRICE AMOUNT
3247 |TC Sunfeast Wonderz Milk Shakes 1 liter 2 % 40.00 % 80.00
1958 Aashirvaad Multigrain Poha 1kg 8 = 140.00 = 1,120.00
SUBTOTAL % 1,200.00
DISCOUNT(20%) = 348.00
GST(18%) = 216.00
TOTAL % 1,068.00
PAYMENT METHOD: [cash,card,online,check or etc]
Check/Transaction No [if applicable]
"
8-ITC Limited.pdf,"Reciept No: 8 Date: 31-07-2024
Company's Info: Customer's Info:
ITC Limited Mukherjee Super Mart
37 J.L.Nehru Road,
Kolkata 700 071 2A, Park Circus,
Kolkata - 700017
29ABCDE1234F1Z5 12HHAPL789018Z8
Payment Detail:
HSN DESCRIPTION UNIT QTY PRICE AMOUNT
2371 Superia Soaps 200g 6 % 20.00 % 120.00
1101 u4nfeast YiPPee! Magic Masala Pas 1 liter 7 = 20.00 = 140.00
SUBTOTAL = 260.00
DISCOUNT(20%) = 75.40
GST(18%) = 46.80
TOTAL % 231.40
PAYMENT METHOD: [cash,card,online,check or etc]
Check/Transaction No [if applicable]
"
42-CROMA PVT LTD.pdf,"Receipt No.: 42
Payment date: 12-08-2024
Payment Type: UPI
From: —C—C—CSCSCdiéGL TZ
Name: [CROMA PVT LTD Name: [Techland
Address: Ground Floor, Skyzone, High Street Address:
Phoenix, Senapati Bapat Marg, Lower 35, Palm Grove, Vile Parle West, Mumbai 400056
Parel, Mumbai, Maharashtra 400013 +91 56789 01245

Phone No: _[87BBAQE12K4P106 a
DESCRIPTION UNIT PRICE Amount (in Rs)
6523 Marshall Emberton 10 5 = 14,999.00 = 74,995.00
4813 Marshall Kilburn II 10 3 = 14,499.00 X 43,497.00
Sub-Total % 1,18,492.00
Amount in Words: Discount(30%) = 35,547.60

GST(18%) = 21,328.56

Total Amount: X 1,04,272.96
eee
Terms & Condition:
Seal & Signature
Thank you for Business !!! Visit us Again !!!
"
67-ITC Limited.pdf,"Reciept No: 67 Date: 31-07-2024
Company's Info: Customer's Info:
ITC Limited Roy & Sen General Store
37 J.L.Nehru Road, 362, Ballygunge
Kolkata 700 071 Circular Road,
Kolkata - 700019
29ABCDE1234F1Z5 7300APL7890P4ZF
Payment Detail:
HSN DESCRIPTION UNIT QTY PRICE AMOUNT
3131 ITC Savion Hexa Hand Sanitizer 200ml 2 = 140.00 = 280.00
1842 Fiama Gel Bar 150g 10 = 40.00 = 400.00
SUBTOTAL = 680.00
DISCOUNT(20%) = 197.20
GST(18%) = 122.40
TOTAL % 605.20
PAYMENT METHOD: [cash,card,online,check or etc]
Check/Transaction No [if applicable]
"
86-BIG BAZAAR PVT LTD.pdf,"BIG BAZAAR PVT LTD
1st Floor, Ahmedabad One Mall, Vastrapur,
Ahmedabad, Gujarat 380015
341KKLAE12K4A1E5
CLIENT INFO
Gita Provision Store
86. 202, Vejalpur, Anmedabad,
380051
+91 95432 10987
Date: 31-07-2024 RECIEPT NO: 86
| HSN | DESCRIPTION UNIT PRICE TOTAL
8921 Whisper Choice 200 g = 150.00 = 450.00
3476 Tata Tea Chakra Gold = 200.00 1,000.00
SUB TOTAL = 1,450.00
DISCOUNT(15%) = 217.50
GST(18%) = 261.00
TOTAL = 1,493.50
"
112-ITC Limited.pdf,"Reciept No: 112 Date: 31-07-2024
Company's Info: Customer's Info:
ITC Limited Ghosh Enterprises
37 J.L.Nehru Road, 67, Ballygunge
Kolkata 700 071 Circular Road,
Kolkata - 700019
29ABCDE1234F1Z5 21AABCD1234E1ZX
Payment Detail:
HSN DESCRIPTION UNIT QTY PRICE AMOUNT
1255 Noodles (Yippee!) 500 g 4 % 20.00 % 80.00
#N/A Milk Powder 50g 4 = 100.00 = 400.00
SUBTOTAL = 480.00
DISCOUNT(20%) = 139.20
GST(18%) = 86.40
TOTAL = 427.20
PAYMENT METHOD: [cash,card,online,check or etc]
Check/Transaction No [if applicable]
"
8-BIG BAZAAR PVT LTD.pdf,"BIG BAZAAR PVT LTD
1st Floor, Ahmedabad One Mall, Vastrapur,
Ahmedabad, Gujarat 380015
341KKLAE12K4A1E5
CLIENT INFO
Ravi Provision Store
8.505, Nikol, Anmedabad, 382350
+91 98765 67890
Date: 31-07-2024 RECIEPT NO: 8
| HSN | DESCRIPTION UNIT PRICE TOTAL
2345 Parachute Coconut Oil = 100.00 = 400.00
6800 Pepsodent Germicheck 200 g = 200.00 = 200.00
SUB TOTAL = 600.00
DISCOUNT(15%) = 90.00
GST(18%) = 108.00
TOTAL = 618.00
"
74-ITC Limited.pdf,"Reciept No: 74 Date: 31-07-2024
Company's Info: Customer's Info:
ITC Limited Bose & Chatterjee General Store
37 J.L.Nehru Road,
Kolkata 700 071 435, College Street,
Kolkata - 700073
29ABCDE1234F1Z5 8O0VVAPL4567W2ZM
Payment Detail:
HSN DESCRIPTION UNIT QTY PRICE AMOUNT
3221 ITC Aashirvaad Organic Atta 1kg 6 = 85.00 = 510.00
1932 Bingo! Yumitos 200 ml 8 ® 250.00 % 2,000.00
SUBTOTAL % 2,510.00
DISCOUNT(20%) = 727.90
GST(18%) = 451.80
TOTAL % 2,233.90
PAYMENT METHOD: [cash,card,online,check or etc]
Check/Transaction No [if applicable]
"
46-D-MART PVT LTD.pdf,"D-MART PVT LTD DATE 07-23-24
35/2867, B & B2, Bypass Road, Opp. Oberon Mall,
Edappally, Kochi, Kerala 682024 CUSTOMER NO. 1144
CLIENT
41HHLWE12K4A1Q6
SALESPERSON Anukul Roy Saritha Raj
CREDIT CARD NO. 4539 1488 0343 6467
Coral Villa, 45/67, Mattancherry, Kochi, Kerala 682002
abe DESCRIPTION OTE QTY UNIT PRICE TOTAL
1239 MTR Ready to Eat 300g 300g z 150.00 z 150.00
5694 Moov Pain Relief 50g Z 50.00 % 250.00
Remarks / Instructions: SUBTOTAL = 400.00
DISCOUNT (10%) = 40.00
GST (18%) = 64.80
Please make check payable to Your Company Name. TOTAL = 375.20
THANK YOU
casH [_ | CREDITCARD [_] MONEYORDER [_]
For questions concerning this receipt please contact Name, (321) 456-7890, Email Address
eae SALES RECEIPT
Saritha Raj
DATE 07-23-24
Coral Villa, 45/67, Mattancherry, Kochi, Kerala 682002
+91 95432 10987 AMOUNT PAID = 375.20
D-MART PVT LTD 35/2867, B & B2, Bypass Road, Opp. Oberon Mall, 41HHLWE12K4A1Q6
Edappally, Kochi, Kerala 682024
"
122-CROMA PVT LTD.pdf,"Receipt No.: 122
Payment date: 12-08-2024
Payment Type: UPI
From: ——SCSCSCSC*dCéBiL TZ
Name: [ROMA PVTLTD
Address: Ground Floor, Skyzone, High Street Address:
Phoenix, Senapati Bapat Marg, Lower 58, Oceanic Tower, Versova, Mumbai 400061
Parel, Mumbai, Maharashtra 400013 +91 45678 90123

Phone No: |87BBAQE12K4P106 PTT
DESCRIPTION UNIT PRICE Amount (in Rs)
4153 Sennheiser Momentum 3 10 1 ® 21,999.00 ® 21,999.00
9146 Sennheiser HD 560S 10 2 = 27,999.00 = 55,998.00
Sub-Total = 77,997.00
Amount in Words: Discount(30%) = 23,399.10

GST(18%) % 14,039.46

Total Amount: = 68,637.36
eee
Terms & Condition:
Seal & Signature
Thank you for Business !!! Visit us Again !!!
"
SinghReceipt_2024-07-24_18-41-15_60.pdf,"Receipt Voucher
Name: Singh Electronics
Address: 890 Gandhi Nagar, Bangalore, Karnataka, 560007
GSTIN: O9AAACNO189C1ZH
S.No: 4691
Date of Issue:11-07-2023
Details of Receiver (Billed to) Details of Receiver (Shipped to)
Name: Boeing India Pvt Ltd Name: Boeing India Pvt Ltd
Address: Boeing Office, Embassy Golf Links, Bengaluru, Karnataka, 560071 Address: Boeing Office, Embassy Golf Links, Bengaluru, Karnataka, 560071
State: Karnataka State: Karnataka
State code: 71 State code: 71
GSTIN/ UIN (if registered):24HTXWF39125S1Z3 GSTIN/ UIN (if registered):24HTXWF3912S1Z3
| SNo Description of goods/service HSN/SAC Amount of Advance CGST SGsT IGsT
Canon PowerShot G7 X Mark III 3146 9334.00 840.06 840.06 | 0% | 000 |
Total Value (in Rs.) 11014.12
Advance Amount received subject to reverse charge Yes No

Signature of Supplier
"
111-ITC Limited.pdf,"Reciept No: 111 Date: 31-07-2024
Company's Info: Customer's Info:
ITC Limited Sinha General Provision Store
37 J.L.Nehru Road,
Kolkata 700 071 3, Bhowanipore,
Kolkata - 700025
29ABCDE1234F1Z5 24AAACG1234K1Z8
Payment Detail:
HSN DESCRIPTION UNIT QTY PRICE AMOUNT
6809 Mangaldeep Agarbatti 250 ml 10 2 30.00 = 300.00
#N/A Luxe Hand Soap 500 g 3 % 150.00 % 450.00
SUBTOTAL = 750.00
DISCOUNT(20%) = 217.50
GST(18%) % 135.00
TOTAL % 667.50
PAYMENT METHOD: [cash,card,online,check or etc]
Check/Transaction No [if applicable]
"
116-BIG BAZAAR PVT LTD.pdf,"BIG BAZAAR PVT LTD
17th Floor, Anmedabad One Mall, Vastrapur,
Ahmedabad, Gujarat 380015
341KKLAE12K4A1E5
CLIENT INFO
Laxman Provision Store
116. 505, Shrinathji Society,
Ahmedabad, 380050
+91 98765 12345
Date: 31-07-2024 RECIEPT NO: 116
| HSN | DESCRIPTION UNIT PRICE TOTAL
2601 Heinz Tomato Ketchup 500g = 75.00 = 375.00
5102 Puma Sports Shoes = 1,800.00 3,600.00
SUB TOTAL 3,975.00
DISCOUNT(15%) = 596.25
GST(18%) = 715.50
TOTAL = 4,094.25
"
SinghReceipt_2024-07-24_18-40-19_4.pdf,"Receipt Voucher
Name: Singh Electronics
Address: 890 Gandhi Nagar, Bangalore, Karnataka, 560007
GSTIN: O9AAACNO189C1ZH
S.No: 4513
Date of Issue:06-01-2023
Details of Receiver (Billed to) Details of Receiver (Shipped to)
Name: Toshiba Software India Pvt Ltd Name: Toshiba Software India Pvt Ltd
Address: Toshiba Office, Whitefield, Bengaluru, Karnataka, 560066 Address: — Toshiba Office, Whitefield, Bengaluru, Karnataka, 560066
State: Karnataka State: Karnataka
State code: 66 State code: 66
GSTIN/ UIN (if registered):24WLETH7181L1Z6 GSTIN/ UIN (if registered):24WLETH7181L1Z6
| SNo Description of goods/service HSN/SAC Amount of Advance CGST SGsT IGsT
DJI Mavic Air 2 Drone 2102 30926.00 2783.34 2783.34 | 0% | 000 |
Total Value (in Rs.) 36492.68
Advance Amount received subject to reverse charge Yes No

Signature of Supplier
"
16-D-MART PVT LTD.pdf,"D-MART PVT LTD NI 07-23-24
35/2867, B & B2, Bypass Road, Opp. Oberon Mall,
Edappally, Kochi, Kerala 682024 CUSTOMER NO. 1144
CLIENT
41HHLWE12K4A1Q6
SALESPERSON Anukul Roy Devi Pillai
cel one Wo. 4539 1488 0343 6467 Blue Heaven, 45/56, Ulloor, Thiruvananthapuram, Kerala
aby DESCRIPTION OTE QTY UNIT PRICE TOTAL
7892 Cadbury Dairy Milk 100g 100g z 50.00 z 200.00
2357 Kellogg's Chocos 700g 700g z 300.00 Z 300.00
Remarks / Instructions: SUBTOTAL = 500.00
DISCOUNT (10%) = 50.00
GST (18%) = 81.00
Please make check payable to Your Company Name. TOTAL = 469.00
THANK YOU
casH [_ | CREDITCARD [_] MONEYORDER [_]
For questions concerning this receipt please contact Name, (321) 456-7890, Email Address
deal SALES RECEIPT
Devi Pillai
Blue Heaven, 45/56, Ulloor, Thiruvananthapuram, Kerala NS 07-23-24
+91 98765 67890 AMOUNT PAID = 469.00
D-MART PVT LTD 35/2867, B & B2, Bypass Road, Opp. Oberon Mall, 41HHLWE12K4A1Q6
Edappally, Kochi, Kerala 682024
"
90-BIG BAZAAR PVT LTD.pdf,"BIG BAZAAR PVT LTD
1st Floor, Ahmedabad One Mall, Vastrapur,
Ahmedabad, Gujarat 380015
341KKLAE12K4A1E5
CLIENT INFO
Kumud Provision Store
90. 606, Sola, Anmedabad,
380060
+91 76543 21098
Date: 31-07-2024 RECIEPT NO: 90
| HSN | DESCRIPTION UNIT PRICE TOTAL
6798 Nescafé Classic 200 g = 150.00 = 450.00
1255 Dove Purely Pampering 200 ml = 200.00 = 1,000.00
SUB TOTAL = 1,450.00
DISCOUNT(15%) % 217.50
GST(18%) % 261.00
TOTAL = 1,493.50
"
SinghReceipt_2024-07-24_18-40-46_31.pdf,"Receipt Voucher
Name: Singh Electronics
Address: 890 Gandhi Nagar, Bangalore, Karnataka, 560007
GSTIN: O9AAACNO189C1ZH
S.No: 3657
Date of Issue:26-10-2023
Details of Receiver (Billed to) Details of Receiver (Shipped to)
Name: Alcatel-Lucent India Ltd Name: Alcatel-Lucent India Ltd
Address: Alcatel-Lucent Office, Outer Ring Road, Bengaluru, Karnataka, Address: Alcatel-Lucent Office, Outer Ring Road, Bengaluru, Karnataka,
State: Karnataka State: Karnataka
State code: 03 State code: 03
GSTIN/ UIN (if registered):24JYCKG3462C1Z5 GSTIN/ UIN (if registered):24JYCKG3462C1Z5
| SNo Description of goods/service HSN/SAC Amount of Advance CGST SGsT IGsT
Netgear Nighthawk AX12 WiFi 6 2110 3555.00 319.95 31995 | 0% | 000 |
Total Value (in Rs.) 4194.90
Advance Amount received subject to reverse charge Yes No

Signature of Supplier
"
87-BIG BAZAAR PVT LTD.pdf,"BIG BAZAAR PVT LTD
1st Floor, Ahmedabad One Mall, Vastrapur,
Ahmedabad, Gujarat 380015
341KKLAE12K4A1E5
CLIENT INFO
Subhash Provision Store
87. 303, Thaltej, Anmedabad,
380059
+91 89012 34567
Date: 31-07-2024 RECIEPT NO: 87
| HSN | DESCRIPTION UNIT PRICE TOTAL
3465 Lux Body Wash = 200.00 = 400.00
7911 Huggies Dry Pants 150g = 150.00 = 750.00
SUB TOTAL = 1,150.00
DISCOUNT(15%) = 172.50
GST(18%) = 207.00
TOTAL = 1,184.50
"
57-BIG BAZAAR PVT LTD.pdf,"BIG BAZAAR PVT LTD
1st Floor, Ahmedabad One Mall, Vastrapur,
Ahmedabad, Gujarat 380015
341KKLAE12K4A1E5
CLIENT INFO
Aarti Provision Store
57. 909, Sardar Patel Stadium,
Ahmedabad, 380014
+91 87654 54321
Date: 31-07-2024 RECIEPT NO: 57
| HSN | DESCRIPTION UNIT PRICE TOTAL
9129 Garnier Face Wash = 200.00 = 800.00
4584 | GodrejNo.lLime&AloeVera | 200g | 4 | = 200.00 = 800.00
SUB TOTAL = 1,600.00
DISCOUNT(15%) = 240.00
GST(18%) = 288.00
TOTAL 1,648.00
"
SinghReceipt_2024-07-24_18-41-23_68.pdf,"Receipt Voucher
Name: Singh Electronics
Address: 890 Gandhi Nagar, Bangalore, Karnataka, 560007
GSTIN: O9AAACNO189C1ZH
S.No: 2092
Date of Issue:31-05-2023
Details of Receiver (Billed to) Details of Receiver (Shipped to)
Name: Hewlett Packard Enterprise Name: Hewlett Packard Enterprise
Address: HP Campus, Electronic City, Bengaluru, Karnataka, 560100 Address: | HP Campus, Electronic City, Bengaluru, Karnataka, 560100
State: Karnataka State: Karnataka
State code: OO State code: 00
GSTIN/ UIN (if registered):24NYFFQ4913Z1Z1 GSTIN/ UIN (if registered):24NYFFQ4913Z12Z1
| SNo Description of goods/service HSN/SAC Amount of Advance CGST SGsT IGsT
Cuisinart CPK-17 Electric Kettle 3098 31570.00 2841.3 2841.3 | 0% | 000 |
Total Value (in Rs.) 37252.60
Advance Amount received subject to reverse charge Yes No

Signature of Supplier
"
16-ITC Limited.pdf,"Reciept No: 16 Date: 31-07-2024
Company's Info: Customer's Info:
ITC Limited Dasgupta Brothers General Store
37 J.L.Nehru Road,
Kolkata 700 071 5, Elgin Road, Kolkata
- 700020
29ABCDE1234F1Z5 20PPAPL5678Q7ZG
Payment Detail:
HSN DESCRIPTION UNIT QTY PRICE AMOUNT
2474 ITC Master Chef Frozen Snacks 100 g 3 = 90.00 = 270.00
1195 Vivel Cell Renew Hand Cream 150 ml 2 = 90.00 = 180.00
SUBTOTAL = 450.00
DISCOUNT(20%) % 130.50
GST(18%) % 81.00
TOTAL = 400.50
PAYMENT METHOD: [cash,card,online,check or etc]
Check/Transaction No [if applicable]
"
113-BIG BAZAAR PVT LTD.pdf,"BIG BAZAAR PVT LTD
14th Floor, Anmedabad One Mall, Vastrapur,
Ahmedabad, Gujarat 380015
341KKLAE12K4A1E5
CLIENT INFO
Gaurav Kumar Provision Store
113. 202, Rakhial, Anmedabad,
380023
+91 98210 65432
Date: 31-07-2024 RECIEPT NO: 113
| HSN | DESCRIPTION UNIT PRICE TOTAL
2309 Tata Sampann Toor Dal = 120.00 = 240.00
4802 Vicks VapoRub = 75.00 % 375.00
SUB TOTAL = 615.00
DISCOUNT(15%) % 92.25
GST(18%) % 110.70
TOTAL % 633.45
"
79-CROMA PVT LTD.pdf,"Receipt No.: 79
Payment date: 12-08-2024
Payment Type: UPI
From: —C—C—CSCSCdiéGL TZ
CROMA PVT LTD GadgetLand
Address: Ground Floor, Skyzone, High Street Address:
Phoenix, Senapati Bapat Marg, Lower 89, Horizon View, Lower Parel, Mumbai 400013
Parel, Mumbai, Maharashtra 400013 +91 45678 90156

Phone No: _[87BBAQE12K4P106 a
DESCRIPTION UNIT PRICE Amount (in Rs)
8701 Google Pixel Watch 10 5 = 22,999.00 = 1,14,995.00
8037 Fitbit Inspire 3 10 1 = 24,999.00 = 24,999.00
Sub-Total ¥ 1,39,994.00
Amount in Words: Discount(30%) = 41,998.20

GST(18%) X 25,198.92

Total Amount: X 1,23,194.72
eee
Terms & Condition:
Seal & Signature
Thank you for Business !!! Visit us Again !!!
"
76-CROMA PVT LTD.pdf,"Receipt No.: 76
Payment date: 12-08-2024
Payment Type: UPI
From: ——SCSCSCSC*dCéBiL TZ
Name: [oROMA PVT-LTD Name: [DigiSpot
Address: Ground Floor, Skyzone, High Street Address:
Phoenix, Senapati Bapat Marg, Lower 78, Radiant Tower, Bhandup East, Mumbai 400078
Parel, Mumbai, Maharashtra 400013 +91 12345 67893
Phone No: |87BBAQEI2KaP106 a
DESCRIPTION UNIT PRICE Amount (in Rs)
5478 Beats Studio Buds 10 1 = 13,999.00 % 13,999.00
4703 Samsung Galaxy Z Flip 4 10 3 ® 1,34,999.00 X 4,04,997.00
Sub-Total ® 4,18,996.00
Amount in Words: Discount(30%) = 1,25,698.80
GST(18%) % 75,419.28
Total Amount: X 3,68,716.48
eee
Terms & Condition:
Seal & Signature
Thank you for Business !!! Visit us Again !!!
"
17-ITC Limited.pdf,"Reciept No: 17 Date: 31-07-2024
Company's Info: Customer's Info:
ITC Limited Bose & Co. Supermarket
37 J.L.Nehru Road,
Kolkata 700 071 11, Rabindra Sarani,
Kolkata - 700001
29ABCDE1234F1Z5 21QQAPL6789R8ZH
Payment Detail:
HSN DESCRIPTION UNIT QTY PRICE AMOUNT
2487 ITC Royal Bengal Tea 500 ml 10 = 60.00 = 600.00
1207 ITC Farmland Mixed Vegetables 125g 5 = 60.00 = 300.00
SUBTOTAL = 900.00
DISCOUNT(20%) = 261.00
GST(18%) = 162.00
TOTAL % 801.00
PAYMENT METHOD: [cash,card,online,check or etc]
Check/Transaction No [if applicable]
"
37-CROMA PVT LTD.pdf,"Receipt No.: 37
Payment date: 12-08-2024
Payment Type: UPI
From: —C—C—CSCSCdiéGL TZ
CROMA PVT LTD
Address: Ground Floor, Skyzone, High Street Address:
Phoenix, Senapati Bapat Marg, Lower 66, Tranquil Garden, Malad West, Mumbai 400064
Parel, Mumbai, Maharashtra 400013 +91 91234 56789

Phone No: _[87BBAQE12K4P106 a
DESCRIPTION UNIT PRICE Amount (in Rs)
1078 Fujifilm X-T4 10 5  3,79,999.00 = 18,99,995.00
8813 Fujifilm X-T3 10 2 = 2,49,999.00 = 4,99,998.00
Sub-Total X 23,99,993.00
Amount in Words: Discount(30%) = 7,19,997.90

GST(18%) X 431,998.74

Total Amount: X 21,11,993.84
eee
Terms & Condition:
Seal & Signature
Thank you for Business !!! Visit us Again !!!
"
56-CROMA PVT LTD.pdf,"Receipt No.: 56
Payment date: 12-08-2024
Payment Type: UPI
From: CB To:
Name: [ROMA PVTLTD Name: [bigivor
Address: Ground Floor, Skyzone, High Street Address: 73, Harmony Residences, Lower Parel, Mumbai
Phoenix, Senapati Bapat Marg, Lower 400013
Parel, Mumbai, Maharashtra 400013 +91 91234 56780

Phone No: |87BBAQE12K4P106 PTT
DESCRIPTION UNIT PRICE Amount (in Rs)
2234 Lenovo ThinkPad X1 Carbon 10 5 % 1,09,999.00 % 5,49,995.00
1258 HP EliteBook 840 10 2 = 1,29,999.00 = 2,59,998.00
Sub-Total ¥ 8,09,993.00
Amount in Words: Discount(30%) = 2,42,997.90

GST(18%) % 1,45,798.74

Total Amount: = 7,12,793.84
eee
Terms & Condition:
Seal & Signature
Thank you for Business !!! Visit us Again !!!
"
33-CROMA PVT LTD.pdf,"Receipt No.: 33
Payment date: 12-08-2024
Payment Type: UPI
From: —C—C—CSCSCdiéGL TZ
Name: [CROMA PVT LTD
Address: Ground Floor, Skyzone, High Street Address:

Phoenix, Senapati Bapat Marg, Lower 85, Regal Residence, Vile Parle East, Mumbai 400057

Parel, Mumbai, Maharashtra 400013 +91 51234 56789
Phone No: _[87BBAQE12K4P106 a
DESCRIPTION UNIT PRICE Amount (in Rs)
6264 Fitbit Charge 5 10 5 = 52,999.00 = 2,64,995.00
4369 Fitbit Sense 10 2 = 29,999.00 = 59,998.00
Sub-Total ¥ 3,24,993.00
Amount in Words: Discount(30%) = 97,497.90

GST(18%) % 58,498.74
Total Amount: X 2,85,993.84
eee
Terms & Condition:
Seal & Signature
Thank you for Business !!! Visit us Again !!!
"
77-CROMA PVT LTD.pdf,"Receipt No.: 77
Payment date: 12-08-2024
Payment Type: UPI
From: CB To:
Name: [CROMA PVT LTD
Address: Ground Floor, Skyzone, High Street Address:
Phoenix, Senapati Bapat Marg, Lower 43, Summit Villas, Malad East, Mumbai 400097
Parel, Mumbai, Maharashtra 400013 +91 23456 78934

Phone No: _[87BBAQE12K4P106 a
DESCRIPTION UNIT PRICE Amount (in Rs)
6589 Sony LinkBuds S 10 5 = 14,499.00 = 72,495.00
5815 Google Pixel Watch (Charcoal) 10 3 = 21,999.00 = 65,997.00
Sub-Total ¥ 1,38,492.00
Amount in Words: Discount(30%) = 41,547.60

GST(18%) = 24,928.56

Total Amount: X 1,21,872.96
eee
Terms & Condition:
Seal & Signature
Thank you for Business !!! Visit us Again !!!
"
11-D-MART PVT LTD.pdf,"D-MART PVT LTD NI 07-23-24
35/2867, B & B2, Bypass Road, Opp. Oberon Mall,
Edappally, Kochi, Kerala 682024 CUSTOMER NO. 1144
CLIENT
41HHLWE12K4A1Q6
SALESPERSON Anukul Roy Chitra Pillai
CREDIT CARD NO. 4539 1488 0343 6467
Indraprastha, 45/12, Vyttila, Kochi, Kerala 682019
aby DESCRIPTION OTE QTY UNIT PRICE TOTAL
5679 Maggi Noodles 12 Pack 12 Pack Z 150.00 Z 600.00
9135 Dabur Honey 500g 500g Z 200.00 Z 1,000.00
Remarks / Instructions: SUBTOTAL = 1,600.00
DISCOUNT (10%) = 160.00
GST (18%) = 259.20
Please make check payable to Your Company Name. TOTAL = 1,500.80
THANK YOU
casH [_ | CREDITCARD [_] MONEYORDER [_]
For questions concerning this receipt please contact Name, (321) 456-7890, Email Address
eae SALES RECEIPT
Chitra Pillai
DATE 07-23-24
Indraprastha, 45/12, Vyttila, Kochi, Kerala 682019
+91 94567 89012 AMOUNT PAID = 1,500.80
D-MART PVT LTD 35/2867, B & B2, Bypass Road, Opp. Oberon Mall, 41HHLWE12K4A1Q6
Edappally, Kochi, Kerala 682024
"
104-CROMA PVT LTD.pdf,"Receipt No.: 104
Payment date: 12-08-2024
Payment Type: UPI
From: ——SCSCSCSC*dCéBiL TZ
Name: [CROMA PVT LTD
Address: Ground Floor, Skyzone, High Street Address:
Phoenix, Senapati Bapat Marg, Lower 23/4, Sunrise Tower, Chembur, Mumbai 400071
Parel, Mumbai, Maharashtra 400013 +91 65432 10987

Phone No: _[87BBAQE12K4P106 a
DESCRIPTION UNIT PRICE Amount (in Rs)
4205 Xiaomi Redmi Note 12 Pro 10 1 ® 18,999.00 ® 18,999.00
7813 Xiaomi Mi 12 10 4 X= 24,999.00 ® 99,996.00
Sub-Total ¥ 1,18,995.00
Amount in Words: Discount(30%) = 35,698.50

GST(18%) % 21,419.10

Total Amount: = 1,04,715.60
eee
Terms & Condition:
Seal & Signature
Thank you for Business !!! Visit us Again !!!
"
14-CROMA PVT LTD.pdf,"Receipt No.: 14
Payment date: 12-08-2024
Payment Type: UPI
From: CB To:
CROMA PVT LTD Volt Electronics
Address: Ground Floor, Skyzone, High Street Address:
Phoenix, Senapati Bapat Marg, Lower 77, Phoenix Meadows, Kurla West, Mumbai 400070
Parel, Mumbai, Maharashtra 400013 +91 59876 54321
Phone No: _[87BBAQE12K4P106 a
DESCRIPTION UNIT PRICE Amount (in Rs)
5313 Microsoft Surface Pro 9 10 1 = 84,999.00 % 84,999.00
9923} Microsoft Surface Laptop Studio 10 3 = 1,09,999.00 = 3,29,997.00
Sub-Total ¥ 4,14,996.00
Amount in Words: Discount(30%) = 124,498.80
GST(18%) = 74,699.28
Total Amount: X 3,65,196.48
eee
Terms & Condition:
Seal & Signature
Thank you for Business !!! Visit us Again !!!
"
122-ITC Limited.pdf,"Reciept No: 122 Date: 31-07-2024
Company's Info: Customer's Info:
ITC Limited Bhattacharya Super Mart
37 J.L.Nehru Road, 17, Ballygunge
Kolkata 700 071 Station Road, Kolkata
- 700019
29ABCDE1234F1Z5 26AABCR1234N1Z2
Payment Detail:
HSN DESCRIPTION UNIT QTY PRICE AMOUNT
5700 Xtra Crispy Chips 1 kg 7 = 90.00 % 630.00
#N/A Whole Wheat Flour 1kg 10 = 60.00 = 600.00
SUBTOTAL % 1,230.00
DISCOUNT(20%) = 356.70
GST(18%) = 221.40
TOTAL = 1,094.70
PAYMENT METHOD: [cash,card,online,check or etc]
Check/Transaction No [if applicable]
"
SinghReceipt_2024-07-24_18-40-53_38.pdf,"Receipt Voucher
Name: Singh Electronics
Address: 890 Gandhi Nagar, Bangalore, Karnataka, 560007
GSTIN: O9AAACNO189C1ZH
S.No: 8589
Date of Issue:21-11-2023
Details of Receiver (Billed to) Details of Receiver (Shipped to)
Name: ABB India Ltd Name: ABB India Ltd
Address: ABB Campus, Peenya, Bengaluru, Karnataka, 560058 Address: ABB Campus, Peenya, Bengaluru, Karnataka, 560058
State: Karnataka State: Karnataka
State code: 58 State code: 58
GSTIN/ UIN (if registered):24DQFEM2405G1Z8 GSTIN/ UIN (if registered):24DQFEM2405G1Z8
| SNo Description of goods/service HSN/SAC Amount of Advance CGST SGsT IGsT
Bose Lifestyle 650 Home Theater 2940 8101.00 729.09 729.09 | 0% | 000 |
Total Value (in Rs.) 9559.18
Advance Amount received subject to reverse charge Yes No

Signature of Supplier
"
49-CROMA PVT LTD.pdf,"Receipt No.: 49
Payment date: 12-08-2024
Payment Type: UPI
From: CB To:
CROMA PVT LTD CircuitShop
Address: Ground Floor, Skyzone, High Street Address: 28, Emerald Garden, Bhandup West, Mumbai
Phoenix, Senapati Bapat Marg, Lower 400078
Parel, Mumbai, Maharashtra 400013 +91 21234 56780
Phone No: _[87BBAQE12K4P106 a
DESCRIPTION UNIT PRICE Amount (in Rs)
4320 Lenovo Legion 5 Pro 10 4 ® 1,19,999.00 ® 4,79,996.00
2580 Samsung Galaxy A34 10 1 = 28,999.00 ® 28,999.00
Sub-Total ¥ 5,08,995.00
Amount in Words: Discount(30%) = 1,52,698.50
GST(18%) = 91,619.10
Total Amount: = 4,47,915.60
eee
Terms & Condition:
Seal & Signature
Thank you for Business !!! Visit us Again !!!
"
85-BIG BAZAAR PVT LTD.pdf,"BIG BAZAAR PVT LTD
1st Floor, Ahmedabad One Mall, Vastrapur,
Ahmedabad, Gujarat 380015
341KKLAE12K4A1E5
CLIENT INFO
Vijay Kumar Provision Store
85. 101, Naranpura, Ahmedabad,
380013
+91 76543 21098
Date: 31-07-2024 RECIEPT NO: 85
| HSN | DESCRIPTION UNIT PRICE TOTAL
4576 Nestlé Cerelac 150 ml = 150.00 = 450.00
8932 Parle Hide & Seek 200 g = 200.00 = 600.00
SUB TOTAL = 1,050.00
DISCOUNT(15%) = 157.50
GST(18%) = 189.00
TOTAL 1,081.50
"
5-ITC Limited.pdf,"Reciept No: 5 Date: 31-07-2024
Company's Info: Customer's Info:
ITC Limited Chatterjee Grocery Mart
37 J.L.Nehru Road, 8/1, Ballygunge
Kolkata 700 071 Circular Road,
Kolkata - 700019
29ABCDE1234F1Z5 O8EEAPL4567F5Z5
Payment Detail:
HSN DESCRIPTION UNIT QTY PRICE AMOUNT
2332 Savlon Antiseptic Liquid 200 g 10 = 70.00 = 700.00
1063 st Wonderz Nutrichoice Digestive! 1kg 6 = 70.00 = 420.00
SUBTOTAL % 1,120.00
DISCOUNT(20%) % 324.80
GST(18%) = 201.60
TOTAL % 996.80
PAYMENT METHOD: [cash,card,online,check or etc]
Check/Transaction No [if applicable]
"
22-CROMA PVT LTD.pdf,"Receipt No.: 22
Payment date: 12-08-2024
Payment Type: UPI
From: ——SCSCSCSC*dCéBiL TZ
Name: [ROMA PVTLTD
Address: Ground Floor, Skyzone, High Street Address:

Phoenix, Senapati Bapat Marg, Lower 58, Oceanic Tower, Versova, Mumbai 400061

Parel, Mumbai, Maharashtra 400013 +91 45678 90123
Phone No: |87BBAQE12K4P106 PTT
DESCRIPTION UNIT PRICE Amount (in Rs)
4153 Sennheiser Momentum 3 10 3 ® 21,999.00 ® 65,997.00
9146 Sennheiser HD 560S 10 4 = 27,999.00 = 1,11,996.00
Sub-Total ® 1,77,993.00
Amount in Words: Discount(30%) = 53,397.90

GST(18%) X 32,038.74
Total Amount: = 1,56,633.84
eee
Terms & Condition:
Seal & Signature
Thank you for Business !!! Visit us Again !!!
"
114-CROMA PVT LTD.pdf,"Receipt No.: 114
Payment date: 12-08-2024
Payment Type: UPI
From: —C—C—CSCSCdiéGL TZ
CROMA PVT LTD Volt Electronics
Address: Ground Floor, Skyzone, High Street Address:
Phoenix, Senapati Bapat Marg, Lower 77, Phoenix Meadows, Kurla West, Mumbai 400070
Parel, Mumbai, Maharashtra 400013 +91 59876 54321
Phone No: _[87BBAQE12K4P106 a
DESCRIPTION UNIT PRICE Amount (in Rs)
5313 Microsoft Surface Pro 9 10 2 % 84,999.00 = 1,69,998.00
9923} Microsoft Surface Laptop Studio 10 2 % 1,09,999.00 X 2,19,998.00
Sub-Total ¥ 3,89,996.00
Amount in Words: Discount(30%) = 1,16,998.80
GST(18%) = 70,199.28
Total Amount: X 3,43,196.48
eee
Terms & Condition:
Seal & Signature
Thank you for Business !!! Visit us Again !!!
"
10-ITC Limited.pdf,"Reciept No: 10 Date: 31-07-2024
Company's Info: Customer's Info:
ITC Limited Chakraborty Brothers General Store
37 J.L.Nehru Road, 7/1, Kankurgachi
Kolkata 700 071 Main Road, Kolkata -
700054
29ABCDE1234F1Z5 14JJAPL9012K1ZA
Payment Detail:
HSN DESCRIPTION UNIT QTY PRICE AMOUNT
2397 B Natural Juices 200 ml 2 % 80.00 = 160.00
1127 Aashirvaad Multigrains Atta 100 g 2 = 80.00 = 160.00
SUBTOTAL % 320.00
DISCOUNT(20%) % 92.80
GST(18%) = 57.60
TOTAL = 284.80
PAYMENT METHOD: [cash,card,online,check or etc]
Check/Transaction No [if applicable]
"
94-BIG BAZAAR PVT LTD.pdf,"BIG BAZAAR PVT LTD
1st Floor, Ahmedabad One Mall, Vastrapur,
Ahmedabad, Gujarat 380015
341KKLAE12K4A1E5
CLIENT INFO
Pushpa Provision Store
94. 101, New Vadaj, Ahmedabad,
380013
+91 95432 10987
Date: 31-07-2024 RECIEPT NO: 94
| HSN | DESCRIPTION UNIT PRICE TOTAL
4577 Sunfeast Dark Fantasy 200 g = 200.00 = 600.00
8933 Ponds Age Miracle 200ml | 4 | = 200.00 = 800.00
SUB TOTAL 1,400.00
DISCOUNT(15%) = 210.00
GST(18%) = 252.00
TOTAL = 1,442.00
"
SinghReceipt_2024-07-24_18-40-50_35.pdf,"Receipt Voucher
Name: Singh Electronics
Address: 890 Gandhi Nagar, Bangalore, Karnataka, 560007
GSTIN: O9AAACNO189C1ZH
S.No: 2453
Date of Issue:16-02-2023
Details of Receiver (Billed to) Details of Receiver (Shipped to)
Name: Cognizant Technology Solutions Name: Cognizant Technology Solutions
Address: Cognizant Office, Manyata Tech Park, Bengaluru, Karnataka, Address: Cognizant Office, Manyata Tech Park, Bengaluru, Karnataka,
State: Karnataka State: Karnataka
State code: 45 State code: 45
GSTIN/ UIN (if registered):24IXQXW7288L1Z1 GSTIN/ UIN (if registered):24IXQXW7288L1Z1
CGST SGST IGST
No peseription of goods/service | PSNISAC [_ AmountofAdvance [Rate | Amount | Rate | Amount | Rate | Amount
Epson Home Cinema 5050UB 2198 21556.00 1940.04 1940.04 | 0% | 000 |
Total Value (in Rs.) 25436.08
Advance Amount received subject to reverse charge Yes No
Signature of Supplier
"
SinghReceipt_2024-07-24_18-41-10_55.pdf,"Receipt Voucher
Name: Singh Electronics
Address: 890 Gandhi Nagar, Bangalore, Karnataka, 560007
GSTIN: O9AAACNO189C1ZH
S.No: 6568
Date of Issue:08-03-2023
Details of Receiver (Billed to) Details of Receiver (Shipped to)
Name: Panasonic India Pvt Ltd Name: Panasonic India Pvt Ltd
Address: Panasonic Office, Outer Ring Road, Bengaluru, Karnataka, 560103 Address: | Panasonic Office, Outer Ring Road, Bengaluru, Karnataka, 560103
State: Karnataka State: Karnataka
State code: 03 State code: 03
GSTIN/ UIN (if registered):24CAKAK242911Z6 GSTIN/ UIN (if registered):24CAKAK2429112Z6
| SNo Description of goods/service HSN/SAC Amount of Advance CGST SGsT IGsT
Philips Viva Collection Induction 2691 17511.00 1575.99 1575.99 | 0% | 000 |
Total Value (in Rs.) 20662.98
Advance Amount received subject to reverse charge Yes No

Signature of Supplier
"
50-CROMA PVT LTD.pdf,"Receipt No.: 50
Payment date: 12-08-2024
Payment Type: UPI
From: CB To:
CROMA PVT LTD Name: __|TechCity Electronics
Address: Ground Floor, Skyzone, High Street Address:
Phoenix, Senapati Bapat Marg, Lower 66, Crest Apartments, Vashi, Navi Mumbai 400703
Parel, Mumbai, Maharashtra 400013 +91 31234 56780

Phone No: _[87BBAQE12K4P106 a
DESCRIPTION UNIT PRICE Amount (in Rs)
5431 Samsung Galaxy A54 10 2 % 35,999.00 = 71,998.00
3691 Google Pixel 7a 10 3 = 42,999.00 = 1,28,997.00
Sub-Total ¥ 2,00,995.00
Amount in Words: Discount(30%) = 60,298.50

GST(18%) ® 36,179.10

Total Amount: = 1,76,875.60
eee
Terms & Condition:
Seal & Signature
Thank you for Business !!! Visit us Again !!!
"
39-CROMA PVT LTD.pdf,"Receipt No.: 39
Payment date: 12-08-2024
Payment Type: UPI
From: —CSCd(éBid' To:
CROMA PVT LTD Gadget Bazaar
Address: Ground Floor, Skyzone, High Street Address: 18, Rosewood Residences, Dahisar East, Mumbai
Phoenix, Senapati Bapat Marg, Lower 400068
Parel, Mumbai, Maharashtra 400013 +91 23456 78912
Phone No: _[87BBAQE12K4P106 a
DESCRIPTION UNIT PRICE Amount (in Rs)
3290 DJI Osmo Pocket 2 10 4 = 24,999.00 = 99,996.00
1480 DJI Air 2S 10 5 = 64,999.00 = 3,24,995.00
Sub-Total ¥ 4,24,991.00
Amount in Words: Discount(30%) X 127,497.30
GST(18%) = 76,498.38
Total Amount: X 3,73,992.08
re ee
Terms & Condition:
Seal & Signature
Thank you for Business !!! Visit us Again !!!
"
2-ITC Limited.pdf,"Reciept No: 2 Date: 31-07-2024
Company's Info: Customer's Info:
ITC Limited Gupta Brothers General Store
37 J.L.Nehru Road, 34, Chittaranjan
Kolkata 700 071 Avenue, Kolkata -
700012
29ABCDE1234F1Z5 OSBBAPL5678C2Z2
Payment Detail:
HSN DESCRIPTION UNIT QTY PRICE AMOUNT
2294 Sunfeast Yippee Noodles 200 ml 7 = 20.00 = 140.00
1034 ITC Farmland Potatoes 200 g 5 = 20.00 = 100.00
SUBTOTAL = 240.00
DISCOUNT(20%) = 69.60
GST(18%) % 43.20
TOTAL % 213.60
PAYMENT METHOD: [cash,card,online,check or etc]
Check/Transaction No [if applicable]
"
31-D-MART PVT LTD.pdf,"D-MART PVT LTD NI 07-23-24
35/2867, B & B2, Bypass Road, Opp. Oberon Mall,
Edappally, Kochi, Kerala 682024 CUSTOMER NO. 1144
CLIENT
41HHLWE12K4A1Q6
SALESPERSON Anukul Roy Lakshmi Raj
CREDIT CARD NO. 4539 1488 0343 6467
Eden Garden, 45/34, Palakkad, Kerala 678001
aby DESCRIPTION OTE QTY UNIT PRICE TOTAL
4570 Lakme Lipstick Z 300.00 Z 900.00
8926 Good Day 300g 300g Z 50.00 z 50.00
Remarks / Instructions: SUBTOTAL % 950.00
DISCOUNT (10%) = 95.00
GST (18%) = 153.90
Please make check payable to Your Company Name. TOTAL = 891.10
THANK YOU
casH [_ | CREDITCARD [_] MONEYORDER [_]
For questions concerning this receipt please contact Name, (321) 456-7890, Email Address
eae SALES RECEIPT
Lakshmi Raj
DATE 07-23-24
Eden Garden, 45/34, Palakkad, Kerala 678001
+91 89012 34567 AMOUNT PAID = 891.10
D-MART PVT LTD 35/2867, B & B2, Bypass Road, Opp. Oberon Mall, 41HHLWE12K4A1Q6
Edappally, Kochi, Kerala 682024
"
124-CROMA PVT LTD.pdf,"Receipt No.: 124
Payment date: 12-08-2024
Payment Type: UPI
From: CB To:
CROMA PVT LTD ByteCity Electronics
Address: Ground Floor, Skyzone, High Street Address:
Phoenix, Senapati Bapat Marg, Lower 16, Blissful Heights, Goregaon East, Mumbai 400063
Parel, Mumbai, Maharashtra 400013 +91 67890 12345

Phone No: _[87BBAQE12K4P106 a
DESCRIPTION UNIT PRICE Amount (in Rs)
6375 Samsung Galaxy Buds Pro 10 3 = 15,999.00 = 47,997.00
2369 Samsung Galaxy Buds2 10 3 = 15,999.00 = 47,997.00
Sub-Total ¥ 95,994.00
Amount in Words: Discount(30%) = 28,798.20

GST(18%) 17,278.92

Total Amount: X 84,474.72
re ee
Terms & Condition:
Seal & Signature
Thank you for Business !!! Visit us Again !!!
"
115-ITC Limited.pdf,"Reciept No: 115 Date: 31-07-2024
Company's Info: Customer's Info:
ITC Limited Basu Provision Store
37 J.L.Nehru Road,
Kolkata 700 071 22, EM Bypass Road,
Kolkata - 700107
29ABCDE1234F1Z5 29AAACI1234G1Z7
Payment Detail:
HSN DESCRIPTION UNIT QTY PRICE AMOUNT
4588 Queso Cheese Spread 100 g 6 % 150.00 % 900.00
#N/A Papad 300 g 7 = 70.00 = 490.00
SUBTOTAL % 1,390.00
DISCOUNT(20%) = 403.10
GST(18%) = 250.20
TOTAL = 1,237.10
PAYMENT METHOD: [cash,card,online,check or etc]
Check/Transaction No [if applicable]
"
SinghReceipt_2024-07-24_18-41-26_71.pdf,"Receipt Voucher
Name: Singh Electronics
Address: 890 Gandhi Nagar, Bangalore, Karnataka, 560007
GSTIN: O9AAACNO189C1ZH
S.No: 1074
Date of Issue:19-05-2023
Details of Receiver (Billed to) Details of Receiver (Shipped to)
Name: Rolls-Royce India Pvt Ltd Name: Rolls-Royce India Pvt Ltd
Address: Rolls-Royce Office, Whitefield, Bengaluru, Karnataka, 560066 Address: — Rolls-Royce Office, Whitefield, Bengaluru, Karnataka, 560066
State: Karnataka State: Karnataka
State code: 66 State code: 66
GSTIN/ UIN (if registered):24WKWDZ1941E1Z6 GSTIN/ UIN (if registered):24WKWDZ1941E1Z6
| SNo Description of goods/service HSN/SAC Amount of Advance CGST SGsT IGsT
LG LP1419IVSM Portable Air 2109 7215.00 649.35 64935 | 0% | 000 |
Total Value (in Rs.) 8513.70
Advance Amount received subject to reverse charge Yes No

Signature of Supplier
"
57-ITC Limited.pdf,"Reciept No: 57 Date: 31-07-2024
Company's Info: Customer's Info:
ITC Limited Choudhury Brothers General Store
37 J.L.Nehru Road,
Kolkata 700 071 260, Bagbazar Street,
Kolkata - 700003
29ABCDE1234F1Z5 63EEAPL7890F3ZV
Payment Detail:
HSN DESCRIPTION UNIT QTY PRICE AMOUNT
3002 mafique Advanced Hydrating Face 200g 4 = 130.00 = 520.00
1713. “CClassmate Small Long Notebool 1kg 8 = 35.00 = 280.00
SUBTOTAL % 800.00
DISCOUNT(20%) % 232.00
GST(18%) = 144.00
TOTAL = 712.00
PAYMENT METHOD: [cash,card,online,check or etc]
Check/Transaction No [if applicable]
"
48-D-MART PVT LTD.pdf,"D-MART PVT LTD DATE 07-23-24
35/2867, B & B2, Bypass Road, Opp. Oberon Mall,
Edappally, Kochi, Kerala 682024 CUSTOMER NO. 1144
CLIENT
41HHLWE12K4A1Q6
SALESPERSON Anukul Roy Shilpa Pillai
CREDIT CARD NO. 4539 1488 0343 6467
Serene Villa, 56/12, Angamaly, Ernakulam, Kerala 683572
abe DESCRIPTION OTE QTY UNIT PRICE TOTAL
9128 Everest Masala 100g 100g z 50.00 z 50.00
4583 Dettol Liquid 500m! 500mI Z 100.00 Z 300.00
Remarks / Instructions: SUBTOTAL % 350.00
DISCOUNT (10%) = 35.00
GST (18%) = 56.70
Please make check payable to Your Company Name. TOTAL 328.30
THANK YOU
casH [_ | CREDITCARD [_] MONEYORDER [_]
For questions concerning this receipt please contact Name, (321) 456-7890, Email Address
eae SALES RECEIPT
Shilpa Pillai
DATE 07-23-24
Serene Villa, 56/12, Angamaly, Ernakulam, Kerala 683572
+91 98765 67890 AMOUNT PAID = 328.30
D-MART PVT LTD 35/2867, B & B2, Bypass Road, Opp. Oberon Mall, 41HHLWE12K4A1Q6
Edappally, Kochi, Kerala 682024
"
55-CROMA PVT LTD.pdf,"Receipt No.: 55
Payment date: 12-08-2024
Payment Type: UPI
From: —CSCd(éBid' To:
CROMA PVT LTD SparkGears
Address: Ground Floor, Skyzone, High Street Address: 17, Ridgeview Heights, Navi Mumbai, Maharashtra
Phoenix, Senapati Bapat Marg, Lower 400705
Parel, Mumbai, Maharashtra 400013 +91 81234 56780
Phone No; |87BBAQE12K4P106 a
DESCRIPTION UNIT PRICE Amount (in Rs)
1123 Sony Xperia 1 IV 10 4 = 54,999.00 X 2,19,996.00
9147 Lenovo ThinkBook 14 10 5 = 48,999.00 ® 2,44,995.00
Sub-Total ¥ 4,64,991.00
Amount in Words: Discount(30%) = 139,497.30
GST(18%) = 83,698.38
Total Amount: = 4,09,192.08
re ee
Terms & Condition:
Seal & Signature
Thank you for Business !!! Visit us Again !!!
"
42-BIG BAZAAR PVT LTD.pdf,"BIG BAZAAR PVT LTD
1st Floor, Ahmedabad One Mall, Vastrapur,
Ahmedabad, Gujarat 380015
341KKLAE12K4A1E5
CLIENT INFO
Rupa Provision Store
42. 303, Naranpura, Ahmedabad,
380013
+91 76543 21098
Date: 31-07-2024 RECIEPT NO: 42
| HSN | DESCRIPTION UNIT PRICE TOTAL
3460 MTR Ready-to-Eat = 1,000.00 = 1,000.00
7906 Parachute Advansed Hair Oil = 100.00 = 200.00
SUB TOTAL = 1,200.00
DISCOUNT(15%) = 180.00
GST(18%) = 216.00
TOTAL % 1,236.00
"
69-ITC Limited.pdf,"Reciept No: 69 Date: 31-07-2024
Company's Info: Customer's Info:
ITC Limited Saha & Bannerjee Supermarket
37 J.L.Nehru Road, 381, EM Bypass
Kolkata 700 071 Road, Kolkata -
700107
29ABCDE1234F1Z5 75QQAPL9012R6ZH
Payment Detail:
HSN DESCRIPTION UNIT QTY PRICE AMOUNT
3157  Sunfeast Dark Fantasy Choco Fills 150g 9 = 65.00 = 585.00
1868 °Classmate Long Exercise Noteboc 200 ml 8 = 110.00 = 880.00
SUBTOTAL = 1,465.00
DISCOUNT(20%) = 424.85
GST(18%) = 263.70
TOTAL = 1,303.85
PAYMENT METHOD: [cash,card,online,check or etc]
Check/Transaction No [if applicable]
"
10-BIG BAZAAR PVT LTD.pdf,"BIG BAZAAR PVT LTD
1st Floor, Ahmedabad One Mall, Vastrapur,
Ahmedabad, Gujarat 380015
341KKLAE12K4A1E5
CLIENT INFO
Bharat Provision Store
10. 707, Kalupur, Anmedabad,
380001
+91 76543 21098
Date: 31-07-2024 RECIEPT NO: 10
| HSN | DESCRIPTION UNIT PRICE TOTAL
1235 100 g % 90.00 % 90.00
5690 Dabur Vatika Shampoo 200ml | 4 | = 100.00 = 400.00
SUB TOTAL = 490.00
DISCOUNT(15%) % 73.50
GST(18%) % 88.20
TOTAL = 504.70
"
23-BIG BAZAAR PVT LTD.pdf,"BIG BAZAAR PVT LTD
1st Floor, Ahmedabad One Mall, Vastrapur,
Ahmedabad, Gujarat 380015
341KKLAE12K4A1E5
CLIENT INFO
Meera Provision Store
23. 202, Odhav, Ahmedabad,
382415
+91 89012 34567
Date: 31-07-2024 RECIEPT NO: 23
| HSN | DESCRIPTION UNIT PRICE TOTAL
8914 500 g % 250.00 % 1,250.00
3469 Patanjali Amla Juice 500g = 500.00 = 2,500.00
SUB TOTAL 3,750.00
DISCOUNT(15%) = 562.50
GST(18%) = 675.00
TOTAL % 3,862.50
"
37-D-MART PVT LTD.pdf,"D-MART PVT LTD NI 07-23-24
35/2867, B & B2, Bypass Road, Opp. Oberon Mall,
Edappally, Kochi, Kerala 682024 CUSTOMER NO. 1144
CLIENT
41HHLWE12K4A1Q6
SALESPERSON Anukul Roy Nishad Mathew
cel one Wo. 4539 1488 0343 6467 Sea Breeze, 23/45, Varkala, Thiruvananthapuram, Kerala
aby DESCRIPTION OTE (elm 4 UNIT PRICE TOTAL
1238 Park Avenue Deo 150ml 150m Z 150.00 Z 150.00
5693 Veeba Sauces 250g 250g z 80.00 Z 320.00
Remarks / Instructions: SUBTOTAL = 470.00
DISCOUNT (10%) = 47.00
GST (18%) = 76.14
Please make check payable to Your Company Name. TOTAL = 440.86
THANK YOU
casH [_ | CREDITCARD [_] MONEYORDER [_]
For questions concerning this receipt please contact Name, (321) 456-7890, Email Address
deal SALES RECEIPT
Nishad Mathew
Sea Breeze, 23/45, Varkala, Thiruvananthapuram, Kerala NS 07-23-24
+91 76543 21098 AMOUNT PAID = 440.86
D-MART PVT LTD 35/2867, B & B2, Bypass Road, Opp. Oberon Mall, 41HHLWE12K4A1Q6
Edappally, Kochi, Kerala 682024
"
66-ITC Limited.pdf,"Reciept No: 66 Date: 31-07-2024
Company's Info: Customer's Info:
ITC Limited Gupta Supermarket
37 J.L.Nehru Road, 355, Diamond
Kolkata 700 071 Harbour Road,
Kolkata - 700023
29ABCDE1234F1Z5 72NNAPL678903ZE
Payment Detail:
HSN DESCRIPTION UNIT QTY PRICE AMOUNT
3118 ITC Vivel Luxury Creme 1 liter 6 = 75.00 = 450.00
1829 Aashirvaad Instant Meals 500 ml 10 % 120.00 % 1,200.00
SUBTOTAL % 1,650.00
DISCOUNT(20%) = 478.50
GST(18%) = 297.00
TOTAL = 1,468.50
PAYMENT METHOD: [cash,card,online,check or etc]
Check/Transaction No [if applicable]
"
59-CROMA PVT LTD.pdf,"Receipt No.: 59
Payment date: 12-08-2024
Payment Type: UPI
From: —CSCd(éBid' To:
CROMA PVT LTD GadgetRite
Address: Ground Floor, Skyzone, High Street Address:
Phoenix, Senapati Bapat Marg, Lower 44, Urban Oasis, Vile Parle West, Mumbai 400056
Parel, Mumbai, Maharashtra 400013 +91 34567 89034
Phone No: _[87BBAQE12K4P106 a
DESCRIPTION UNIT PRICE Amount (in Rs)
5567 Asus ZenBook 14 10 3 = 79,999.00 = 2,39,997.00
4582 Apple iPad Air 5th Gen 10 2 X 1,19,999.00 X 2,39,998.00
Sub-Total % 4,79,995.00
Amount in Words: Discount(30%) = 1,43,998.50
GST(18%) % 86,399.10
Total Amount: = 4,22,395.60
re ee
Terms & Condition:
Seal & Signature
Thank you for Business !!! Visit us Again !!!
"
88-CROMA PVT LTD.pdf,"Receipt No.: 88
Payment date: 12-08-2024
Payment Type: UPI
From: —CSCd(éBid' To:
Name: [CROMA PVT LTD
Address: Ground Floor, Skyzone, High Street Address: 62, Harmony Residences, Lower Parel, Mumbai
Phoenix, Senapati Bapat Marg, Lower 400013
Parel, Mumbai, Maharashtra 400013 +91 31234 56782
Phone No: _[87BBAQE12K4P106 a
DESCRIPTION UNIT PRICE Amount (in Rs)
9024 GoPro HERO10 Black 10 2 = 39,999.00 = 79,998.00
9038 Apple HomePod 10 4 = 1,09,999.00 % 4,39,996.00
Sub-Total ¥ 5,19,994.00
Amount in Words: Discount(30%) = 1,55,998.20
GST(18%) = 93,598.92
Total Amount: = 457,594.72
re ee
Terms & Condition:
Seal & Signature
Thank you for Business !!! Visit us Again !!!
"
7-ITC Limited.pdf,"Reciept No: 7 Date: 31-07-2024
Company's Info: Customer's Info:
ITC Limited Dutta Provision Shop
37 J.L.Nehru Road, 78, Diamond Harbour
Kolkata 700 071 Road, Kolkata -
700023
29ABCDE1234F1Z5 11GGAPL6789H7Z7
Payment Detail:
HSN DESCRIPTION UNIT QTY PRICE AMOUNT
2358 Vivel Soaps 200 ml 9 = 25.00 = 225.00
1089 =—_za Di Wills Inizio Femme Eau De P: 1 liter 10 % 25.00 % 250.00
SUBTOTAL = 475.00
DISCOUNT(20%) 2137.75
GST(18%) % 85.50
TOTAL % 422.75
PAYMENT METHOD: [cash,card,online,check or etc]
Check/Transaction No [if applicable]
"
SinghReceipt_2024-07-24_18-40-25_10.pdf,"Receipt Voucher
Name: Singh Electronics
Address: 890 Gandhi Nagar, Bangalore, Karnataka, 560007
GSTIN: O9AAACNO189C1ZH
S.No: 2894
Date of Issue:03-12-2023
Details of Receiver (Billed to) Details of Receiver (Shipped to)
Name: Cisco Systems India Pvt Ltd Name: Cisco Systems India Pvt Ltd
Address: Cisco Office, Cessna Business Park, Bengaluru, Karnataka, 560103 Address: Cisco Office, Cessna Business Park, Bengaluru, Karnataka, 560103
State: Karnataka State: Karnataka
State code: 03 State code: 03
GSTIN/ UIN (if registered):24GLYBU1016D1Z5 GSTIN/ UIN (if registered):24GLYBU1016D1Z5
CGST SGST IGST
No peseription of goodsiservice | PSNSAC [_AmountofAdvance [Rate | Amount | Rate | Amount | Rate | Amount
Motorola MB7621 Cable Modem 2473 22417.00 2017.53 2017.53 | 0% | 000 |
Total Value (in Rs.) 26452.06
Advance Amount received subject to reverse charge Yes No
Signature of Supplier
"
46-CROMA PVT LTD.pdf,"Receipt No.: 46
Payment date: 12-08-2024
Payment Type: UPI
From: —C—C—CSCSCdiéGL TZ
Name: [CROMA PVT LTD
Address: Ground Floor, Skyzone, High Street Address:
Phoenix, Senapati Bapat Marg, Lower 88, Hillside Enclave, Malad East, Mumbai 400097
Parel, Mumbai, Maharashtra 400013 +91 90123 45689

Phone No: _[87BBAQE12K4P106 a
DESCRIPTION UNIT PRICE Amount (in Rs)
1097 HP Envy x360 10 5 = 99,999.00 = 4,99,995.00
8257 Lenovo Yoga 7i 10 4 % 89,999.00 = 3,59,996.00
Sub-Total ¥ 8,59,991.00
Amount in Words: Discount(30%) = 2,57,997.30

GST(18%) = 1,54,798.38

Total Amount: = 7,56,792.08
eee
Terms & Condition:
Seal & Signature
Thank you for Business !!! Visit us Again !!!
"
40-D-MART PVT LTD.pdf,"D-MART PVT LTD DATE 07-23-24
35/2867, B & B2, Bypass Road, Opp. Oberon Mall,
Edappally, Kochi, Kerala 682024 CUSTOMER NO. 1144
CLIENT
41HHLWE12K4A1Q6
SALESPERSON Anukul Roy Priya Raj
CREDIT CARD NO. 4539 1488 0343 6467
Rosewood, 12/23, Kottarakkara, Kollam, Kerala 691506
aby DESCRIPTION OTE QTY UNIT PRICE TOTAL
4571 Mother Dairy Milk 1L Z 50.00 Z 200.00
8927 Nestlé Milkmaid 400g 400g z 120.00 z 120.00
Remarks / Instructions: SUBTOTAL % 320.00
DISCOUNT (10%) = 32.00
GST (18%) = 51.84
Please make check payable to Your Company Name. TOTAL 300.16
THANK YOU
casH [_ | CREDITCARD [_] MONEYORDER [_]
For questions concerning this receipt please contact Name, (321) 456-7890, Email Address
eae SALES RECEIPT
Priya Raj
DATE 07-23-24
Rosewood, 12/23, Kottarakkara, Kollam, Kerala 691506
+91 98765 67890 AMOUNT PAID = 300.16
D-MART PVT LTD 35/2867, B & B2, Bypass Road, Opp. Oberon Mall, 41HHLWE12K4A1Q6
Edappally, Kochi, Kerala 682024
"
61-CROMA PVT LTD.pdf,"Receipt No.: 61
Payment date: 12-08-2024
Payment Type: UPI
From: CB To:
Name: [CROMA PVT LTD
Address: Ground Floor, Skyzone, High Street Address:
Phoenix, Senapati Bapat Marg, Lower 26, Lakefront Heights, Borivali East, Mumbai 400066
Parel, Mumbai, Maharashtra 400013 +91 56789 01256
Phone No: _[87BBAQE12K4P106 a
DESCRIPTION UNIT PRICE Amount (in Rs)
7789 Samsung Galaxy Tab A7 10 4 = 49,999.00 = 1,99,996.00
6704 Microsoft Surface Duo 2 10 5 2% 34,999.00 = 1,74,995.00
Sub-Total  3,74,991.00
Amount in Words: Discount(30%) = 112,497.30
GST(18%) = 67,498.38
Total Amount: X 3,29,992.08
eee
Terms & Condition:
Seal & Signature
Thank you for Business !!! Visit us Again !!!
"
12-ITC Limited.pdf,"Reciept No: 12 Date: 31-07-2024
Company's Info: Customer's Info:
ITC Limited Ghosh Enterprises
37 J.L.Nehru Road, 67, Ballygunge
Kolkata 700 071 Circular Road,
Kolkata - 700019
29ABCDE1234F1Z5 16LLAPL1234M3ZC
Payment Detail:
HSN DESCRIPTION UNIT QTY PRICE AMOUNT
2422 Bingo! Chips 500 ml 10 2 30.00 = 300.00
1143 Engage Cologne Sprays 500 ml 8 2 30.00 = 240.00
SUBTOTAL = 540.00
DISCOUNT(20%) = 156.60
GST(18%) = 97.20
TOTAL = 480.60
PAYMENT METHOD: [cash,card,online,check or etc]
Check/Transaction No [if applicable]
"
SinghReceipt_2024-07-24_18-40-58_43.pdf,"Receipt Voucher
Name: Singh Electronics
Address: 890 Gandhi Nagar, Bangalore, Karnataka, 560007
GSTIN: O9AAACNO189C1ZH
S.No: 8462
Date of Issue:24-09-2023
Details of Receiver (Billed to) Details of Receiver (Shipped to)
Name: Siemens Technology and Services Pv Name: Siemens Technology and Services Pvt L
Address: Siemens Office, Whitefield, Bengaluru, Karnataka, 560066 Address: Siemens Office, Whitefield, Bengaluru, Karnataka, 560066
State: Karnataka State: Karnataka
State code: 66 State code: 66
GSTIN/ UIN (if registered):24SNZHN6610E1Z6 GSTIN/ UIN (if registered):24SNZHN6610E1Z6
| SNo Description of goods/service HSN/SAC Amount of Advance CGST SGsT IGsT
Philips Hue White and Color 2602 30339.00 2730.51 2730.51 | 0% | 0.00 |
Total Value (in Rs.) 35800.02
Advance Amount received subject to reverse charge Yes No

Signature of Supplier
"
76-BIG BAZAAR PVT LTD.pdf,"BIG BAZAAR PVT LTD
1st Floor, Ahmedabad One Mall, Vastrapur,
Ahmedabad, Gujarat 380015
341KKLAE12K4A1E5
CLIENT INFO
Rameshwar Provision Store
76. 101, Jodhpur, Ahmedabad,
380015
+91 87654 56789
Date: 31-07-2024 RECIEPT NO: 76
| HSN | DESCRIPTION UNIT PRICE TOTAL
4575 % 300.00 1,200.00
8931 Bournvita Lil Champs Biscuits | 1liter | 4 | = 200.00 = 800.00
SUB TOTAL = 2,000.00
DISCOUNT(15%) = 300.00
GST(18%) = 360.00
TOTAL X 2,060.00
"
45-ITC Limited.pdf,"Reciept No: 45 Date: 31-07-2024
Company's Info: Customer's Info:
ITC Limited Chatterjee Super Mart
37 J.L.Nehru Road,
Kolkata 700 071 147, Park Street,
Kolkata - 700016
29ABCDE1234F1Z5 51SSAPL5678T9ZJ
Payment Detail:
HSN DESCRIPTION UNIT QTY PRICE AMOUNT
2848 ITC Aashirvaad Instant Mixes 200 ml 4 ® 130.00 % 520.00
1558 ITC Classmate Exercise Notebooks 200g 10 % 130.00 % 1,300.00
SUBTOTAL X 1,820.00
DISCOUNT(20%) X 527.80
GST(18%) X 327.60
TOTAL X 1,619.80
PAYMENT METHOD: [cash,card,online,check or etc]
Check/Transaction No [if applicable]
"
SinghReceipt_2024-07-24_18-41-11_56.pdf,"Receipt Voucher
Name: Singh Electronics
Address: 890 Gandhi Nagar, Bangalore, Karnataka, 560007
GSTIN: O9AAACNO189C1ZH
S.No: 3077
Date of Issue:17-05-2023
Details of Receiver (Billed to) Details of Receiver (Shipped to)
Name: Boeing India Pvt Ltd Name: Boeing India Pvt Ltd
Address: Boeing Office, Embassy Golf Links, Bengaluru, Karnataka, 560071 Address: Boeing Office, Embassy Golf Links, Bengaluru, Karnataka, 560071
State: Karnataka State: Karnataka
State code: 71 State code: 71
GSTIN/ UIN (if registered):24ZNIKG7225112Z9 GSTIN/ UIN (if registered):24ZNIKG722511Z9
| SNo Description of goods/service HSN/SAC Amount of Advance CGST SGsT IGsT
Cuisinart CPK-17 Electric Kettle 2492 5372.00 483.48 483.48 | 0% | 000 |
Total Value (in Rs.) 6338.96
Advance Amount received subject to reverse charge Yes No

Signature of Supplier
"
96-CROMA PVT LTD.pdf,"Receipt No.: 96
Payment date: 12-08-2024
Payment Type: UPI
From: —C—C—CSCSCdiéGL TZ
Name: [CROMA PVT LTD
Address: Ground Floor, Skyzone, High Street Address:
Phoenix, Senapati Bapat Marg, Lower 29, Horizon Tower, Goregaon East, Mumbai 400063
Parel, Mumbai, Maharashtra 400013 +91 23456 78945

Phone No: _[87BBAQE12K4P106 a
DESCRIPTION UNIT PRICE Amount (in Rs)
8801 Asus TUF Gaming F15 10 3 = 79,999.00 % 2,39,997.00
9926 HP Envy 14 10 5 = 1,19,999.00 = 5,99,995.00
Sub-Total ¥ 8,39,992.00
Amount in Words: Discount(30%) = 2,51,997.60

GST(18%) 2 1,51,198.56

Total Amount: X 7,39,192.96
eee
Terms & Condition:
Seal & Signature
Thank you for Business !!! Visit us Again !!!
"
SinghReceipt_2024-07-24_18-41-03_48.pdf,"Receipt Voucher
Name: Singh Electronics
Address: 890 Gandhi Nagar, Bangalore, Karnataka, 560007
GSTIN: O9AAACNO189C1ZH
S.No: 2112
Date of Issue:04-12-2023
Details of Receiver (Billed to) Details of Receiver (Shipped to)
Name: Alcatel-Lucent India Ltd Name: Alcatel-Lucent India Ltd
Address: Alcatel-Lucent Office, Outer Ring Road, Bengaluru, Karnataka, Address: Alcatel-Lucent Office, Outer Ring Road, Bengaluru, Karnataka,
State: Karnataka State: Karnataka
State code: 03 State code: 03
GSTIN/ UIN (if registered):24WUJFG1089K1Z8 GSTIN/ UIN (if registered):24WUJFG1089K1Z8
| SNo Description of goods/service HSN/SAC Amount of Advance CGST SGsT IGsT
LG LP1419IVSM Portable Air 2799 22203.00 1998.27 1998.27, | 0% | 0.00 |
Total Value (in Rs.) 26199.54
Advance Amount received subject to reverse charge Yes No

Signature of Supplier
"
97-BIG BAZAAR PVT LTD.pdf,"BIG BAZAAR PVT LTD
1st Floor, Ahmedabad One Mall, Vastrapur,
Ahmedabad, Gujarat 380015
341KKLAE12K4A1E5
CLIENT INFO
Sonu Provision Store
97. 404, Kankaria, Anmedabad,
380022
+91 87654 54321
Date: 31-07-2024 RECIEPT NO: 97
| HSN | DESCRIPTION UNIT PRICE TOTAL
7901 Garnier Hair Color = 100.00 = 500.00
2366 Colgate Herbal 100 ml = 100.00 = 500.00
SUB TOTAL 1,000.00
DISCOUNT(15%) = 150.00
GST(18%) = 180.00
TOTAL % 1,030.00
"
25-D-MART PVT LTD.pdf,"D-MART PVT LTD DATE 07-23-24
35/2867, B & B2, Bypass Road, Opp. Oberon Mall,
Edappally, Kochi, Kerala 682024 CUSTOMER NO. 1144
CLIENT
41HHLWE12K4A1Q6
SALESPERSON Anukul Roy Isha Raj
CREDIT CARD NO. 4539 1488 0343 6467
Peace Villa, 12/67, Chengannur, Alappuzha, Kerala 689121
abe DESCRIPTION OTE QTY UNIT PRICE TOTAL
7893 Pantene Conditioner 180ml 180m Z 120.00 Z 600.00
2358 Unibic Cookies 300g 300g z 50.00 z 150.00
Remarks / Instructions: SUBTOTAL % 750.00
DISCOUNT (10%) = 75.00
GST (18%) = 121.50
Please make check payable to Your Company Name. TOTAL = 703.50
THANK YOU
casH [_ | CREDITCARD [_] MONEYORDER [_]
For questions concerning this receipt please contact Name, (321) 456-7890, Email Address
eae SALES RECEIPT
Isha Raj
DATE 07-23-24
Peace Villa, 12/67, Chengannur, Alappuzha, Kerala 689121
+91 87654 54321 AMOUNT PAID = 703.50
D-MART PVT LTD 35/2867, B & B2, Bypass Road, Opp. Oberon Mall, 41HHLWE12K4A1Q6
Edappally, Kochi, Kerala 682024
"
120-BIG BAZAAR PVT LTD.pdf,"BIG BAZAAR PVT LTD
21st Floor, Ahmedabad One Mall, Vastrapur,
Ahmedabad, Gujarat 380015
341KKLAE12K4A1E5
CLIENT INFO
Neeraj Provision Store
120. 909, Thaltej, Anmedabad,
380059
+91 98333 44556
Date: 31-07-2024 RECIEPT NO: 120
| HSN | DESCRIPTION UNIT PRICE TOTAL
3004 McCain French Fries = 180.00 = 540.00
5504 Wonderchef Cookware Set = 2,500.00 = 2,500.00
SUB TOTAL % 3,040.00
DISCOUNT(15%) = 456.00
GST(18%) = 547.20
TOTAL 3,131.20
"
59-BIG BAZAAR PVT LTD.pdf,"BIG BAZAAR PVT LTD
1st Floor, Ahmedabad One Mall, Vastrapur,
Ahmedabad, Gujarat 380015
341KKLAE12K4A1E5
CLIENT INFO
Jyoti Provision Store
59. 202, Satellite, Anmedabad,
380015
+91 94567 89012
Date: 31-07-2024 RECIEPT NO: 59
| HSN | DESCRIPTION UNIT PRICE TOTAL
g918 500 mi = 400.00 % 800.00
3473 Cadbury Silk 200 ml = 150.00 = 750.00
SUB TOTAL 1,550.00
DISCOUNT(15%) % 232.50
GST(18%) = 279.00
TOTAL = 1,596.50
"
71-ITC Limited.pdf,"Reciept No: 71 Date: 31-07-2024
Company's Info: Customer's Info:
ITC Limited Das & Sengupta Grocery Mart
37 J.L.Nehru Road,
Kolkata 700 071 404, Rabindra Sarani,
Kolkata - 700001
29ABCDE1234F1Z5 77SSAPL1234T8ZJ
Payment Detail:
HSN DESCRIPTION UNIT QTY PRICE AMOUNT
3183 ITC Wills Lifestyle Urban Wool 100 g 8 = 55.00 = 440.00
1894 Savion Hexa Hand Rub 1kg 7 = 150.00 = 1,050.00
SUBTOTAL % 1,490.00
DISCOUNT(20%) % 432.10
GST(18%) = 268.20
TOTAL % 1,326.10
PAYMENT METHOD: [cash,card,online,check or etc]
Check/Transaction No [if applicable]
"
90-ITC Limited.pdf,"Reciept No: 90 Date: 31-07-2024
Company's Info: Customer's Info:
ITC Limited Mondal General Store
37 J.L.Nehru Road,
Kolkata 700 071 595, Cossipore Road,
Kolkata - 700002
29ABCDE1234F1Z5 96LLAPLO123M9ZC
Payment Detail:
HSN DESCRIPTION UNIT QTY PRICE AMOUNT
3427 ~=ITC Sunfeast Marie Light Biscuits 200 ml 10 = 35.00 = 350.00
2139 Sunfeast Marie Light Vita Biscuits 200g 2 = 420.00 = 840.00
SUBTOTAL % 1,190.00
DISCOUNT(20%) = 345.10
GST(18%) = 214.20
TOTAL % 1,059.10
PAYMENT METHOD: [cash,card,online,check or etc]
Check/Transaction No [if applicable]
"
110-ITC Limited.pdf,"Reciept No: 110 Date: 31-07-2024
Company's Info: Customer's Info:
ITC Limited Chakraborty Brothers General Store
37 J.L.Nehru Road, 7/1, Kankurgachi
Kolkata 700 071 Main Road, Kolkata -
700054
29ABCDE1234F1Z5 32AABCT1234G1ZT
Payment Detail:
HSN DESCRIPTION UNIT QTY PRICE AMOUNT
2365 Lemonade Drink Mix 500 g 2 = 150.00 = 300.00
#N/A Ketchup 250g 7 = 50.00 = 350.00
SUBTOTAL = 650.00
DISCOUNT(20%) % 188.50
GST(18%) = 117.00
TOTAL = 578.50
PAYMENT METHOD: [cash,card,online,check or etc]
Check/Transaction No [if applicable]
"
83-BIG BAZAAR PVT LTD.pdf,"BIG BAZAAR PVT LTD
1st Floor, Ahmedabad One Mall, Vastrapur,
Ahmedabad, Gujarat 380015
341KKLAE12K4A1E5
CLIENT INFO
Simran Provision Store
83. 808, Maninagar, Anmedabad,
380008
+91 94567 89012
Date: 31-07-2024 RECIEPT NO: 83
| HSN | DESCRIPTION UNIT PRICE TOTAL
5687 Dove Shampoo 200 g = 200.00 = 600.00
9143 Whisper Ultra Nights 200 ml = 150.00 = 150.00
SUB TOTAL = 750.00
DISCOUNT(15%) = 112.50
GST(18%) = 135.00
TOTAL = 772.50
"
4-ITC Limited.pdf,"Reciept No: 4 Date: 31-07-2024
Company's Info: Customer's Info:
ITC Limited Sen & Co. Provision Store
37 J.L.Nehru Road,
Kolkata 700 071 21, Gariahat Road,
Kolkata - 700029
29ABCDE1234F1Z5 O9DDAPL3456E4Z4
Payment Detail:
HSN DESCRIPTION UNIT QTY PRICE AMOUNT
2319 Fiama Di Wills Shampoo 200 g 5 = 150.00 = 750.00
1050 Bingo! Tangles 1kg 3 = 150.00 = 450.00
SUBTOTAL % 1,200.00
DISCOUNT(20%) = 348.00
GST(18%) = 216.00
TOTAL % 1,068.00
PAYMENT METHOD: [cash,card,online,check or etc]
Check/Transaction No [if applicable]
"
5-CROMA PVT LTD.pdf,"Receipt No.: 5
Payment date: 12-08-2024
Payment Type: UPI
From: CB To:
Name: [CROMA PVT LTD Name: [ByteTech
Address: Ground Floor, Skyzone, High Street Address: 67, Lakeview Apartments, Ghatkopar West, Mumbai
Phoenix, Senapati Bapat Marg, Lower 400086
Parel, Mumbai, Maharashtra 400013 +91 54321 09876

Phone No: _[87BBAQE12K4P106 a
DESCRIPTION UNIT PRICE Amount (in Rs)
5106 Realme Narzo 50 Pro 10 2 ® 21,999.00 X 43,998.00
8924 Realme 11 Pro 10 2 = 22,999.00 = 45,998.00
Sub-Total ¥ 89,996.00
Amount in Words: Discount(30%) = 26,998.80

GST(18%) % 16,199.28

Total Amount: = 79,196.48
eee
Terms & Condition:
Seal & Signature
Thank you for Business !!! Visit us Again !!!
"
SinghReceipt_2024-07-24_18-41-02_47.pdf,"Receipt Voucher
Name: Singh Electronics
Address: 890 Gandhi Nagar, Bangalore, Karnataka, 560007
GSTIN: O9AAACNO189C1ZH
S.No: 7990
Date of Issue:20-09-2023
Details of Receiver (Billed to) Details of Receiver (Shipped to)
Name: Mercedes-Benz Research and Devel Name: Mercedes-Benz Research and Develop!
Address: Mercedes-Benz Office, Whitefield, Bengaluru, Karnataka, 560066 Address: Mercedes-Benz Office, Whitefield, Bengaluru, Karnataka, 560066
State: Karnataka State: Karnataka
State code: 66 State code: 66
GSTIN/ UIN (if registered):24DQYKX2834W1Z3 GSTIN/ UIN (if registered):24DQYKX2834W1Z3
CGST SGST IGST
No peseription of goods/service | PSNISAC [_ AmountofAdvance [Rate | Amount | Rate | Amount | Rate | Amount
DJI Mavic Air 2 Drone 2904 6023.00 542.07 542.07 | 0% | 000 |
Total Value (in Rs.) 7107.14
Advance Amount received subject to reverse charge Yes No
Signature of Supplier
"
101-BIG BAZAAR PVT LTD.pdf,"BIG BAZAAR PVT LTD
2nd Floor, Ahmedabad One Mall, Vastrapur,
Ahmedabad, Gujarat 380015
341KKLAE12K4A1E5
CLIENT INFO
Priya Provision Store
101. 808, Jodhpur, Ahmedabad,
380015
+91 98765 43210
Date: 31-07-2024 RECIEPT NO: 101
| HSN | DESCRIPTION UNIT PRICE TOTAL
1001 % 1,299.00 3,897.00
3606 __|ts Ready-to-Eat Paneer Butter Mas 300g = 150.00 = 150.00
SUB TOTAL = 4,047.00
DISCOUNT(15%) = 607.05
GST(18%) = 728.46
TOTAL = 4,168.41
"
SinghReceipt_2024-07-24_18-41-06_51.pdf,"Receipt Voucher
Name: Singh Electronics
Address: 890 Gandhi Nagar, Bangalore, Karnataka, 560007
GSTIN: O9AAACNO189C1ZH
S.No: 5408
Date of Issue:14-08-2023
Details of Receiver (Billed to) Details of Receiver (Shipped to)
Name: Fujitsu Consulting India Name: Fujitsu Consulting India
Address: Fujitsu Office, Whitefield, Bengaluru, Karnataka, 560066 Address: — Fujitsu Office, Whitefield, Bengaluru, Karnataka, 560066
State: Karnataka State: Karnataka
State code: 66 State code: 66
GSTIN/ UIN (if registered):24ZWJUH5188R1Z4 GSTIN/ UIN (if registered):24ZWJUH5188R1Z4
| SNo Description of goods/service HSN/SAC Amount of Advance CGST SGsT IGsT
Epson EcoTank ET-2720 Printer 2733 17027.00 1532.43 1532.43 | 0% | 0.00 |
Total Value (in Rs.) 20091.86
Advance Amount received subject to reverse charge Yes No

Signature of Supplier
"
39-ITC Limited.pdf,"Reciept No: 39 Date: 31-07-2024
Company's Info: Customer's Info:
ITC Limited Mukherjee Grocery Mart
37 J.L.Nehru Road,
Kolkata 700 071 81, Bagbazar Street,
Kolkata - 700003
29ABCDE1234F1Z5 45MMAPL9012N3ZD
Payment Detail:
HSN DESCRIPTION UNIT QTY PRICE AMOUNT
2771 = ITC Essenza Di Wills Bathing Bars 200 ml 3 = 50.00 = 150.00
1481 Sunfeast Special Cookies 200 ml 8 = 50.00 = 400.00
SUBTOTAL % 550.00
DISCOUNT(20%) = 159.50
GST(18%) = 99.00
TOTAL = 489.50
PAYMENT METHOD: [cash,card,online,check or etc]
Check/Transaction No [if applicable]
"
33-ITC Limited.pdf,"Reciept No: 33 Date: 31-07-2024
Company's Info: Customer's Info:
ITC Limited Paul General Store
37 J.L.Nehru Road,
Kolkata 700 071 11, EM Bypass Road,
Kolkata - 700107
29ABCDE1234F1Z5 39GGAPL3456H6ZX
Payment Detail:
HSN DESCRIPTION UNIT QTY PRICE AMOUNT
2693 Fiama Bath Essentials 500 ml 2 % 150.00 % 300.00
1403 Fiama Lemon Hand Wash 84 pcs 10 % 150.00 % 1,500.00
SUBTOTAL % 1,800.00
DISCOUNT(20%) % 522.00
GST(18%) = 324.00
TOTAL % 1,602.00
PAYMENT METHOD: [cash,card,online,check or etc]
Check/Transaction No [if applicable]
"
14-ITC Limited.pdf,"Reciept No: 14 Date: 31-07-2024
Company's Info: Customer's Info:
ITC Limited Sengupta Grocery Mart
37 J.L.Nehru Road,
Kolkata 700 071 9, Salt Lake City,
Kolkata - 700064
29ABCDE1234F1Z5 18NNAPL345605ZE
Payment Detail:
HSN DESCRIPTION UNIT QTY PRICE AMOUNT
2448 Fabelle Chocolates 80g 4 = 100.00 = 400.00
1169 Sunfeast Bounce Cakes 500 g 6 = 100.00 = 600.00
SUBTOTAL % 1,000.00
DISCOUNT(20%) = 290.00
GST(18%) = 180.00
TOTAL % 890.00
PAYMENT METHOD: [cash,card,online,check or etc]
Check/Transaction No [if applicable]
"
64-CROMA PVT LTD.pdf,"Receipt No.: 64
Payment date: 12-08-2024
Payment Type: UPI
From: ——SCSCSCSC*dCéBiL TZ
Name: [CROMA PVT LTD
Address: Ground Floor, Skyzone, High Street Address:
Phoenix, Senapati Bapat Marg, Lower 11, Hilltop Residences, Vashi, Navi Mumbai 400703
Parel, Mumbai, Maharashtra 400013 +91 89012 34589

Phone No: _[87BBAQE12K4P106 a
DESCRIPTION UNIT PRICE Amount (in Rs)
1245 Lenovo Yoga Tab 13 10 1 ® 29,999.00 ® 29,999.00
9037 Sony Bravia A80J 10 1 = 1,39,999.00 = 1,39,999.00
Sub-Total ¥ 1,69,998.00
Amount in Words: Discount(30%) = 50,999.40

GST(18%) = 30,599.64

Total Amount: = 1,49,598.24
eee
Terms & Condition:
Seal & Signature
Thank you for Business !!! Visit us Again !!!
"
85-ITC Limited.pdf,"Reciept No: 85 Date: 31-07-2024
Company's Info: Customer's Info:
ITC Limited Basak Supermarket
37 J.L.Nehru Road, 545, Ballygunge
Kolkata 700 071 Circular Road,
Kolkata - 700019
29ABCDE1234F1Z5 91GGAPL5678H4ZX
Payment Detail:
HSN DESCRIPTION UNIT QTY PRICE AMOUNT
3363 ITC Vivel Skin Nourishing Cream 200 g 2 = 150.00 = 300.00
2074 Dermafique Soleil Defense Gel Cre 150 ml 10 % 350.00 % 3,500.00
SUBTOTAL % 3,800.00
DISCOUNT(20%) % 1,102.00
GST(18%) = 684.00
TOTAL % 3,382.00
PAYMENT METHOD: [cash,card,online,check or etc]
Check/Transaction No [if applicable]
"
15-CROMA PVT LTD.pdf,"Receipt No.: 15
Payment date: 12-08-2024
Payment Type: UPI
From: —CSCd(éBid' To:
CROMA PVT LTD DigiTech Retail
Address: Ground Floor, Skyzone, High Street Address: 14, Kandivali Heights, Kandivali West, Mumbai
Phoenix, Senapati Bapat Marg, Lower 400067
Parel, Mumbai, Maharashtra 400013 +91 69876 54321
Phone No: |87BBAQE12K4P106 a
DESCRIPTION UNIT PRICE Amount (in Rs)
6414 Samsung Odyssey G9 Monitor 10 5 = 67,999.00 ® 3,39,995.00
1379 Samsung Odyssey G5 Monitor 10 1 = 59,999.00 = 59,999.00
Sub-Total X 3,99,994.00
Amount in Words: Discount(30%) = 1,19,998.20
GST(18%) = 71,998.92
Total Amount: X 3,51,994.72
re ee
Terms & Condition:
Seal & Signature
Thank you for Business !!! Visit us Again !!!
"
30-ITC Limited.pdf,"Reciept No: 30 Date: 31-07-2024
Company's Info: Customer's Info:
ITC Limited Sanyal Grocery Mart
37 J.L.Nehru Road, 42, Diamond Harbour
Kolkata 700 071 Road, Kolkata -
700023
29ABCDE1234F1Z5 36DDAPLO123E3ZU
Payment Detail:
HSN DESCRIPTION UNIT QTY PRICE AMOUNT
2655 ~— Aashirvaad Svasti Dairy Products 200 ml 9 = 85.00 = 765.00
1365 Bingo! Yumitos Original Style 500 ml 4 = 85.00 = 340.00
SUBTOTAL % 1,105.00
DISCOUNT(20%) = 320.45
GST(18%) = 198.90
TOTAL % 983.45
PAYMENT METHOD: [cash,card,online,check or etc]
Check/Transaction No [if applicable]
"
SinghReceipt_2024-07-24_18-41-07_52.pdf,"Receipt Voucher
Name: Singh Electronics
Address: 890 Gandhi Nagar, Bangalore, Karnataka, 560007
GSTIN: O9AAACNO189C1ZH
S.No: 5508
Date of Issue:27-03-2023
Details of Receiver (Billed to) Details of Receiver (Shipped to)
Name: Daimler India Commercial Vehicles F Name: Daimler India Commercial Vehicles Pvt
Address: Daimler Office, Whitefield, Bengaluru, Karnataka, 560066 Address: Daimler Office, Whitefield, Bengaluru, Karnataka, 560066
State: Karnataka State: Karnataka
State code: 66 State code: 66
GSTIN/ UIN (if registered):24NXNUB5387X1Z9 GSTIN/ UIN (if registered):24NXNUB5387X1Z9
| SNo Description of goods/service HSN/SAC Amount of Advance CGST SGsT IGsT
Amazon Kindle Paperwhite 2864 5930.00 533.7 533.7 | 0% | 000 |
Total Value (in Rs.) 6997.40
Advance Amount received subject to reverse charge Yes No

Signature of Supplier
"
64-ITC Limited.pdf,"Reciept No: 64 Date: 31-07-2024
Company's Info: Customer's Info:
ITC Limited Basu & Das General Store
37 J.L.Nehru Road,
Kolkata 700 071 335, Gariahat Road,
Kolkata - 700029
29ABCDE1234F1Z5 7OLLAPL4567M1ZC
Payment Detail:
HSN DESCRIPTION UNIT QTY PRICE AMOUNT
3093 ITC Classmate Longbook 200 g 2 = 85.00 = 170.00
1803 Engage Blush Deos 100 g 2 % 85.00 = 170.00
SUBTOTAL = 340.00
DISCOUNT(20%) = 98.60
GST(18%) % 61.20
TOTAL = 302.60
PAYMENT METHOD: [cash,card,online,check or etc]
Check/Transaction No [if applicable]
"
80-BIG BAZAAR PVT LTD.pdf,"BIG BAZAAR PVT LTD
1st Floor, Ahmedabad One Mall, Vastrapur,
Ahmedabad, Gujarat 380015
341KKLAE12K4A1E5
CLIENT INFO
Pradeep Kumar Provision Store
80. 505, Danilimda, Anmedabad,
380028
+91 98765 67890
Date: 31-07-2024 RECIEPT NO: 80
| HSN | DESCRIPTION UNIT PRICE TOTAL
2353 fd & Shoulders Anti-Dandruff Sham| 500 g = 200.00 = 200.00
6808 Nestlé Maggi Pichkoo 200 ml = 200.00 1,000.00
SUB TOTAL = 1,200.00
DISCOUNT(15%) = 180.00
GST(18%) = 216.00
TOTAL = 1,236.00
"
119-BIG BAZAAR PVT LTD.pdf,"BIG BAZAAR PVT LTD
20th Floor, Ahmedabad One Mall, Vastrapur,
Ahmedabad, Gujarat 380015
341KKLAE12K4A1E5
CLIENT INFO
Juhi Provision Store
119. 808, New Vadaj, Anmedabad,
380013
+91 99455 67890
Date: 31-07-2024 RECIEPT NO: 119
| HSN | DESCRIPTION UNIT PRICE TOTAL
2905 Lays Classic Chips 150g = 60.00 = 240.00
5407 Prestige Pressure Cooker = 1,800.00 = 5,400.00
SUB TOTAL = 5,640.00
DISCOUNT(15%) = 846.00
GST(18%) = 1,015.20
TOTAL = 5,809.20
"
34-D-MART PVT LTD.pdf,"D-MART PVT LTD DATE 07-23-24
35/2867, B & B2, Bypass Road, Opp. Oberon Mall,
Edappally, Kochi, Kerala 682024 CUSTOMER NO. 1144
CLIENT
41HHLWE12K4A1Q6
CREDIT CARD NO. 4539 1488 0343 6467
Crystal Villa, 34/78, Nilambur, Malappuram, Kerala 679329
HSN DESCRIPTION UNIT QTY UNIT PRICE TOTAL
7894 L'Oréal Face Cream = 350.00 = 700.00
2359 Kissan Ketchup 1kg Z 120.00 Z 480.00
Remarks / Instructions: SUBTOTAL = 1,180.00
DISCOUNT (10%) = 118.00
GST (18%) = 191.16
Please make check payable to Your Company Name. TOTAL = 1,106.84
THANK YOU
casH [_ | CREDITCARD [_] MONEYORDER [_]
For questions concerning this receipt please contact Name, (321) 456-7890, Email Address
eae SALES RECEIPT
Manju Menon
DATE 07-23-24
Crystal Villa, 34/78, Nilambur, Malappuram, Kerala 679329
+91 76543 21098 AMOUNT PAID = 1,106.84
D-MART PVT LTD 35/2867, B & B2, Bypass Road, Opp. Oberon Mall, 41HHLWE12K4A1Q6
Edappally, Kochi, Kerala 682024
"
35-BIG BAZAAR PVT LTD.pdf,"BIG BAZAAR PVT LTD
1st Floor, Ahmedabad One Mall, Vastrapur,
Ahmedabad, Gujarat 380015
341KKLAE12K4A1E5
CLIENT INFO
Seema Provision Store
35. 505, Shrinathji Society,
Ahmedabad, 380050
+91 94567 89012
Date: 31-07-2024 RECIEPT NO: 35
| HSN | DESCRIPTION UNIT PRICE TOTAL
2348 % 75.00 % 150.00
6803 | Head & Shoulders Smooth & Silky} 200g = 150.00 = 300.00
SUB TOTAL = 450.00
DISCOUNT(15%) = 67.50
GST(18%) = 81.00
TOTAL = 463.50
"
98-BIG BAZAAR PVT LTD.pdf,"BIG BAZAAR PVT LTD
1st Floor, Ahmedabad One Mall, Vastrapur,
Ahmedabad, Gujarat 380015
341KKLAE12K4A1E5
CLIENT INFO
Jagdish Provision Store
98. 505, C.G. Road, Ahmedabad,
380009
+91 76543 21098
Date: 31-07-2024 RECIEPT NO: 98
| HSN | DESCRIPTION UNIT PRICE TOTAL
2355 Surf Excel Quick Wash 200 ml = 200.00 = 800.00
6810 Cadbury Perk 200 g = 200.00 1,000.00
SUB TOTAL = 1,800.00
DISCOUNT(15%) = 270.00
GST(18%) = 324.00
TOTAL = 1,854.00
"
45-CROMA PVT LTD.pdf,"Receipt No.: 45
Payment date: 12-08-2024
Payment Type: UPI
From: ——SCSCSCSC*dCéBiL TZ
Name: [CROMA PVT LTD
Address: Ground Floor, Skyzone, High Street Address:
Phoenix, Senapati Bapat Marg, Lower 22, Horizon View, Lower Parel, Mumbai 400013
Parel, Mumbai, Maharashtra 400013 +91 89012 34578

Phone No: _[87BBAQE12K4P106 a
DESCRIPTION UNIT PRICE Amount (in Rs)
9856 Acer Predator Helios 300 10 3 = 1,29,999.00 = 3,89,997.00
7146 HP Spectre x360 14 10 3 ® 1,29,999.00 ® 3,89,997.00
Sub-Total ® 7,79,994.00
Amount in Words: Discount(30%) = 2,33,998.20

GST(18%) = 1,40,398.92

Total Amount: X 6,86,394.72
eee
Terms & Condition:
Seal & Signature
Thank you for Business !!! Visit us Again !!!
"
107-CROMA PVT LTD.pdf,"Receipt No.: 107
Payment date: 12-08-2024
Payment Type: UPI
From: —CSCd(éBid' To:
Name: [CROMA PVT LTD
Address: Ground Floor, Skyzone, High Street Address: 102, Seawoods Estate, Navi Mumbai, Maharashtra
Phoenix, Senapati Bapat Marg, Lower 400706
Parel, Mumbai, Maharashtra 400013 +91 32109 87654

Phone No: _[87BBAQE12K4P106 a
DESCRIPTION UNIT PRICE Amount (in Rs)
7308 Dell XPS 13 10 3 = 1,39,999.00 = 4,19,997.00
2146 Dell Inspiron 15 3000 10 3 = 72,999.00 % 2,18,997.00
Sub-Total X 6,38,994.00
Amount in Words: Discount(30%) = 1,91,698.20

GST(18%) %1,15,018.92

Total Amount: X 5,62,314.72
re ee
Terms & Condition:
Seal & Signature
Thank you for Business !!! Visit us Again !!!
"
SinghReceipt_2024-07-24_18-40-30_15.pdf,"Receipt Voucher
Name: Singh Electronics
Address: 890 Gandhi Nagar, Bangalore, Karnataka, 560007
GSTIN: O9AAACNO189C1ZH
S.No: 5962
Date of Issue:16-11-2023
Details of Receiver (Billed to) Details of Receiver (Shipped to)
Name: Honeywell Technology Solutions Name: Honeywell Technology Solutions
Address: Honeywell Building, Bellandur, Bengaluru, Karnataka, 560103 Address: — Honeywell Building, Bellandur, Bengaluru, Karnataka, 560103
State: Karnataka State: Karnataka
State code: 03 State code: 03
GSTIN/ UIN (if registered):24WLBTV6643Z1Z8 GSTIN/ UIN (if registered):24WLBTV6643Z1Z8
| SNo Description of goods/service HSN/SAC Amount of Advance CGST SGST IGST
Motorola MB7621 Cable Modem 3002 9810.00 882.9 8829 | 0% | 000 |
Total Value (in Rs.) 11575.80
Advance Amount received subject to reverse charge Yes No

Signature of Supplier
"
54-BIG BAZAAR PVT LTD.pdf,"BIG BAZAAR PVT LTD
1st Floor, Ahmedabad One Mall, Vastrapur,
Ahmedabad, Gujarat 380015
341KKLAE12K4A1E5
CLIENT INFO
Yogesh Provision Store
54. 606, Anandnagar,
Ahmedabad, 380007
+91 95432 10987
Date: 31-07-2024 RECIEPT NO: 54
| HSN | DESCRIPTION UNIT PRICE TOTAL
6794 500 ml % 500.00 % 2,000.00
1251 Pepsodent Expert Protection | 200ml | 4 | = 200.00 = 800.00
SUB TOTAL = 2,800.00
DISCOUNT(15%) = 420.00
GST(18%) = 504.00
TOTAL = 2,884.00
"
SinghReceipt_2024-07-24_18-40-22_7.pdf,"Receipt Voucher
Name: Singh Electronics
Address: 890 Gandhi Nagar, Bangalore, Karnataka, 560007
GSTIN: O9AAACNO189C1ZH
S.No: 9539
Date of Issue:24-11-2023
Details of Receiver (Billed to) Details of Receiver (Shipped to)
Name: Robert Bosch Engineering and Busin Name: Robert Bosch Engineering and Busines:
Address: Bosch Campus, Electronic City, Bengaluru, Karnataka, 560100 Address: | Bosch Campus, Electronic City, Bengaluru, Karnataka, 560100
State: Karnataka State: Karnataka
State code: OO State code: 00
GSTIN/ UIN (if registered):24HOEQZ1253Z1Z3 GSTIN/ UIN (if registered):24HOEQZ1253Z1Z3
CGST SGST IGST
| Smo |Description ofgoods/servce | HSN/SAC | Amountof Advance ST arom aate [amount | Rate | ARE
Bosch 300 Series Dishwasher 2418 22033.00 1982.97 1982.97 | 0% | 000 |
Total Value (in Rs.) 25998.94
Advance Amount received subject to reverse charge Yes No
Signature of Supplier
"
43-ITC Limited.pdf,"Reciept No: 43 Date: 31-07-2024
Company's Info: Customer's Info:
ITC Limited Banerjee & Ghosh Grocery Mart
37 J.L.Nehru Road,
Kolkata 700 071 123, Hatibagan Road,
Kolkata - 700005
29ABCDE1234F1Z5 49QQAPL3456R7ZH
Payment Detail:
HSN DESCRIPTION UNIT QTY PRICE AMOUNT
2822 ITC Master Chef Frozen Snacks 1 liter 2 = 90.00 = 180.00
1532 Fiama Bathing Bars 150 ml 6 = 90.00 = 540.00
SUBTOTAL = 720.00
DISCOUNT(20%) = 208.80
GST(18%) = 129.60
TOTAL = 640.80
PAYMENT METHOD: [cash,card,online,check or etc]
Check/Transaction No [if applicable]
"
1-D-MART PVT LTD.pdf,"D-MART PVT LTD NI 07-23-24
35/2867, B & B2, Bypass Road, Opp. Oberon Mall,
Edappally, Kochi, Kerala 682024 CUSTOMER NO. 1144
CLIENT
41HHLWE12K4A1Q6
Sa te 4539 1488 0343 6467 Anamika Villa, TC 12/456, Kowdiar, Thiruvananthapuram,
aby DESCRIPTION UNIT (elm 4 UNIT PRICE TOTAL
1234 Aashirvaad Atta 5kg Z 250.00 Z 1,000.00
5689 Nutella 350g 350g Z 250.00 z 1,250.00
Remarks / Instructions: SUBTOTAL = 2,250.00
DISCOUNT (10%) % 225.00
GST (18%) = 364.50
Please make check payable to Your Company Name. TOTAL 2,110.50
THANK YOU
casH [_ | CREDITCARD [_] MONEYORDER [_]
For questions concerning this receipt please contact Name, (321) 456-7890, Email Address
deal SALES RECEIPT
Anoop Nair
Anamika Villa, TC 12/456, Kowdiar, Thiruvananthapuram, PN 07-23-24
+91 98765 43210 AMOUNT PAID = 2,110.50
D-MART PVT LTD 35/2867, B & B2, Bypass Road, Opp. Oberon Mall, 41HHLWE12K4A1Q6
Edappally, Kochi, Kerala 682024
"
60-ITC Limited.pdf,"Reciept No: 60 Date: 31-07-2024
Company's Info: Customer's Info:
ITC Limited Sen & Ghosh General Store
37 J.L.Nehru Road, 290, Shyama Prasad
Kolkata 700 071 Mukherjee Road,
Kolkata - 700025
29ABCDE1234F1Z5 66HHAPLO12316ZY
Payment Detail:
HSN DESCRIPTION UNIT QTY PRICE AMOUNT
3041 ITC Master Chef Dairy Whitener 200g 5 = 55.00 = 275.00
1752 Vivel Body Wash 400g 10 = 50.00 = 500.00
SUBTOTAL = 775.00
DISCOUNT(20%) = 224.75
GST(18%) % 139.50
TOTAL = 689.75
PAYMENT METHOD: [cash,card,online,check or etc]
Check/Transaction No [if applicable]
"
70-CROMA PVT LTD.pdf,"Receipt No.: 70
Payment date: 12-08-2024
Payment Type: UPI
From: —C—C—CSCSCdiéGL TZ
CROMA PVT LTD TechSquare
Address: Ground Floor, Skyzone, High Street Address:
Phoenix, Senapati Bapat Marg, Lower 12, Crystal Tower, Lower Parel, Mumbai 400013
Parel, Mumbai, Maharashtra 400013 +91 41234 56781
Phone No: _[87BBAQE12K4P106 a
DESCRIPTION UNIT PRICE Amount (in Rs)
7812 Bose Soundbar 700 10 5 2 69,999.00 = 3,49,995.00
7703 LG QNED80 10 1 = 1,09,999.00 = 1,09,999.00
Sub-Total ¥ 4,59,994.00
Amount in Words: Discount(30%) = 1,37,998.20
GST(18%) X 82,798.92
Total Amount: = 4,04,794.72
eee
Terms & Condition:
Seal & Signature
Thank you for Business !!! Visit us Again !!!
"
102-CROMA PVT LTD.pdf,"Receipt No.: 102
Payment date: 12-08-2024
Payment Type: UPI
From: —CSCd(éBid' To:
CROMA PVT LTD Gadget World
Address: Ground Floor, Skyzone, High Street Address: 45, Oakwood Complex, 5th Cross Lane, Bandra West,
Phoenix, Senapati Bapat Marg, Lower Mumbai 400050
Parel, Mumbai, Maharashtra 400013 +91 87654 32109

Phone No: _[87BBAQE12K4P106 a
DESCRIPTION UNIT PRICE Amount (in Rs)
2203 Samsung Galaxy S23 Ultra 10 3 = 1,24,999.00 2% 3,74,997.00
5691 Samsung Galaxy Z Fold 5 10 1 = 1,84,999.00 = 1,84,999.00
Sub-Total * 5,59,996.00
Amount in Words: Discount(30%) = 1,67,998.80

GST(18%) = 1,00,799.28

Total Amount: X 4,92,796.48
re ee
Terms & Condition:
Seal & Signature
Thank you for Business !!! Visit us Again !!!
"
96-ITC Limited.pdf,"Reciept No: 96 Date: 31-07-2024
Company's Info: Customer's Info:
ITC Limited Banerjee Supermarket
37 J.L.Nehru Road, 652, Shyama Prasad
Kolkata 700 071 Mukherjee Road,
Kolkata - 700025
29ABCDE1234F1Z5 27RRAPL6789S6ZI
Payment Detail:
HSN DESCRIPTION UNIT QTY PRICE AMOUNT
3505 [fCSunfeast Wonderz Nutty Biscuit 1kg 2 = 100.00 = 200.00
2216 Aashirvaad Multigrain Roti Mix 200 g 10 = 510.00 = 5,100.00
SUBTOTAL = 5,300.00
DISCOUNT(20%) % 1,537.00
GST(18%) = 954.00
TOTAL % 4,717.00
PAYMENT METHOD: [cash,card,online,check or etc]
Check/Transaction No [if applicable]
"
4-BIG BAZAAR PVT LTD.pdf,"BIG BAZAAR PVT LTD
1st Floor, Ahmedabad One Mall, Vastrapur,
Ahmedabad, Gujarat 380015
341KKLAE12K4A1E5
CLIENT INFO
Vijay Provision Store
4. 101, Vastrapur Lake,
Ahmedabad, 380015
+91 87654 56789
Date: 31-07-2024 RECIEPT NO: 4
| HSN | DESCRIPTION UNIT PRICE TOTAL
4567 Surf Excel Matic = 300.00 300.00
8923 MTR Breakfast Mix 200 g = 200.00 = 400.00
SUB TOTAL = 700.00
DISCOUNT(15%) = 105.00
GST(18%) = 126.00
TOTAL = 721.00
"
44-CROMA PVT LTD.pdf,"Receipt No.: 44
Payment date: 12-08-2024
Payment Type: UPI
From: —CSCd(éBid' To:
Name: [CROMA PVT LTD
Address: Ground Floor, Skyzone, High Street Address: 77, Skyview Heights, Navi Mumbai, Maharashtra
Phoenix, Senapati Bapat Marg, Lower 400706
Parel, Mumbai, Maharashtra 400013 +91 78901 23467

Phone No: _[87BBAQE12K4P106 a
DESCRIPTION UNIT PRICE Amount (in Rs)
8745 Apple MacBook Air M2 10 1 = 1,19,999.00 = 1,19,999.00
6035 Acer Nitro 5 10 4 = 1,09,999.00 % 4,39,996.00
Sub-Total % 5,59,995.00
Amount in Words: Discount(30%) = 1,67,998.50

GST(18%) = 1,00,799.10

Total Amount: = 4,92,795.60
re ee
Terms & Condition:
Seal & Signature
Thank you for Business !!! Visit us Again !!!
"
97-ITC Limited.pdf,"Reciept No: 97 Date: 31-07-2024
Company's Info: Customer's Info:
ITC Limited Ghosh & Das General Store
37 J.L.Nehru Road,
Kolkata 700 071 665, Hatibagan Road,
Kolkata - 700005
29ABCDE1234F1Z5 28SSAPL7890T7ZJ
Payment Detail:
HSN DESCRIPTION UNIT QTY PRICE AMOUNT
3518 ITC Classmate Math Lab Manual 100 ml 3 % 110.00 % 330.00
2229 Fiama Moisturizing Gel Bar 1kg 2 = 550.00 = 1,100.00
SUBTOTAL % 1,430.00
DISCOUNT(20%) = 414.70
GST(18%) = 257.40
TOTAL % 1,272.70
PAYMENT METHOD: [cash,card,online,check or etc]
Check/Transaction No [if applicable]
"
SinghReceipt_2024-07-24_18-40-56_41.pdf,"Receipt Voucher
Name: Singh Electronics
Address: 890 Gandhi Nagar, Bangalore, Karnataka, 560007
GSTIN: O9AAACNO189C1ZH
S.No: 6938
Date of Issue:27-08-2023
Details of Receiver (Billed to) Details of Receiver (Shipped to)
Name: Tesco Bengaluru Name: Tesco Bengaluru
Address: Tesco Campus, Whitefield, Bengaluru, Karnataka, 560066 Address: | Tesco Campus, Whitefield, Bengaluru, Karnataka, 560066
State: Karnataka State: Karnataka
State code: 66 State code: 66
GSTIN/ UIN (if registered):24FUOAI4389112Z9 GSTIN/ UIN (if registered):24FUOAI4389112Z9
| SNo Description of goods/service HSN/SAC Amount of Advance CGST SGsT IGsT
Apple Watch Series 7 2918 14456.00 1301.04 1301.04 | 0% | 000 |
Total Value (in Rs.) 17058.08
Advance Amount received subject to reverse charge Yes No

Signature of Supplier
"
SinghReceipt_2024-07-24_18-40-41_26.pdf,"Receipt Voucher
Name: Singh Electronics
Address: 890 Gandhi Nagar, Bangalore, Karnataka, 560007
GSTIN: O9AAACNO189C1ZH
S.No: 8017
Date of Issue:01-10-2023
Details of Receiver (Billed to) Details of Receiver (Shipped to)
Name: Tech Mahindra Limited Name: Tech Mahindra Limited
Address: Tech Mahindra Campus, Electronic City, Bengaluru, Karnataka, Address: | Tech Mahindra Campus, Electronic City, Bengaluru, Karnataka,
State: Karnataka State: Karnataka
State code: OO State code: 00
GSTIN/ UIN (if registered):240IPBT1290N1ZO GSTIN/ UIN (if registered):240IPBT1290N1ZO
CGST SGST IGST
[Smo |Description ofgoods/servce | HSN/SAC | Amountof Advance ST ama] mate [anon | Rate | ARORE
Google Nest Hub Max 2180 3154000 2838.6 2638.6 | 0% | 0.00
Total Value (in Rs.) 37217.20
Advance Amount received subject to reverse charge Yes No
Signature of Supplier
"
109-ITC Limited.pdf,"Reciept No: 109 Date: 31-07-2024
Company's Info: Customer's Info:
ITC Limited Roy Grocery Store
37 J.L.Nehru Road, 31, Prince Anwar
Kolkata 700 071 Shah Road, Kolkata -
700033
29ABCDE1234F1Z5 23AAACL1234D1Z24
Payment Detail:
HSN DESCRIPTION UNIT QTY PRICE AMOUNT
7911 Kalkand Sweetener 200 g 5 % 120.00 % 600.00
#N/A Jelly Packs 150g 5 = 70.00 = 350.00
SUBTOTAL = 950.00
DISCOUNT(20%) = 275.50
GST(18%) = 171.00
TOTAL = 845.50
PAYMENT METHOD: [cash,card,online,check or etc]
Check/Transaction No [if applicable]
"
51-ITC Limited.pdf,"Reciept No: 51 Date: 31-07-2024
Company's Info: Customer's Info:
ITC Limited Pal & Das Provision Store
37 J.L.Nehru Road, 200, EM Bypass
Kolkata 700 071 Road, Kolkata -
700107
29ABCDE1234F1Z5 57YYAPL1234Z6ZP
Payment Detail:
HSN DESCRIPTION UNIT QTY PRICE AMOUNT
2926 <°B Natural 100% Pomegranate Jui 200 ml 10 = 70.00 = 700.00
1635 ast Yippee! Magic Masala Tricolor 100ml 9 = 45.00 = 405.00
SUBTOTAL = 1,105.00
DISCOUNT(20%) = 320.45
GST(18%) = 198.90
TOTAL = 983.45
PAYMENT METHOD: [cash,card,online,check or etc]
Check/Transaction No [if applicable]
"
88-ITC Limited.pdf,"Reciept No: 88 Date: 31-07-2024
Company's Info: Customer's Info:
ITC Limited Das & Das Provision Store
37 J.L.Nehru Road,
Kolkata 700 071 573, Elgin Road,
Kolkata - 700020
29ABCDE1234F1Z5 94JJAPL8901K7ZA
Payment Detail:
HSN DESCRIPTION UNIT QTY PRICE AMOUNT
3402 ITC Aashirvaad Select Atta 500 g 6 = 75.00 = 450.00
2113 Engage Drizzle Deos 200 ml 10 = 360.00 2% 3,600.00
SUBTOTAL % 4,050.00
DISCOUNT(20%) = 1,174.50
GST(18%) = 729.00
TOTAL % 3,604.50
PAYMENT METHOD: [cash,card,online,check or etc]
Check/Transaction No [if applicable]
"
43-D-MART PVT LTD.pdf,"D-MART PVT LTD DATE 07-23-24
35/2867, B & B2, Bypass Road, Opp. Oberon Mall,
Edappally, Kochi, Kerala 682024 CUSTOMER NO. 1144
CLIENT
41HHLWE12K4A1Q6
SALESPERSON Anukul Roy Rohith Mathew
CREDIT CARD NO. 4539 1488 0343 6467
Amber Villa, 56/45, Kunnamkulam, Thrissur, Kerala 680503
aby DESCRIPTION OTE QTY UNIT PRICE TOTAL
7895 Kurkure 100g 100g z 20.00 z 80.00
2360 Crocin Tablets 20 Pack 20 Pack Z 20.00 Z 60.00
Remarks / Instructions: SUBTOTAL = 140.00
DISCOUNT (10%) = 14.00
GST (18%) = 22.68
Please make check payable to Your Company Name. TOTAL 8134.32
THANK YOU
casH [_ | CREDITCARD [_] MONEYORDER [_]
For questions concerning this receipt please contact Name, (321) 456-7890, Email Address
eae SALES RECEIPT
Rohith Mathew
DATE 07-23-24
Amber Villa, 56/45, Kunnamkulam, Thrissur, Kerala 680503
+91 94567 89012 AMOUNT PAID = 131.32
D-MART PVT LTD 35/2867, B & B2, Bypass Road, Opp. Oberon Mall, 41HHLWE12K4A1Q6
Edappally, Kochi, Kerala 682024
"
SinghReceipt_2024-07-24_18-41-04_49.pdf,"Receipt Voucher
Name: Singh Electronics
Address: 890 Gandhi Nagar, Bangalore, Karnataka, 560007
GSTIN: O9AAACNO189C1ZH
S.No: 8400
Date of Issue:12-08-2023
Details of Receiver (Billed to) Details of Receiver (Shipped to)
Name: Goldman Sachs Services Pvt Ltd Name: Goldman Sachs Services Pvt Ltd
Address: Goldman Sachs Office, Outer Ring Road, Bengaluru, Karnataka, Address: | Goldman Sachs Office, Outer Ring Road, Bengaluru, Karnataka,
State: Karnataka State: Karnataka
State code: 03 State code: 03
GSTIN/ UIN (if registered):24GVXLW9515K1Z5 GSTIN/ UIN (if registered):24GVXLW9515K1Z5
| SNo Description of goods/service HSN/SAC Amount of Advance CGST SGsT IGsT
Bosch 300 Series Dishwasher 3023 12932.00 1163.88 1163.88 | 0% | 000 |
Total Value (in Rs.) 15259.76
Advance Amount received subject to reverse charge Yes No

Signature of Supplier
"
SinghReceipt_2024-07-24_18-40-48_33.pdf,"Receipt Voucher
Name: Singh Electronics
Address: 890 Gandhi Nagar, Bangalore, Karnataka, 560007
GSTIN: O9AAACNO189C1ZH
S.No: 4025
Date of Issue:12-03-2023
Details of Receiver (Billed to) Details of Receiver (Shipped to)
Name: Intel India Name: Intel India
Address: Intel Office, Sarjapur Road, Bengaluru, Karnataka, 560035 Address: _ Intel Office, Sarjapur Road, Bengaluru, Karnataka, 560035
State: Karnataka State: Karnataka
State code: 35 State code: 35
GSTIN/ UIN (if registered):24EUKUJ2798R1Z9 GSTIN/ UIN (if registered):24EUKUJ2798R1Z9
| SNo Description of goods/service HSN/SAC Amount of Advance CGST SGsT IGsT
LG UltraFine LED Monitor 2626 16814.00 1513.26 1513.26 | 0% | 0.00 |
Total Value (in Rs.) 19840.52
Advance Amount received subject to reverse charge Yes No

Signature of Supplier
"
6-D-MART PVT LTD.pdf,"D-MART PVT LTD DATE 07-23-24
35/2867, B & B2, Bypass Road, Opp. Oberon Mall,
Edappally, Kochi, Kerala 682024 CUSTOMER NO. 1144
CLIENT
41HHLWE12K4A1Q6
CREDIT CARD NO. 4539 1488 0343 6467
Aradhana, 56/234, Kallai, Kozhikode, Kerala 673003
abe DESCRIPTION OTE QTY UNIT PRICE TOTAL
3456 Parle G Biscuits 800g 800g z 120.00 z 120.00
7902 Appy Fizz 1L z 80.00 Z 320.00
Remarks / Instructions: SUBTOTAL % 440.00
DISCOUNT (10%) = 44.00
GST (18%) = 71.28
Please make check payable to Your Company Name. TOTAL = 412.72
THANK YOU
casH [_ | CREDITCARD [_] MONEYORDER [_]
For questions concerning this receipt please contact Name, (321) 456-7890, Email Address
eae SALES RECEIPT
Amala Das
DATE 07-23-24
Aradhana, 56/234, Kallai, Kozhikode, Kerala 673003
9.19543E+11 AMOUNT PAID = 412.72
D-MART PVT LTD 35/2867, B & B2, Bypass Road, Opp. Oberon Mall, 41HHLWE12K4A1Q6
Edappally, Kochi, Kerala 682024
"
100-ITC Limited.pdf,"Reciept No: 100 Date: 31-07-2024
Company's Info: Customer's Info:
ITC Limited Bannerjee & Chatterjee Grocery
37 J.L.Nehru Road,
Kolkata 700 071 695, Gariahat Road,
Kolkata - 700029
29ABCDE1234F1Z5 36VVAPLO123W1ZM
Payment Detail:
HSN DESCRIPTION UNIT QTY PRICE AMOUNT
3566 ITC Engage Frost Deodorants 500 ml 8 = 140.00 = 1,120.00
2268 Sunfeast Marie Light Rich Taste 200 g 10 = 590.00 = 5,900.00
SUBTOTAL = 7,020.00
DISCOUNT(20%) % 2,035.80
GST(18%) = 1,263.60
TOTAL % 6,247.80
PAYMENT METHOD: [cash,card,online,check or etc]
Check/Transaction No [if applicable]
"
125-ITC Limited.pdf,"Reciept No: 125 Date: 31-07-2024
Company's Info: Customer's Info:
ITC Limited Bhattacharya Super Mart
37 J.L.Nehru Road,
Kolkata 700 071 33, Hatibagan Road,
Kolkata - 700005
29ABCDE1234F1Z5 18AAACC1234N1Z6
Payment Detail:
HSN DESCRIPTION UNIT QTY PRICE AMOUNT
6805 Yogurt Mix 500 ml 9 ® 120.00 % 1,080.00
#N/A Zesty Orange Drink 100 g 10 % 150.00 2% 1,500.00
SUBTOTAL % 2,580.00
DISCOUNT(20%) = 748.20
GST(18%) = 464.40
TOTAL % 2,296.20
PAYMENT METHOD: [cash,card,online,check or etc]
Check/Transaction No [if applicable]
"
5-D-MART PVT LTD.pdf,"D-MART PVT LTD DATE 07-23-24
35/2867, B & B2, Bypass Road, Opp. Oberon Mall,
Edappally, Kochi, Kerala 682024 CUSTOMER NO. 1144
CLIENT
41HHLWE12K4A1Q6
SALESPERSON Anukul Roy Anand Pillai
Sa te 4539 1488 0343 6467 Shanti Villa, 12/98, Vazhuthacaud, Thiruvananthapuram,
abe DESCRIPTION OTE QTY UNIT PRICE TOTAL
g912 Britannia Marie Gold Biscuits 500g — |500g Z 100.00 Z 300.00
Remarks / Instructions: SUBTOTAL = 660.00
DISCOUNT (10%) = 66.00
GST (18%) = 106.92
Please make check payable to Your Company Name. TOTAL = 619.08
THANK YOU
casH [_ | CREDITCARD [_] MONEYORDER [_]
For questions concerning this receipt please contact Name, (321) 456-7890, Email Address
eae SALES RECEIPT
Anand Pillai
Shanti Villa, 12/98, Vazhuthacaud, Thiruvananthapuram, Kerala NS 07-23-24
+91 76543 21098 AMOUNT PAID = 619.08
D-MART PVT LTD 35/2867, B & B2, Bypass Road, Opp. Oberon Mall, 41HHLWE12K4A1Q6
Edappally, Kochi, Kerala 682024
"
4-CROMA PVT LTD.pdf,"Receipt No.: 4
Payment date: 12-08-2024
Payment Type: UPI
From: ——SCSCSCSC*dCéBiL TZ
Name: [CROMA PVT LTD
Address: Ground Floor, Skyzone, High Street Address:
Phoenix, Senapati Bapat Marg, Lower 23/4, Sunrise Tower, Chembur, Mumbai 400071
Parel, Mumbai, Maharashtra 400013 +91 65432 10987

Phone No: _[87BBAQE12K4P106 a
DESCRIPTION UNIT PRICE Amount (in Rs)
4205 Xiaomi Redmi Note 12 Pro 10 4 ® 18,999.00 ® 75,996.00
7813 Xiaomi Mi 12 10 4 X= 24,999.00 ® 99,996.00
Sub-Total ® 1,75,992.00
Amount in Words: Discount(30%) = 52,797.60

GST(18%) = 31,678.56

Total Amount: = 1,54,872.96
eee
Terms & Condition:
Seal & Signature
Thank you for Business !!! Visit us Again !!!
"
34-ITC Limited.pdf,"Reciept No: 34 Date: 31-07-2024
Company's Info: Customer's Info:
ITC Limited Chakrabarti Grocery Mart
37 J.L.Nehru Road,
Kolkata 700 071 14, Elgin Road,
Kolkata - 700020
29ABCDE1234F1Z5 4OHHAPL456717ZY
Payment Detail:
HSN DESCRIPTION UNIT QTY PRICE AMOUNT
2706 Engage On Deodorants 100 g 2 % 30.00 % 60.00
1416 Engage Fragrance Sprays 500 g 3 % 30.00 % 90.00
SUBTOTAL = 150.00
DISCOUNT(20%) = 43.50
GST(18%) = 27.00
TOTAL = 133.50
PAYMENT METHOD: [cash,card,online,check or etc]
Check/Transaction No [if applicable]
"
44-D-MART PVT LTD.pdf,"D-MART PVT LTD DATE 07-23-24
35/2867, B & B2, Bypass Road, Opp. Oberon Mall,
Edappally, Kochi, Kerala 682024 CUSTOMER NO. 1144
CLIENT
41HHLWE12K4A1Q6
CREDIT CARD NO. 4539 1488 0343 6467
Silver Villa, 34/23, Irinjalakuda, Thrissur, Kerala 680121
abe DESCRIPTION OTE QTY UNIT PRICE TOTAL
2349 Bingo Mad Angles 100g 100g z 20.00 z 60.00
6804 Vicks Vaporub 50g Z 50.00 % 200.00
Remarks / Instructions: SUBTOTAL = 260.00
DISCOUNT (10%) = 26.00
GST (18%) = 42.12
Please make check payable to Your Company Name. TOTAL = 243.88
THANK YOU
casH [_ | CREDITCARD [_] MONEYORDER [_]
For questions concerning this receipt please contact Name, (321) 456-7890, Email Address
eae SALES RECEIPT
Roshni Nair
DATE 07-23-24
Silver Villa, 34/23, Irinjalakuda, Thrissur, Kerala 680121
+91 87654 56789 AMOUNT PAID = 243.88
D-MART PVT LTD 35/2867, B & B2, Bypass Road, Opp. Oberon Mall, 41HHLWE12K4A1Q6
Edappally, Kochi, Kerala 682024
"
SinghReceipt_2024-07-24_18-41-14_59.pdf,"Receipt Voucher
Name: Singh Electronics
Address: 890 Gandhi Nagar, Bangalore, Karnataka, 560007
GSTIN: O9AAACNO189C1ZH
S.No: 9093
Date of Issue:01-10-2023
Details of Receiver (Billed to) Details of Receiver (Shipped to)
Name: InMobi Technologies Name: InMobi Technologies
Address: InMobi Office, Koramangala, Bengaluru, Karnataka, 560034 Address: — InMobi Office, Koramangala, Bengaluru, Karnataka, 560034
State: Karnataka State: Karnataka
State code: 34 State code: 34
GSTIN/ UIN (if registered):24AONWO7121R1Z4 GSTIN/ UIN (if registered):24AONWO7121R1Z4
| SNo Description of goods/service HSN/SAC Amount of Advance CGST SGsT IGsT
Corsair Vengeance LPX 16GB DDR4| —.2475 3237.00 291.33 291.33 | 0% | 0.00 |
Total Value (in Rs.) 3819.66
Advance Amount received subject to reverse charge Yes No

Signature of Supplier
"
15-ITC Limited.pdf,"Reciept No: 15 Date: 31-07-2024
Company's Info: Customer's Info:
ITC Limited Basu Provision Store
37 J.L.Nehru Road,
Kolkata 700 071 22, EM Bypass Road,
Kolkata - 700107
29ABCDE1234F1Z5 19O0APL4567P6ZF
Payment Detail:
HSN DESCRIPTION UNIT QTY PRICE AMOUNT
2461 _—_—itchens of India Ready-to-Eat Mea 200 ml 10 % 120.00 % 1,200.00
1182 Savlon Hexa Advanced Soap 500 g 3 = 120.00 = 360.00
SUBTOTAL % 1,560.00
DISCOUNT(20%) = 452.40
GST(18%) = 280.80
TOTAL = 1,388.40
PAYMENT METHOD: [cash,card,online,check or etc]
Check/Transaction No [if applicable]
"
29-ITC Limited.pdf,"Reciept No: 29 Date: 31-07-2024
Company's Info: Customer's Info:
ITC Limited Biswas Brothers General Store
37 J.L.Nehru Road, 30, Rash Behari
Kolkata 700 071 Avenue, Kolkata -
700029
29ABCDE1234F1Z5 35CCAPL9012D2ZT
Payment Detail:
HSN DESCRIPTION UNIT QTY PRICE AMOUNT
2642 Sunbean Gourmet Coffee 1kg 2 = 55.00 = 110.00
1352 sunfeast Delishus Gourmet Cookie 500g 7 = 55.00 = 385.00
SUBTOTAL = 495.00
DISCOUNT(20%) = 143.55
GST(18%) % 89.10
TOTAL = 440.55
PAYMENT METHOD: [cash,card,online,check or etc]
Check/Transaction No [if applicable]
"
7-BIG BAZAAR PVT LTD.pdf,"BIG BAZAAR PVT LTD
1st Floor, Ahmedabad One Mall, Vastrapur,
Ahmedabad, Gujarat 380015
341KKLAE12K4A1E5
CLIENT INFO
Jai Provision Store
7.404, Maninagar, Ahmedabad,
380008
+91 89012 34567
Date: 31-07-2024 RECIEPT NO: 7
| HSN | DESCRIPTION UNIT PRICE TOTAL
7891 Fortune Rice Bran Oil = 190.00 = 570.00
2356 200 ml % 200.00 % 1,000.00
SUB TOTAL X 1,570.00
DISCOUNT(15%) X 235.50
GST(18%) % 282.60
TOTAL X 1,617.10
"
26-ITC Limited.pdf,"Reciept No: 26 Date: 31-07-2024
Company's Info: Customer's Info:
ITC Limited Chatterjee General Store
37 J.L.Nehru Road, 2, Acharya Jagadish
Kolkata 700 071 Chandra Bose Road,
Kolkata - 700020
29ABCDE1234F1Z5 32ZZAPL6789A8ZQ
Payment Detail:
HSN DESCRIPTION UNIT QTY PRICE AMOUNT
2603 John Players Clothing 200 ml 2 = 60.00 = 120.00
1313 Sunfeast Wonderz Milk Shakes 200 ml 3 % 60.00 = 180.00
SUBTOTAL % 300.00
DISCOUNT(20%) = 87.00
GST(18%) = 54.00
TOTAL = 267.00
PAYMENT METHOD: [cash,card,online,check or etc]
Check/Transaction No [if applicable]
"
36-BIG BAZAAR PVT LTD.pdf,"BIG BAZAAR PVT LTD
1st Floor, Ahmedabad One Mall, Vastrapur,
Ahmedabad, Gujarat 380015
341KKLAE12K4A1E5
CLIENT INFO
Prakash Provision Store
36. 606, Bapunagar, Ahmedabad,
380025
+91 87654 56789
Date: 31-07-2024 RECIEPT NO: 36
| HSN | DESCRIPTION UNIT PRICE TOTAL
6792 Ponds Cold Cream 100 ml = 100.00 = 100.00
1249 Parle Krackjack 500 ml = 200.00 = 200.00
SUB TOTAL = 300.00
DISCOUNT(15%) = 45.00
GST(18%) = 54.00
TOTAL = 309.00
"
35-D-MART PVT LTD.pdf,"D-MART PVT LTD DATE 07-23-24
35/2867, B & B2, Bypass Road, Opp. Oberon Mall,
Edappally, Kochi, Kerala 682024 CUSTOMER NO. 1144
CLIENT
41HHLWE12K4A1Q6
SALESPERSON Anukul Roy Nikhil Kumar
CREDIT CARD NO. 4539 1488 0343 6467
Emerald Villa, 12/45, Manjeri, Malappuram, Kerala 676121
abe DESCRIPTION OTE QTY UNIT PRICE TOTAL
2348 Vaseline Petroleum Jelly = 50.00 = 150.00
6803 Heinz Ketchup 1kg z 120.00 Z 480.00
Remarks / Instructions: SUBTOTAL % 630.00
DISCOUNT (10%) = 63.00
GST (18%) = 102.06
Please make check payable to Your Company Name. TOTAL = 590.94
THANK YOU
casH [_ | CREDITCARD [_] MONEYORDER [_]
For questions concerning this receipt please contact Name, (321) 456-7890, Email Address
eae SALES RECEIPT
Nikhil Kumar
DATE 07-23-24
Emerald Villa, 12/45, Manjeri, Malappuram, Kerala 676121
+91 94567 89012 AMOUNT PAID = 590.94
D-MART PVT LTD 35/2867, B & B2, Bypass Road, Opp. Oberon Mall, 41HHLWE12K4A1Q6
Edappally, Kochi, Kerala 682024
"
125-BIG BAZAAR PVT LTD.pdf,"BIG BAZAAR PVT LTD
26th Floor, Ahmedabad One Mall, Vastrapur,
Ahmedabad, Gujarat 380015
341KKLAE12K4A1E5
CLIENT INFO
Rekha Provision Store
125. 505, Ghatlodia, Anmedabad,
380061
+91 99333 11223
Date: 31-07-2024 RECIEPT NO: 125
| HSN | DESCRIPTION UNIT PRICE TOTAL
3506 Kwality Walls Cornetto Ice Cream | 120 ml = 100.00 = 300.00
6006 Sony Bluetooth Speaker = 2,500.00 = 2,500.00
SUB TOTAL = 2,800.00
DISCOUNT(15%) = 420.00
GST(18%) = 504.00
TOTAL = 2,884.00
"
102-BIG BAZAAR PVT LTD.pdf,"BIG BAZAAR PVT LTD
3rd Floor, Ahmedabad One Mall, Vastrapur,
Ahmedabad, Gujarat 380015
341KKLAE12K4A1E5
CLIENT INFO
Narendra Provision Store
102. 909, Ranip, Ahmedabad,
382480
+91 98711 22334
Date: 31-07-2024 RECIEPT NO: 102
| HSN | DESCRIPTION UNIT PRICE TOTAL
1101 | Aashirvaad Atta (Wheat Flour) = 350.00 = 1,400.00
3707 | Haldiram's Ready-to-Eat Chole | 300g = 130.00 = 130.00
SUB TOTAL 1,530.00
DISCOUNT(15%) = 229.50
GST(18%) = 275.40
TOTAL = 1,575.90
"
99-ITC Limited.pdf,"Reciept No: 99 Date: 31-07-2024
Company's Info: Customer's Info:
ITC Limited Sen Super Mart
37 J.L.Nehru Road,
Kolkata 700 071 683, Park Street,
Kolkata - 700016
29ABCDE1234F1Z5 35UUAAPL9012V9ZL
Payment Detail:
HSN DESCRIPTION UNIT QTY PRICE AMOUNT
3544 _ |TC Vivel Mixed Fruit Essence Soar 500g 6 = 130.00 = 780.00
2255  assmate Pulse Three Subject Note 250 ml 8 = 570.00 = 4,560.00
SUBTOTAL % 5,340.00
DISCOUNT(20%) = 1,548.60
GST(18%) % 961.20
TOTAL X 4,752.60
PAYMENT METHOD: [cash,card,online,check or etc]
Check/Transaction No [if applicable]
"
2-BIG BAZAAR PVT LTD.pdf,"BIG BAZAAR PVT LTD
1st Floor, Ahmedabad One Mall, Vastrapur,
Ahmedabad, Gujarat 380015
341KKLAE12K4A1E5
CLIENT INFO
Gagan Provision Store
2. 2nd Floor, 456, MG Road,
Ahmedabad, 380001
+91 87654 32109
Date: 31-07-2024 RECIEPT NO: 2
| HSN | DESCRIPTION UNIT PRICE TOTAL
5678 Colgate Toothpaste 200 g = 50.00 = 50.00
9134 L’Oréal Paris Hair Color 200 ml = 200.00 = 400.00
SUB TOTAL = 450.00
DISCOUNT(15%) = 67.50
GST(18%) = 81.00
TOTAL = 463.50
"
62-BIG BAZAAR PVT LTD.pdf,"BIG BAZAAR PVT LTD
1st Floor, Ahmedabad One Mall, Vastrapur,
Ahmedabad, Gujarat 380015
341KKLAE12K4A1E5
CLIENT INFO
Pradeep Provision Store
62. 505, Bhat, Anmedabad,
382428
+91 95432 10987
Date: 31-07-2024 RECIEPT NO: 62
| HSN | DESCRIPTION UNIT PRICE TOTAL
2351 % 75.00 275.00
6806 Tata Sampann Spices 500g = 500.00 1,500.00
SUB TOTAL = 1,575.00
DISCOUNT(15%) % 236.25
GST(18%) = 283.50
TOTAL = 1,622.25
"
80-ITC Limited.pdf,"Reciept No: 80 Date: 31-07-2024
Company's Info: Customer's Info:
ITC Limited Chatterjee Supermarket
37 J.L.Nehru Road, 497, Acharya
Kolkata 700 071 Jagadish Chandra
Bose Road, Kolkata -
29ABCDE1234F1Z5 86BBAPL0123C8ZS
Payment Detail:
HSN DESCRIPTION UNIT QTY PRICE AMOUNT
3299 ITC B Natural Mixed Fruit Juice 200ml 9 ® 130.00 % 1,170.00
2009 3unfeast Dark Fantasy Choco Melt. 500g 4 = 300.00 = 1,200.00
SUBTOTAL % 2,370.00
DISCOUNT(20%) = 687.30
GST(18%) = 426.60
TOTAL % 2,109.30
PAYMENT METHOD: [cash,card,online,check or etc]
Check/Transaction No [if applicable]
"
94-CROMA PVT LTD.pdf,"Receipt No.: 94
Payment date: 12-08-2024
Payment Type: UPI
From: CB To:
CROMA PVT LTD TechWorld
Address: Ground Floor, Skyzone, High Street Address:
Phoenix, Senapati Bapat Marg, Lower 56, Urban Oasis, Malad West, Mumbai 400064
Parel, Mumbai, Maharashtra 400013 +91 91234 56782

Phone No: _[87BBAQE12K4P106 a
DESCRIPTION UNIT PRICE Amount (in Rs)
6689 LG Gram 17 10 3 = 1,49,999.00 = 4,49,997.00
7704 Asus TUF Gaming A15 10 5 = 1,09,999.00 = 5,49,995.00
Sub-Total ¥ 9,99,992.00
Amount in Words: Discount(30%) = 2,99,997.60

GST(18%) = 1,79,998.56

Total Amount: X 8,79,992.96
eee
Terms & Condition:
Seal & Signature
Thank you for Business !!! Visit us Again !!!
"
98-CROMA PVT LTD.pdf,"Receipt No.: 98
Payment date: 12-08-2024
Payment Type: UPI
From: —C—C—CSCSCdiéGL TZ
Name: [CROMA PVT LTD Name: [Byteland
Address: Ground Floor, Skyzone, High Street Address:
Phoenix, Senapati Bapat Marg, Lower 55, Crystal Heights, Lower Parel, Mumbai 400013
Parel, Mumbai, Maharashtra 400013 +91 45678 90167
Phone No: _[87BBAQE12K4P106 a
DESCRIPTION UNIT PRICE Amount (in Rs)
1256 HP Pavilion Gaming 10 4 % 45,999.00 % 1,83,996.00
2482 Acer Aspire 7 10 5 = 48,999.00 X 2,44,995.00
Sub-Total ® 4,28,991.00
Amount in Words: Discount(30%) = 1,28,697.30
GST(18%) % 77,218.38
Total Amount: = 3,77,512.08
eee
Terms & Condition:
Seal & Signature
Thank you for Business !!! Visit us Again !!!
"
55-ITC Limited.pdf,"Reciept No: 55 Date: 31-07-2024
Company's Info: Customer's Info:
ITC Limited Dasgupta Super Mart
37 J.L.Nehru Road, 245, Maniktala Main
Kolkata 700 071 Road, Kolkata -
700054
29ABCDE1234F1Z5 61CCAPL5678D12ZT
Payment Detail:
HSN DESCRIPTION UNIT QTY PRICE AMOUNT
2977 Fiama Bathing Bars 500 g 8 = 35.00 = 280.00
1687 avlon Antiseptic Liquid Hand Was 200ml 5 = 70.00 = 350.00
SUBTOTAL = 630.00
DISCOUNT(20%) = 182.70
GST(18%) = 113.40
TOTAL = 560.70
PAYMENT METHOD: [cash,card,online,check or etc]
Check/Transaction No [if applicable]
"
108-BIG BAZAAR PVT LTD.pdf,"BIG BAZAAR PVT LTD
9th Floor, Ahmedabad One Mall, Vastrapur,
Ahmedabad, Gujarat 380015
341KKLAE12K4A1E5
CLIENT INFO
Ajit Provision Store
108. 606, Maninagar, Ahmedabad,
380008
+91 98675 43219
Date: 31-07-2024 RECIEPT NO: 108
| HSN | DESCRIPTION UNIT PRICE TOTAL
1806 Fortune Sunlite Refined Oil = 200.00 = 200.00
4302 Kleenex Toilet Paper = 60.00 = 180.00
SUB TOTAL = 380.00
DISCOUNT(15%) = 57.00
GST(18%) = 68.40
TOTAL = 391.40
"
6-BIG BAZAAR PVT LTD.pdf,"BIG BAZAAR PVT LTD
1st Floor, Ahmedabad One Mall, Vastrapur,
Ahmedabad, Gujarat 380015
341KKLAE12K4A1E5
CLIENT INFO
Amit Provision Store
6. 303, Satellite, Ahmedabad,
380015
9.19543E+11
Date: 31-07-2024 RECIEPT NO: 6
| HSN | DESCRIPTION UNIT PRICE TOTAL
3456 Saffola Gold Oil = 200.00 = 800.00
7902 Vaseline Body Lotion 100 ml = 100.00 = 100.00
SUB TOTAL % 900.00
DISCOUNT(15%) % 135.00
GST(18%) = 162.00
TOTAL = 927.00
"
52-CROMA PVT LTD.pdf,"Receipt No.: 52
Payment date: 12-08-2024
Payment Type: UPI
From: ——SCSCSCSC*dCéBiL TZ
Name: [oROMA PVT-LTD Name: _[VoltLink
Address: Ground Floor, Skyzone, High Street Address:
Phoenix, Senapati Bapat Marg, Lower 85, Tranquil Heights, Malad West, Mumbai 400064
Parel, Mumbai, Maharashtra 400013 +91 51234 56780

Phone No: |87BBAQEI2KaP106 a
DESCRIPTION UNIT PRICE Amount (in Rs)
7653 Motorola Edge 30 Pro 10 1 = 44,999.00 = 44,999.00
5814 Oppo F21 Pro 10 4 = 27,999.00 = 1,11,996.00
Sub-Total ® 1,56,995.00
Amount in Words: Discount(30%) = 47,098.50

GST(18%) X 28,259.10

Total Amount: X 1,38,155.60
eee
Terms & Condition:
Seal & Signature
Thank you for Business !!! Visit us Again !!!
"
41-CROMA PVT LTD.pdf,"Receipt No.: 41
Payment date: 12-08-2024
Payment Type: UPI
From: CB To:
CROMA PVT LTD VoltWorld
Address: Ground Floor, Skyzone, High Street Address:
Phoenix, Senapati Bapat Marg, Lower 81, Golden Gate, Borivali West, Mumbai 400092
Parel, Mumbai, Maharashtra 400013 +91 45678 90134

Phone No: _[87BBAQE12K4P106 a
DESCRIPTION UNIT PRICE Amount (in Rs)
5412 JBL Flip 6 10 3 = 12,999.00 = 38,997.00
3702 JBL Flip 5 10 2 = 12,999.00 = 25,998.00
Sub-Total ¥ 64,995.00
Amount in Words: Discount(30%) = 19,498.50

GST(18%) 11,699.10

Total Amount: = 57,195.60
eee
Terms & Condition:
Seal & Signature
Thank you for Business !!! Visit us Again !!!
"
99-CROMA PVT LTD.pdf,"Receipt No.: 99
Payment date: 12-08-2024
Payment Type: UPI
From: —CSCd(éBid' To:
CROMA PVT LTD SparkCity Electronics
Address: Ground Floor, Skyzone, High Street Address:
Phoenix, Senapati Bapat Marg, Lower 66, Crest Residences, Bandra East, Mumbai 400051
Parel, Mumbai, Maharashtra 400013 +91 56789 01278
Phone No: _[87BBAQE12K4P106 a
DESCRIPTION UNIT PRICE Amount (in Rs)
2368 Lenovo IdeaPad Flex 5 10 4 % 39,999.00 = 1,59,996.00
3593 Samsung Galaxy Book Pro 360 10 3 = 79,999.00 = 2,39,997.00
Sub-Total X 3,99,993.00
Amount in Words: Discount(30%) = 1,19,997.90
GST(18%) = 71,998.74
Total Amount: X 3,51,993.84
re ee
Terms & Condition:
Seal & Signature
Thank you for Business !!! Visit us Again !!!
"
70-BIG BAZAAR PVT LTD.pdf,"BIG BAZAAR PVT LTD
1st Floor, Ahmedabad One Mall, Vastrapur,
Ahmedabad, Gujarat 380015
341KKLAE12K4A1E5
CLIENT INFO
Arun Kumar Provision Store
70. 404, Gota, Ahmedabad,
382481
+91 95432 10987
Date: 31-07-2024 RECIEPT NO: 70
| HSN | DESCRIPTION UNIT PRICE TOTAL
7898 Dettol Soap 200 ml = 200.00 = 600.00
2363 Lays Classic Salted 200 ml = 100.00 = 300.00
SUB TOTAL = 900.00
DISCOUNT(15%) = 135.00
GST(18%) = 162.00
TOTAL = 927.00
"
4-D-MART PVT LTD.pdf,"D-MART PVT LTD DATE 07-23-24
35/2867, B & B2, Bypass Road, Opp. Oberon Mall,
Edappally, Kochi, Kerala 682024 CUSTOMER NO. 1144
CLIENT
41HHLWE12K4A1Q6
SALESPERSON Anukul Roy Akhila Raj
CREDIT CARD NO. 4539 1488 0343 6467
Sarovar, 34/56, Chalakudy, Thrissur, Kerala 680307
abe DESCRIPTION OTE QTY UNIT PRICE TOTAL
4567 Surf Excel Detergent Powder 1kg = 200.00 = 600.00
8923 Tropicana Mixed Fruit Juice 1L z 100.00 Z 100.00
Remarks / Instructions: SUBTOTAL = 700.00
DISCOUNT (10%) = 70.00
GST (18%) = 113.40
Please make check payable to Your Company Name. TOTAL = 656.60
THANK YOU
casH [_ | CREDITCARD [_] MONEYORDER [_]
For questions concerning this receipt please contact Name, (321) 456-7890, Email Address
eae SALES RECEIPT
Akhila Raj
DATE 07-23-24
Sarovar, 34/56, Chalakudy, Thrissur, Kerala 680307
+91 87654 56789 AMOUNT PAID = 656.60
D-MART PVT LTD 35/2867, B & B2, Bypass Road, Opp. Oberon Mall, 41HHLWE12K4A1Q6
Edappally, Kochi, Kerala 682024
"
125-CROMA PVT LTD.pdf,"Receipt No.: 125
Payment date: 12-08-2024
Payment Type: UPI
From: ——SCSCSCSC*dCéBiL TZ
Name: [CROMA PVT LTD Name: [SparkTech
Address: Ground Floor, Skyzone, High Street Address:
Phoenix, Senapati Bapat Marg, Lower 73, Silver Sands, Dahisar West, Mumbai 400068
Parel, Mumbai, Maharashtra 400013 +91 78901 23456

Phone No: _[87BBAQE12K4P106 a
DESCRIPTION UNIT PRICE Amount (in Rs)
7486 OnePlus Buds Z2 10 1 = 7,999.00 = 7,999.00
3480 OnePlus Buds Pro 10 2 = 14,499.00 X% 28,998.00
Sub-Total ¥ 36,997.00
Amount in Words: Discount(30%) = 11,099.10

GST(18%) = 6,659.46

Total Amount: X 32,557.36
eee
Terms & Condition:
Seal & Signature
Thank you for Business !!! Visit us Again !!!
"
57-CROMA PVT LTD.pdf,"Receipt No.: 57
Payment date: 12-08-2024
Payment Type: UPI
From: CB To:
Name: [CROMA PVT LTD
Address: Ground Floor, Skyzone, High Street Address:
Phoenix, Senapati Bapat Marg, Lower 89, Cascade Towers, Chembur, Mumbai 400071
Parel, Mumbai, Maharashtra 400013 +91 12345 67892

Phone No: _[87BBAQE12K4P106 a
DESCRIPTION UNIT PRICE Amount (in Rs)
3345 HP Elite Dragonfly 10 2 % 2,29,999.00 % 4,59,998.00
2360 Dell Latitude 5430 10 3 = 1,19,999.00 = 3,59,997.00
Sub-Total ¥ 8,19,995.00
Amount in Words: Discount(30%) = 2,45,998.50

GST(18%) ® 1,47,599.10

Total Amount: = 7,21,595.60
eee
Terms & Condition:
Seal & Signature
Thank you for Business !!! Visit us Again !!!
"
24-D-MART PVT LTD.pdf,"D-MART PVT LTD DATE 07-23-24
35/2867, B & B2, Bypass Road, Opp. Oberon Mall,
Edappally, Kochi, Kerala 682024 CUSTOMER NO. 1144
CLIENT
41HHLWE12K4A1Q6
CREDIT CARD NO. 4539 1488 0343 6467
Olive Villa, 34/45, Thodupuzha, Idukki, Kerala 685584
abe DESCRIPTION OTE QTY UNIT PRICE TOTAL
3458 Sunsilk Shampoo 340m! 340ml Z 200.00 Z 1,000.00
7904 Parle Monaco 300g 300g z 50.00 Z 100.00
Remarks / Instructions: SUBTOTAL = 1,100.00
DISCOUNT (10%) = 110.00
GST (18%) = 178.20
Please make check payable to Your Company Name. TOTAL = 1,031.80
THANK YOU
casH [_ | CREDITCARD [_] MONEYORDER [_]
For questions concerning this receipt please contact Name, (321) 456-7890, Email Address
eae SALES RECEIPT
Haritha Menon
DATE 07-23-24
Olive Villa, 34/45, Thodupuzha, Idukki, Kerala 685584
+91 98765 67890 AMOUNT PAID = 1,031.80
D-MART PVT LTD 35/2867, B & B2, Bypass Road, Opp. Oberon Mall, 41HHLWE12K4A1Q6
Edappally, Kochi, Kerala 682024
"
15-BIG BAZAAR PVT LTD.pdf,"BIG BAZAAR PVT LTD
1st Floor, Ahmedabad One Mall, Vastrapur,
Ahmedabad, Gujarat 380015
341KKLAE12K4A1E5
CLIENT INFO
Pooja Provision Store
15. 303, Shahibaug, Anmedabad,
380004
+91 89012 34567
Date: 31-07-2024 RECIEPT NO: 15
| HSN | DESCRIPTION UNIT PRICE TOTAL
3457 Horlicks Health Drink 500g = 450.00 % 2,250.00
7903 Johnson’s Baby Lotion 200 ml = 200.00 1,000.00
SUB TOTAL % 3,250.00
DISCOUNT(15%) = 487.50
GST(18%) = 585.00
TOTAL % 3,347.50
"
12-D-MART PVT LTD.pdf,"D-MART PVT LTD DATE 07-23-24
35/2867, B & B2, Bypass Road, Opp. Oberon Mall,
Edappally, Kochi, Kerala 682024 CUSTOMER NO. 1144
CLIENT
41HHLWE12K4A1Q6
CREDIT CARD NO. 4539 1488 0343 6467
Surya Nivas, 23/45, Palarivattom, Kochi, Kerala 682025
abe DESCRIPTION OTE QTY UNIT PRICE TOTAL
9124 Tata Salt 1kg Z 20.00 Z 40.00
4579 Saffola Oats 1kg Z 150.00 % 450.00
Remarks / Instructions: SUBTOTAL = 490.00
DISCOUNT (10%) = 49.00
GST (18%) = 79.38
Please make check payable to Your Company Name. TOTAL 8459.62
THANK YOU
casH [_ | CREDITCARD [_] MONEYORDER [_]
For questions concerning this receipt please contact Name, (321) 456-7890, Email Address
eae SALES RECEIPT
Chandran Nair
DATE 07-23-24
Surya Nivas, 23/45, Palarivattom, Kochi, Kerala 682025
+91 87654 56789 AMOUNT PAID = 459.62
D-MART PVT LTD 35/2867, B & B2, Bypass Road, Opp. Oberon Mall, 41HHLWE12K4A1Q6
Edappally, Kochi, Kerala 682024
"
31-CROMA PVT LTD.pdf,"Receipt No.: 31
Payment date: 12-08-2024
Payment Type: UPI
From: CB To:
Name: [CROMA PVT LTD Name: [TechPlus
Address: Ground Floor, Skyzone, High Street Address:

Phoenix, Senapati Bapat Marg, Lower 90, Palm Court, Lower Parel, Mumbai 400013

Parel, Mumbai, Maharashtra 400013 +91 31234 56789
Phone No: _[87BBAQE12K4P106 a
DESCRIPTION UNIT PRICE Amount (in Rs)
4042 Samsung Galaxy Watch 5 Pro 10 3 = 34,999.00 = 1,04,997.00
2147 Samsung Galaxy Watch 5 10 1 = 27,999.00 = 27,999.00
Sub-Total ¥ 1,32,996.00
Amount in Words: Discount(30%) = 39,898.80

GST(18%) % 23,939.28
Total Amount: ¥ 1,17,036.48
eee
Terms & Condition:
Seal & Signature
Thank you for Business !!! Visit us Again !!!
"
89-BIG BAZAAR PVT LTD.pdf,"BIG BAZAAR PVT LTD
1st Floor, Ahmedabad One Mall, Vastrapur,
Ahmedabad, Gujarat 380015
341KKLAE12K4A1E5
CLIENT INFO
Vipin Provision Store
89. 505, Kankaria, Anmedabad,
380022
+91 87654 54321
Date: 31-07-2024 RECIEPT NO: 89
| HSN | DESCRIPTION UNIT PRICE TOTAL
2354 Amul Cheese = 200.00 = 400.00
6809 | Himalaya Anti-Hair Fall Shampoo | 200g = 200.00 = 200.00
SUB TOTAL % 600.00
DISCOUNT(15%) = 90.00
GST(18%) % 108.00
TOTAL % 618.00
"
56-BIG BAZAAR PVT LTD.pdf,"BIG BAZAAR PVT LTD
1st Floor, Ahmedabad One Mall, Vastrapur,
Ahmedabad, Gujarat 380015
341KKLAE12K4A1E5
CLIENT INFO
Gaurav Provision Store
56. 808, Nikol, Anmedabad,
382350
+91 98765 67890
Date: 31-07-2024 RECIEPT NO: 56
| HSN | DESCRIPTION UNIT PRICE TOTAL
5684 Vaseline Petroleum Jelly 100 g = 100.00 = 400.00
9140 Whisper Maxi Fit 200 ml = 200.00 = 1,000.00
SUB TOTAL = 1,400.00
DISCOUNT(15%) = 210.00
GST(18%) = 252.00
TOTAL = 1,442.00
"
SinghReceipt_2024-07-24_18-40-35_20.pdf,"Receipt Voucher
Name: Singh Electronics
Address: 890 Gandhi Nagar, Bangalore, Karnataka, 560007
GSTIN: O9AAACNO189C1ZH
S.No: 3956
Date of Issue:22-08-2023
Details of Receiver (Billed to) Details of Receiver (Shipped to)
Name: JP Morgan Chase India Pvt Ltd Name: JP Morgan Chase India Pvt Ltd
Address: JP Morgan Office, Manyata Tech Park, Bengaluru, Karnataka, Address: JP Morgan Office, Manyata Tech Park, Bengaluru, Karnataka,
State: Karnataka State: Karnataka
State code: 45 State code: 45
GSTIN/ UIN (if registered):24XVAZW6756T1Z3 GSTIN/ UIN (if registered):24XVAZW6756T1Z3
| SNo Description of goods/service HSN/SAC Amount of Advance CGST SGsT IGsT
GoPro HERO9 Black Action Camera} 3105 2713.00 244.17 244.17. | 0% | 0.00 |
Total Value (in Rs.) 3201.34
Advance Amount received subject to reverse charge Yes No

Signature of Supplier
"
9-BIG BAZAAR PVT LTD.pdf,"BIG BAZAAR PVT LTD
1st Floor, Ahmedabad One Mall, Vastrapur,
Ahmedabad, Gujarat 380015
341KKLAE12K4A1E5
CLIENT INFO
Raj Provision Store
9. 606, Bodakdev, Ahmedabad,
380054
+91 87654 54321
Date: 31-07-2024 RECIEPT NO: 9
| HSN | DESCRIPTION UNIT PRICE TOTAL
6789 Britannia Marie Gold 250g = 60.00 = 240.00
1246 Frooti Mango Drink 200 ml = 150.00 = 750.00
SUB TOTAL = 990.00
DISCOUNT(15%) = 148.50
GST(18%) = 178.20
TOTAL = 1,019.70
"
35-ITC Limited.pdf,"Reciept No: 35 Date: 31-07-2024
Company's Info: Customer's Info:
ITC Limited Choudhury Provision Store
37 J.L.Nehru Road,
Kolkata 700 071 25, Rabindra Sarani,
Kolkata - 700001
29ABCDE1234F1Z5 41IIAPL5678J8ZZ
Payment Detail:
HSN DESCRIPTION UNIT QTY PRICE AMOUNT
2719 Nimwash Vegetable Wash 200 g 3 = 110.00 = 330.00
1429 ITC Classmate Notebooks 75g 5 = 110.00 = 550.00
SUBTOTAL % 880.00
DISCOUNT(20%) % 255.20
GST(18%) = 158.40
TOTAL = 783.20
PAYMENT METHOD: [cash,card,online,check or etc]
Check/Transaction No [if applicable]
"
2-CROMA PVT LTD.pdf,"Receipt No.: 2
Payment date: 12-08-2024
Payment Type: UPI
From: —CSCd(éBid' To:
CROMA PVT LTD Gadget World
Address: Ground Floor, Skyzone, High Street Address: 45, Oakwood Complex, 5th Cross Lane, Bandra West,
Phoenix, Senapati Bapat Marg, Lower Mumbai 400050
Parel, Mumbai, Maharashtra 400013 +91 87654 32109
Phone No: _[87BBAQE12K4P106 a
DESCRIPTION UNIT PRICE Amount (in Rs)
2203 Samsung Galaxy S23 Ultra 10 1 ® 1,24,999.00 ® 1,24,999.00
5691 Samsung Galaxy Z Fold 5 10 1 = 1,84,999.00 = 1,84,999.00
Sub-Total  3,09,998.00
Amount in Words: Discount(30%) = 92,999.40
GST(18%) = 55,799.64
Total Amount: = 2,72,798.24
re ee
Terms & Condition:
Seal & Signature
Thank you for Business !!! Visit us Again !!!
"
41-BIG BAZAAR PVT LTD.pdf,"BIG BAZAAR PVT LTD
1st Floor, Ahmedabad One Mall, Vastrapur,
Ahmedabad, Gujarat 380015
341KKLAE12K4A1E5
CLIENT INFO
Pankaj Provision Store
41. 202, Vasna, Ahmedabad,
380007
+91 87654 54321
Date: 31-07-2024 RECIEPT NO: 41
| HSN | DESCRIPTION UNIT PRICE TOTAL
8916 Britannia Good Day = 75.00 = 375.00
3471 Tata Tea Gold 500g | 4 | = 150.00 = 600.00
SUB TOTAL = 975.00
DISCOUNT(15%) = 146.25
GST(18%) = 175.50
TOTAL = 1,004.25
"
84-BIG BAZAAR PVT LTD.pdf,"BIG BAZAAR PVT LTD
1st Floor, Ahmedabad One Mall, Vastrapur,
Ahmedabad, Gujarat 380015
341KKLAE12K4A1E5
CLIENT INFO
Usha Provision Store
84. 909, Satellite, Anmedabad,
380015
+91 87654 56789
Date: 31-07-2024 RECIEPT NO: 84
| HSN | DESCRIPTION UNIT PRICE TOTAL
9132 Dabur Amla Hair Oil 200 ml = 200.00 = 200.00
4587 Garnier Color Naturals 200ml | 4 | = 200.00 = 800.00
SUB TOTAL 1,000.00
DISCOUNT(15%) = 150.00
GST(18%) = 180.00
TOTAL 1,030.00
"
105-CROMA PVT LTD.pdf,"Receipt No.: 105
Payment date: 12-08-2024
Payment Type: UPI
From: CB To:
Name: [CROMA PVT LTD Name: [ByteTech
Address: Ground Floor, Skyzone, High Street Address: 67, Lakeview Apartments, Ghatkopar West, Mumbai
Phoenix, Senapati Bapat Marg, Lower 400086
Parel, Mumbai, Maharashtra 400013 +91 54321 09876

Phone No: _[87BBAQE12K4P106 a
DESCRIPTION UNIT PRICE Amount (in Rs)
5106 Realme Narzo 50 Pro 10 3 ® 21,999.00 ® 65,997.00
8924 Realme 11 Pro 10 5 = 22,999.00 % 1,14,995.00
Sub-Total ¥ 1,80,992.00
Amount in Words: Discount(30%) = 54,297.60

GST(18%) = 32,578.56

Total Amount: X 1,59,272.96
eee
Terms & Condition:
Seal & Signature
Thank you for Business !!! Visit us Again !!!
"
79-BIG BAZAAR PVT LTD.pdf,"BIG BAZAAR PVT LTD
1st Floor, Ahmedabad One Mall, Vastrapur,
Ahmedabad, Gujarat 380015
341KKLAE12K4A1E5
CLIENT INFO
Kusum Provision Store
79. 404, Paldi, Anmedabad,
380007
+91 89012 34567
Date: 31-07-2024 RECIEPT NO: 79
| HSN | DESCRIPTION UNIT PRICE TOTAL
7899 Brooke Bond Red Label = 200.00 = 1,000.00
2364 Dabur Glucose 500 ml = 200.00 = 600.00
SUB TOTAL = 1,600.00
DISCOUNT(15%) = 240.00
GST(18%) = 288.00
TOTAL = 1,648.00
"
12-CROMA PVT LTD.pdf,"Receipt No.: 12
Payment date: 12-08-2024
Payment Type: UPI
From: CB To:
CROMA PVT LTD PowerHouse Electronics
Address: Ground Floor, Skyzone, High Street Address:
Phoenix, Senapati Bapat Marg, Lower 22, Kohinoor Gardens, Dadar East, Mumbai 400014
Parel, Mumbai, Maharashtra 400013 +91 39876 54321
Phone No: _[87BBAQE12K4P106 a
DESCRIPTION UNIT PRICE Amount (in Rs)
3311 Apple iPad Pro 12.9 10 2 = 99,999.00 = 1,99,998.00
7701 Apple iPad 9th Gen 10 3 = 46,999.00 = 1,40,997.00
Sub-Total ¥ 3,40,995.00
Amount in Words: Discount(30%) % 1,02,298.50
GST(18%) % 61,379.10
Total Amount: = 3,00,075.60
eee
Terms & Condition:
Seal & Signature
Thank you for Business !!! Visit us Again !!!
"
124-BIG BAZAAR PVT LTD.pdf,"BIG BAZAAR PVT LTD
25th Floor, Ahmedabad One Mall, Vastrapur,
Ahmedabad, Gujarat 380015
341KKLAE12K4A1E5
CLIENT INFO
Ashok Kumar Provision Store
124. 404, Vasna, Anmedabad,
380007
+91 98222 12345
Date: 31-07-2024 RECIEPT NO: 124
| HSN | DESCRIPTION UNIT PRICE TOTAL
3401 Nestlé Yogurt 200 g = 60.00 = 240.00
5906 Philips Electric Kettle = 1,500.00 = 4,500.00
SUB TOTAL 4,740.00
DISCOUNT(15%) = 711.00
GST(18%) = 853.20
TOTAL 4,882.20
"
123-CROMA PVT LTD.pdf,"Receipt No.: 123
Payment date: 12-08-2024
Payment Type: UPI
From: CB To:
CROMA PVT LTD Gadget Haven
Address: Ground Floor, Skyzone, High Street Address:
Phoenix, Senapati Bapat Marg, Lower 30, Green Garden, Malad West, Mumbai 400064
Parel, Mumbai, Maharashtra 400013 +91 56789 01234

Phone No: _[87BBAQE12K4P106 a
DESCRIPTION UNIT PRICE Amount (in Rs)
5264 Apple AirPods Pro 2nd Gen 10 4 % 32,999.00 = 1,31,996.00
1257 Apple AirPods 3rd Gen 10 2 = 24,999.00 = 49,998.00
Sub-Total ¥ 1,81,994.00
Amount in Words: Discount(30%) = 54,598.20

GST(18%) X 32,758.92

Total Amount: X 1,60,154.72
eee
Terms & Condition:
Seal & Signature
Thank you for Business !!! Visit us Again !!!
"
17-CROMA PVT LTD.pdf,"Receipt No.: 17
Payment date: 12-08-2024
Payment Type: UPI
From: ——SCSCSCSC*dCéBiL TZ
Name: [CROMA PVT LTD Name: [Techlink
Address: Ground Floor, Skyzone, High Street Address:
Phoenix, Senapati Bapat Marg, Lower 18, Crystal Tower, Bhandup West, Mumbai 400078
Parel, Mumbai, Maharashtra 400013 +91 89876 54321

Phone No: _[87BBAQE12K4P106 a
DESCRIPTION UNIT PRICE Amount (in Rs)
8616 Dell UltraSharp U2720Q 10 5 % 29,999.00 ® 1,49,995.00
3591 Dell Alienware AW2521H 10 1 ® 72,999.00 ® 72,999.00
Sub-Total ® 2,22,994.00
Amount in Words: Discount(30%) = 66,898.20

GST(18%) X 40,138.92

Total Amount: X 1,96,234.72
eee
Terms & Condition:
Seal & Signature
Thank you for Business !!! Visit us Again !!!
"
83-ITC Limited.pdf,"Reciept No: 83 Date: 31-07-2024
Company's Info: Customer's Info:
ITC Limited Kar Grocery Mart
37 J.L.Nehru Road, 523, Rash Behari
Kolkata 700 071 Avenue, Kolkata -
700029
29ABCDE1234F1Z5 S89EEAPL3456F2ZV
Payment Detail:
HSN DESCRIPTION UNIT QTY PRICE AMOUNT
3337  |TC Classmate Pulse Exercise Book 200 ml 3 % 95.00 % 285.00
2048 Sunfeast Nut Biscotti 200 g 6 % 240.00 ® 1,440.00
SUBTOTAL % 1,725.00
DISCOUNT(20%) % 500.25
GST(18%) % 310.50
TOTAL % 1,535.25
PAYMENT METHOD: [cash,card,online,check or etc]
Check/Transaction No [if applicable]
"
19-BIG BAZAAR PVT LTD.pdf,"BIG BAZAAR PVT LTD
1st Floor, Ahmedabad One Mall, Vastrapur,
Ahmedabad, Gujarat 380015
341KKLAE12K4A1E5
CLIENT INFO
Praveen Provision Store
19. 707, Thaltej, Anmedabad,
380059
+91 94567 89012
Date: 31-07-2024 RECIEPT NO: 19
| HSN | DESCRIPTION UNIT PRICE TOTAL
1236 Godrej No.1 Soap 500g = 25.00 = 25.00
5691 Himalaya Herbal Shampoo = 1,000.00 = 1,000.00
SUB TOTAL % 1,025.00
DISCOUNT(15%) = 153.75
GST(18%) = 184.50
TOTAL 1,055.75
"
26-BIG BAZAAR PVT LTD.pdf,"BIG BAZAAR PVT LTD
1st Floor, Ahmedabad One Mall, Vastrapur,
Ahmedabad, Gujarat 380015
341KKLAE12K4A1E5
CLIENT INFO
Keshav Provision Store
26. 505, Anandnagar,
Ahmedabad, 380007
+91 76543 21098
Date: 31-07-2024 RECIEPT NO: 26
| HSN | DESCRIPTION UNIT PRICE TOTAL
2347 Lifebuoy Handwash 200 ml = 200.00 = 1,000.00
6802 Santoor Handwash 200ml | 4 | = 200.00 = 800.00
SUB TOTAL = 1,800.00
DISCOUNT(15%) = 270.00
GST(18%) = 324.00
TOTAL = 1,854.00
"
63-BIG BAZAAR PVT LTD.pdf,"BIG BAZAAR PVT LTD
1st Floor, Ahmedabad One Mall, Vastrapur,
Ahmedabad, Gujarat 380015
341KKLAE12K4A1E5
CLIENT INFO
Shalini Provision Store
63. 606, New Vadaj, Ahmedabad,
380013
+91 89012 34567
Date: 31-07-2024 RECIEPT NO: 63
| HSN | DESCRIPTION UNIT PRICE TOTAL
6795 Godrej Expert Hair Colour 120 ml = 120.00 = 360.00
1252 Surf Excel Detergent Bar 500 ml = 200.00 = 600.00
SUB TOTAL = 960.00
DISCOUNT(15%) % 144.00
GST(18%) % 172.80
TOTAL X 988.80
"
92-ITC Limited.pdf,"Reciept No: 92 Date: 31-07-2024
Company's Info: Customer's Info:
ITC Limited Roy & Das Supermarket
37 J.L.Nehru Road,
Kolkata 700 071 615, College Street,
Kolkata - 700073
29ABCDE1234F1Z5 98NNAPL234502ZE
Payment Detail:
HSN DESCRIPTION UNIT QTY PRICE AMOUNT
3453 ITC Savion Hand Sanitizer 200 ml 3 % 60.00 % 180.00
2165 = za Di Wills Inizio Homme Eau De P + 5SOO ml 6 = 480.00 = 2,880.00
SUBTOTAL X 3,060.00
DISCOUNT(20%) X 887.40
GST(18%) % 550.80
TOTAL % 2,723.40
PAYMENT METHOD: [cash,card,online,check or etc]
Check/Transaction No [if applicable]
"
10-D-MART PVT LTD.pdf,"D-MART PVT LTD DATE 07-23-24
35/2867, B & B2, Bypass Road, Opp. Oberon Mall,
Edappally, Kochi, Kerala 682024 CUSTOMER NO. 1144
CLIENT
41HHLWE12K4A1Q6
CREDIT CARD NO. 4539 1488 0343 6467
Anugraha, 12/67, Mavoor Road, Kozhikode, Kerala 673016
abe DESCRIPTION OTE QTY UNIT PRICE TOTAL
1235 Nestlé Everyday Dairy Whitener 400g |400g z 150.00 = 300.00
5690 Patanjali Ghee 1L Z 500.00 Z 2,000.00
Remarks / Instructions: SUBTOTAL = 2,300.00
DISCOUNT (10%) = 230.00
GST (18%) = 372.60
Please make check payable to Your Company Name. TOTAL = 2,157.40
THANK YOU
casH [_ | CREDITCARD [_] MONEYORDER [_]
For questions concerning this receipt please contact Name, (321) 456-7890, Email Address
eae SALES RECEIPT
Beena Raj
DATE 07-23-24
Anugraha, 12/67, Mavoor Road, Kozhikode, Kerala 673016
+91 76543 21098 AMOUNT PAID = 2,157.40
D-MART PVT LTD 35/2867, B & B2, Bypass Road, Opp. Oberon Mall, 41HHLWE12K4A1Q6
Edappally, Kochi, Kerala 682024
"
11-CROMA PVT LTD.pdf,"Receipt No.: 11
Payment date: 12-08-2024
Payment Type: UPI
From: CB To:
Name: [CROMA PVT LTD Name: [Chip City
Address: Ground Floor, Skyzone, High Street Address:
Phoenix, Senapati Bapat Marg, Lower 89, Sapphire Towers, Colaba, Mumbai 400005
Parel, Mumbai, Maharashtra 400013 +91 29876 54321
Phone No: _[87BBAQE12K4P106 a
DESCRIPTION UNIT PRICE Amount (in Rs)
2210 Samsung Galaxy Tab S8 10 2 2 69,999.00 = 1,39,998.00
6590 Samsung Galaxy Tab S7 FE 10 3 % 62,999.00 = 1,88,997.00
Sub-Total % 3,28,995.00
Amount in Words: Discount(30%) = 98,698.50
GST(18%) = 59,219.10
Total Amount: = 2,89,515.60
eee
Terms & Condition:
Seal & Signature
Thank you for Business !!! Visit us Again !!!
"
103-BIG BAZAAR PVT LTD.pdf,"BIG BAZAAR PVT LTD
4th Floor, Ahmedabad One Mall, Vastrapur,
Ahmedabad, Gujarat 380015
341KKLAE12K4A1E5
CLIENT INFO
Deepa Provision Store
103. 101, Anandnagar,
Ahmedabad, 380007
+91 98200 11223
Date: 31-07-2024 RECIEPT NO: 103
| HSN | DESCRIPTION UNIT PRICE TOTAL
1201 Tata I-Shakti Sugar = 45.00 = 45.00
3806 Himalaya Herbal Shampoo 200 ml = 150.00 = 150.00
SUB TOTAL % 195.00
DISCOUNT(15%) % 29.25
GST(18%) % 35.10
TOTAL = 200.85
"
19-D-MART PVT LTD.pdf,"D-MART PVT LTD DATE 07-23-24
35/2867, B & B2, Bypass Road, Opp. Oberon Mall,
Edappally, Kochi, Kerala 682024 CUSTOMER NO. 1144
CLIENT
41HHLWE12K4A1Q6
a es 4539 1488 0343 6467 Sunshine Villa, 34/23, Attingal, Thiruvananthapuram, Kerala
abe DESCRIPTION OTE QTY UNIT PRICE TOTAL
1236 Kellogg's Corn Flakes 1kg = 400.00 = 400.00
5691 Perk 5 Pack Z 50.00 Z 150.00
Remarks / Instructions: SUBTOTAL % 550.00
DISCOUNT (10%) = 55.00
GST (18%) = 89.10
Please make check payable to Your Company Name. TOTAL 8515.90
THANK YOU
casH [_ | CREDITCARD [_] MONEYORDER [_]
For questions concerning this receipt please contact Name, (321) 456-7890, Email Address
eae SALES RECEIPT
Fazil Nazeer
Sunshine Villa, 34/23, Attingal, Thiruvananthapuram, Kerala aS 07-23-24
+91 94567 89012 AMOUNT PAID = 515.90
D-MART PVT LTD 35/2867, B & B2, Bypass Road, Opp. Oberon Mall, 41HHLWE12K4A1Q6
Edappally, Kochi, Kerala 682024
"
53-ITC Limited.pdf,"Reciept No: 53 Date: 31-07-2024
Company's Info: Customer's Info:
ITC Limited Chatterjee & Mukherjee General Store
37 J.L.Nehru Road,
Kolkata 700 071 225, Rabindra Sarani,
Kolkata - 700001
29ABCDE1234F1Z5 S9AAAPL3456B8ZR
Payment Detail:
HSN DESCRIPTION UNIT QTY PRICE AMOUNT
2951 Sunfeast Farmlite Oats Cookies 200 g 10 % 110.00 % 1,100.00
1661 ingo! Mad Angles Peri PeriMadne 200g 2 2 30.00 = 60.00
SUBTOTAL % 1,160.00
DISCOUNT(20%) = 336.40
GST(18%) = 208.80
TOTAL % 1,032.40
PAYMENT METHOD: [cash,card,online,check or etc]
Check/Transaction No [if applicable]
"
23-ITC Limited.pdf,"Reciept No: 23 Date: 31-07-2024
Company's Info: Customer's Info:
ITC Limited Roy Chowdhury General Store
37 J.L.Nehru Road,
Kolkata 700 071 19, Rajarhat Road,
Kolkata - 700135
29ABCDE1234F1Z5 29WWAPL3456X5ZN
Payment Detail:
HSN DESCRIPTION UNIT QTY PRICE AMOUNT
2564 Sunfeast Dream Cream Biscuits 500 g 10 % 45.00 % 450.00
1275 Fiama Conditioner 500 g 9 2 45.00 % 405.00
SUBTOTAL % 855.00
DISCOUNT(20%) = 247.95
GST(18%) ® 153.90
TOTAL = 760.95
PAYMENT METHOD: [cash,card,online,check or etc]
Check/Transaction No [if applicable]
"
8-D-MART PVT LTD.pdf,"D-MART PVT LTD NI 07-23-24
35/2867, B & B2, Bypass Road, Opp. Oberon Mall,
Edappally, Kochi, Kerala 682024 CUSTOMER NO. 1144
CLIENT
41HHLWE12K4A1Q6
CREDIT CARD NO. 4539 1488 0343 6467
Green Meadows, 89/45, Kakkanad, Kochi, Kerala 682030
lake) DESCRIPTION UNIT QTY UNIT PRICE TOTAL
2345 Tropicana Orange Juice 1L = 100.00 = 500.00
6800 Aquafina Mineral Water 1L z 20.00 z 60.00
Remarks / Instructions: SUBTOTAL = 560.00
DISCOUNT (10%) = 56.00
GST (18%) = 90.72
Please make check payable to Your Company Name. TOTAL 8525.28
THANK YOU
casH [_ | CREDITCARD [_] MONEYORDER [_]
For questions concerning this receipt please contact Name, (321) 456-7890, Email Address
deal SALES RECEIPT
Bindu Menon
DATE 07-23-24
Green Meadows, 89/45, Kakkanad, Kochi, Kerala 682030
+91 98765 67890 AMOUNT PAID = 525.28
D-MART PVT LTD 35/2867, B & B2, Bypass Road, Opp. Oberon Mall, 41HHLWE12K4A1Q6
Edappally, Kochi, Kerala 682024
"
33-BIG BAZAAR PVT LTD.pdf,"BIG BAZAAR PVT LTD
1st Floor, Ahmedabad One Mall, Vastrapur,
Ahmedabad, Gujarat 380015
341KKLAE12K4A1E5
CLIENT INFO
Mohan Provision Store
33. 303, Ambli, Anmedabad,
380058
+91 87654 54321
Date: 31-07-2024 RECIEPT NO: 33
| HSN | DESCRIPTION UNIT PRICE TOTAL
3459 Pampers Diapers = 84.00 X 252.00
7905 Kelloge’s Muesli 500ml | 4 | = 100.00 = 400.00
SUB TOTAL X 652.00
DISCOUNT(15%) = 97.80
GST(18%) % 117.36
TOTAL X 671.56
"
54-CROMA PVT LTD.pdf,"Receipt No.: 54
Payment date: 12-08-2024
Payment Type: UPI
From: —CSCd(éBid' To:
CROMA PVT LTD ByteTech Hub
Address: Ground Floor, Skyzone, High Street Address: 54, Sapphire Residency, Goregaon East, Mumbai
Phoenix, Senapati Bapat Marg, Lower 400063
Parel, Mumbai, Maharashtra 400013 +91 71234 56780

Phone No: _[87BBAQE12K4P106 a
DESCRIPTION UNIT PRICE Amount (in Rs)
9875 Vivo X80 Pro 10 2 = 29,999.00 = 59,998.00
8036 Sony Xperia 5 IV 10 1 = 53,999.00 53,999.00
Sub-Total ¥ 1,13,997.00
Amount in Words: Discount(30%) = 34,199.10

GST(18%) = 20,519.46

Total Amount: = 1,00,317.36
re ee
Terms & Condition:
Seal & Signature
Thank you for Business !!! Visit us Again !!!
"
20-CROMA PVT LTD.pdf,"Receipt No.: 20
Payment date: 12-08-2024
Payment Type: UPI
From: —CSCd(éBid' To:
Name: [CROMA PVT LTD
Address: Ground Floor, Skyzone, High Street Address:
Phoenix, Senapati Bapat Marg, Lower 71, Meadow View, MIRA Road, Mumbai 401107
Parel, Mumbai, Maharashtra 400013 +91 23456 78901
Phone No: _[87BBAQE12K4P106 a
DESCRIPTION UNIT PRICE Amount (in Rs)
2931 Sony WH-1000XM4 10 4 = 29,999.00 = 1,19,996.00
6924 Sony WH-1000XM5 10 3 = 34,999.00 = 1,04,997.00
Sub-Total ¥ 2,24,993.00
Amount in Words: Discount(30%) = 67,497.90
GST(18%) % 40,498.74
Total Amount: X 1,97,993.84
re ee
Terms & Condition:
Seal & Signature
Thank you for Business !!! Visit us Again !!!
"
24-ITC Limited.pdf,"Reciept No: 24 Date: 31-07-2024
Company's Info: Customer's Info:
ITC Limited Mukhopadhyay Grocery Mart
37 J.L.Nehru Road, 28, Shyama Prasad
Kolkata 700 071 Mukherjee Road,
Kolkata - 700025
29ABCDE1234F1Z5 30XXAPL4567Y6ZO
Payment Detail:
HSN DESCRIPTION UNIT QTY PRICE AMOUNT
2577 ITC Mangaldeep Agarbattis 200 ml 5 = 25.00 = 125.00
1288 Vivel Luxury Creme 180 ml 3 % 25.00 = 75.00
SUBTOTAL = 200.00
DISCOUNT(20%) = 58.00
GST(18%) = 36.00
TOTAL = 178.00
PAYMENT METHOD: [cash,card,online,check or etc]
Check/Transaction No [if applicable]
"
7-CROMA PVT LTD.pdf,"Receipt No.: 7
Payment date: 12-08-2024
Payment Type: UPI
From: —CSCd(éBid' To:
Name: [CROMA PVT LTD
Address: Ground Floor, Skyzone, High Street Address: 102, Seawoods Estate, Navi Mumbai, Maharashtra
Phoenix, Senapati Bapat Marg, Lower 400706
Parel, Mumbai, Maharashtra 400013 +91 32109 87654

Phone No: _[87BBAQE12K4P106 a
DESCRIPTION UNIT PRICE Amount (in Rs)
7308 Dell XPS 13 10 4 = 1,39,999.00 = 5,59,996.00
2146 Dell Inspiron 15 3000 10 5 = 72,999.00 X 3,64,995.00
Sub-Total ¥ 9,24,991.00
Amount in Words: Discount(30%) = 2,77,497.30

GST(18%) = 1,66,498.38

Total Amount: X 8,13,992.08
re ee
Terms & Condition:
Seal & Signature
Thank you for Business !!! Visit us Again !!!
"
43-BIG BAZAAR PVT LTD.pdf,"BIG BAZAAR PVT LTD
1st Floor, Ahmedabad One Mall, Vastrapur,
Ahmedabad, Gujarat 380015
341KKLAE12K4A1E5
CLIENT INFO
Arun Provision Store
43. 404, Gandhinagar Highway,
Ahmedabad, 380054
+91 94567 89012
Date: 31-07-2024 RECIEPT NO: 43
| HSN | DESCRIPTION UNIT PRICE TOTAL
7895 150 ml € 150.00 % 300.00
2360 Surf Excel Gentle Wash = 200.00 = 600.00
SUB TOTAL = 900.00
DISCOUNT(15%) % 135.00
GST(18%) % 162.00
TOTAL X 927.00
"
106-ITC Limited.pdf,"Reciept No: 106 Date: 31-07-2024
Company's Info: Customer's Info:
ITC Limited Banerjee General Store
37 J.L.Nehru Road, 45, Rash Behari
Kolkata 700 071 Avenue, Kolkata -
700029
29ABCDE1234F1Z5 07AABCP1234F1Z3
Payment Detail:
HSN DESCRIPTION UNIT QTY PRICE AMOUNT
4587 Happi Shop Biscuit 25 pcs 3 = 40.00 % 120.00
#N/A Green Tea Bags 100 g 2 % 80.00 % 160.00
SUBTOTAL = 280.00
DISCOUNT(20%) % 81.20
GST(18%) = 50.40
TOTAL % 249.20
PAYMENT METHOD: [cash,card,online,check or etc]
Check/Transaction No [if applicable]
"
122-BIG BAZAAR PVT LTD.pdf,"BIG BAZAAR PVT LTD
23rd Floor, Anmedabad One Mall, Vastrapur,
Ahmedabad, Gujarat 380015
341KKLAE12K4A1E5
CLIENT INFO
Divya Provision Store
122. 202, Kankaria, Anmedabad,
380022
+91 99675 54321
Date: 31-07-2024 RECIEPT NO: 122
| HSN | DESCRIPTION UNIT PRICE TOTAL
3204 100 g % 90.00 % 270.00
5702 Sleepwell Mattress = 5,000.00 = 5,000.00
SUB TOTAL = 5,270.00
DISCOUNT(15%) = 790.50
GST(18%) = 948.60
TOTAL = 5,428.10
"
81-CROMA PVT LTD.pdf,"Receipt No.: 81
Payment date: 12-08-2024
Payment Type: UPI
From: CB To:
CROMA PVT LTD VoltWorks
Address: Ground Floor, Skyzone, High Street Address:
Phoenix, Senapati Bapat Marg, Lower 62, Harmony Garden, Borivali East, Mumbai 400066
Parel, Mumbai, Maharashtra 400013 +91 67890 12378

Phone No: _[87BBAQE12K4P106 a
DESCRIPTION UNIT PRICE Amount (in Rs)
1357 Fitbit Versa 3 10 2 = 29,999.00 = 59,998.00
1259 DJI Mini SE 10 1 = 29,999.00 = 29,999.00
Sub-Total ¥ 89,997.00
Amount in Words: Discount(30%) = 26,999.10

GST(18%) % 16,199.46

Total Amount: = 79,197.36
eee
Terms & Condition:
Seal & Signature
Thank you for Business !!! Visit us Again !!!
"
95-CROMA PVT LTD.pdf,"Receipt No.: 95
Payment date: 12-08-2024
Payment Type: UPI
From: —CSCd(éBid' To:
CROMA PVT LTD GadgetHouse
Address: Ground Floor, Skyzone, High Street Address: 73, Harmony View, Navi Mumbai, Maharashtra
Phoenix, Senapati Bapat Marg, Lower 400705
Parel, Mumbai, Maharashtra 400013 +91 12345 67894

Phone No: _[87BBAQE12K4P106 a
DESCRIPTION UNIT PRICE Amount (in Rs)
7790 Microsoft Surface Laptop 4 10 4 2 99,999.00 % 3,99,996.00
8815 Dell Inspiron 13 10 5 = 72,999.00 % 3,64,995.00
Sub-Total = 7,64,991.00
Amount in Words: Discount(30%) = 2,29,497.30

GST(18%) = 1,37,698.38

Total Amount: X 6,73,192.08
re ee
Terms & Condition:
Seal & Signature
Thank you for Business !!! Visit us Again !!!
"
SinghReceipt_2024-07-24_18-40-26_11.pdf,"Receipt Voucher
Name: Singh Electronics
Address: 890 Gandhi Nagar, Bangalore, Karnataka, 560007
GSTIN: O9AAACNO189C1ZH
S.No: 5885
Date of Issue:09-01-2023
Details of Receiver (Billed to) Details of Receiver (Shipped to)
Name: ABB India Ltd Name: ABB India Ltd
Address: ABB Campus, Peenya, Bengaluru, Karnataka, 560058 Address: ABB Campus, Peenya, Bengaluru, Karnataka, 560058
State: Karnataka State: Karnataka
State code: 58 State code: 58
GSTIN/ UIN (if registered):24KIWVH6287Y1Z0 GSTIN/ UIN (if registered):24KIWVH6287Y1Z0
| SNo Description of goods/service HSN/SAC Amount of Advance CGST SGsT IGsT
Sony DVPSR510H DVD Player 2342 24898.00 2240.82 2240.82 | 0% | 000 |
Total Value (in Rs.) 29379.64
Advance Amount received subject to reverse charge Yes No

Signature of Supplier
"
SinghReceipt_2024-07-24_18-40-55_40.pdf,"Receipt Voucher
Name: Singh Electronics
Address: 890 Gandhi Nagar, Bangalore, Karnataka, 560007
GSTIN: O9AAACNO189C1ZH
S.No: 5759
Date of Issue:27-08-2023
Details of Receiver (Billed to) Details of Receiver (Shipped to)
Name: IBM India Pvt Ltd Name: IBM India Pvt Ltd
Address: IBM Building, Manyata Tech Park, Bengaluru, Karnataka, 560045 Address: — IBM Building, Manyata Tech Park, Bengaluru, Karnataka, 560045
State: Karnataka State: Karnataka
State code: 45 State code: 45
GSTIN/ UIN (if registered):240TOEH7258E1Z5 GSTIN/ UIN (if registered):240TOEH7258E1Z5
| SNo Description of goods/service HSN/SAC Amount of Advance CGST SGsT IGsT
Canon CanoScan LiDE400 Scanner 2382 11556.00 1040.04 1040.04 | 0% | 000 |
Total Value (in Rs.) 13636.08
Advance Amount received subject to reverse charge Yes No

Signature of Supplier
"
21-D-MART PVT LTD.pdf,"D-MART PVT LTD NI 07-23-24
35/2867, B & B2, Bypass Road, Opp. Oberon Mall,
Edappally, Kochi, Kerala 682024 CUSTOMER NO. 1144
CLIENT
41HHLWE12K4A1Q6
CREDIT CARD NO. 4539 1488 0343 6467
Green Valley, 45/67, Munnar, Idukki, Kerala 685612
aby DESCRIPTION OTE QTY UNIT PRICE TOTAL
9125 Dettol Handwash 250ml 250ml Z 75.00 Z 225.00
4580 Snickers 50g Z 50.00 % 200.00
Remarks / Instructions: SUBTOTAL % 425.00
DISCOUNT (10%) = 42.50
GST (18%) = 68.85
Please make check payable to Your Company Name. TOTAL = 398.65
THANK YOU
casH [_ | CREDITCARD [_] MONEYORDER [_]
For questions concerning this receipt please contact Name, (321) 456-7890, Email Address
eae SALES RECEIPT
Girish Kumar
DATE 07-23-24
Green Valley, 45/67, Munnar, Idukki, Kerala 685612
+91 76543 21098 AMOUNT PAID = 398.65
D-MART PVT LTD 35/2867, B & B2, Bypass Road, Opp. Oberon Mall, 41HHLWE12K4A1Q6
Edappally, Kochi, Kerala 682024
"
SinghReceipt_2024-07-24_18-40-17_2.pdf,"Receipt Voucher
Name: Singh Electronics
Address: 890 Gandhi Nagar, Bangalore, Karnataka, 560007
GSTIN: O9AAACNO189C1ZH
S.No: 4914
Date of Issue:21-03-2023
Details of Receiver (Billed to) Details of Receiver (Shipped to)
Name: Fujitsu Consulting India Name: Fujitsu Consulting India
Address: Fujitsu Office, Whitefield, Bengaluru, Karnataka, 560066 Address: — Fujitsu Office, Whitefield, Bengaluru, Karnataka, 560066
State: Karnataka State: Karnataka
State code: 66 State code: 66
GSTIN/ UIN (if registered):24RJDKR1706C1Z7 GSTIN/ UIN (if registered):24RJDKR1706C1Z7
CGST SGST IGST
| Smo | Description ofgoods/servce | HSNSAC | AmountofAdvance as T aman ae [anon Rate | AOR
Canon CanoScan LiDE400 Scanner 2132 16166.00 1454.94 1454.94 | 0% | 0.00 |
Total Value (in Rs.) 19075.88
Advance Amount received subject to reverse charge Yes No
Signature of Supplier
"
121-BIG BAZAAR PVT LTD.pdf,"BIG BAZAAR PVT LTD
22nd Floor, Anmedabad One Mall, Vastrapur,
Ahmedabad, Gujarat 380015
341KKLAE12K4A1E5
CLIENT INFO
Kamini Provision Store
121. 101, Rakhial, Anmedabad,
380023
+91 98450 98765
Date: 31-07-2024 RECIEPT NO: 121
| HSN | DESCRIPTION UNIT PRICE TOTAL
3105 400 g % 50.00 = 50.00
5602 Glamour Curtain Fabric = 900.00 1,800.00
SUB TOTAL = 1,850.00
DISCOUNT(15%) = 277.50
GST(18%) % 333.00
TOTAL = 1,905.50
"
38-ITC Limited.pdf,"Reciept No: 38 Date: 31-07-2024
Company's Info: Customer's Info:
ITC Limited Bannerjee & Chatterjee Provision Store
37 J.L.Nehru Road,
Kolkata 700 071 72, College Street,
Kolkata - 700073
29ABCDE1234F1Z5 44LLAPL8901M2ZC
Payment Detail:
HSN DESCRIPTION UNIT QTY PRICE AMOUNT
2758 >unfeast Farmlite Digestive Biscuit 200 ml 5 = 80.00 = 400.00
1468 za Di Wills Inizio Homme EauDeP 200g 7 = 80.00 = 560.00
SUBTOTAL = 960.00
DISCOUNT(20%) = 278.40
GST(18%) = 172.80
TOTAL % 854.40
PAYMENT METHOD: [cash,card,online,check or etc]
Check/Transaction No [if applicable]
"
116-ITC Limited.pdf,"Reciept No: 116 Date: 31-07-2024
Company's Info: Customer's Info:
ITC Limited Dasgupta Brothers General Store
37 J.L.Nehru Road,
Kolkata 700 071 5, Elgin Road, Kolkata
- 700020
29ABCDE1234F1Z5 10AAACC1234E1ZF
Payment Detail:
HSN DESCRIPTION UNIT QTY PRICE AMOUNT
8933 Ready-to-Cook Snacks 250 g 10 = 90.00 = 900.00
#N/A Quinoa 200 g 8 = 120.00 = 960.00
SUBTOTAL = 1,860.00
DISCOUNT(20%) = 539.40
GST(18%) % 334.80
TOTAL = 1,655.40
PAYMENT METHOD: [cash,card,online,check or etc]
Check/Transaction No [if applicable]
"
56-ITC Limited.pdf,"Reciept No: 56 Date: 31-07-2024
Company's Info: Customer's Info:
ITC Limited Banerjee & Das Grocery Mart
37 J.L.Nehru Road,
Kolkata 700 071 257, College Street,
Kolkata - 700073
29ABCDE1234F1Z5 62DDAPL6789E2ZU
Payment Detail:
HSN DESCRIPTION UNIT QTY PRICE AMOUNT
2990 Savion Moisture Shield Handwash 200 ml 2 % 120.00 = 240.00
1700 Engage Cologne Talc 100 g 10 = 25.00 = 250.00
SUBTOTAL = 490.00
DISCOUNT(20%) = 142.10
GST(18%) % 88.20
TOTAL = 436.10
PAYMENT METHOD: [cash,card,online,check or etc]
Check/Transaction No [if applicable]
"
50-D-MART PVT LTD.pdf,"D-MART PVT LTD DATE 07-23-24
35/2867, B & B2, Bypass Road, Opp. Oberon Mall,
Edappally, Kochi, Kerala 682024 CUSTOMER NO. 1144
CLIENT
41HHLWE12K4A1Q6
CREDIT CARD NO. 4539 1488 0343 6467
Blue Lagoon, 12/67, Chavakkad, Thrissur, Kerala 680506
abe DESCRIPTION OTE QTY UNIT PRICE TOTAL
8917 Kissan Jam 500g 500g z 150.00 z 600.00
3472 Colgate Plax Mouthwash 250ml —-| 250ml z 80.00 z 80.00
Remarks / Instructions: SUBTOTAL = 680.00
DISCOUNT (10%) = 68.00
GST (18%) = 110.16
Please make check payable to Your Company Name. TOTAL = 637.84
THANK YOU
casH [_ | CREDITCARD [_] MONEYORDER [_]
For questions concerning this receipt please contact Name, (321) 456-7890, Email Address
eae SALES RECEIPT
Sreedevi Nair
DATE 07-23-24
Blue Lagoon, 12/67, Chavakkad, Thrissur, Kerala 680506
+91 76543 21098 AMOUNT PAID = 637.84
D-MART PVT LTD 35/2867, B & B2, Bypass Road, Opp. Oberon Mall, 41HHLWE12K4A1Q6
Edappally, Kochi, Kerala 682024
"
9-CROMA PVT LTD.pdf,"Receipt No.: 9
Payment date: 12-08-2024
Payment Type: UPI
From: CB To:
Name: [CROMA PVT LTD
Address: Ground Floor, Skyzone, High Street Address:
Phoenix, Senapati Bapat Marg, Lower 34, Vashi Complex, Vashi, Navi Mumbai 400703
Parel, Mumbai, Maharashtra 400013 +91 10987 65432
Phone No: _[87BBAQE12K4P106 a
DESCRIPTION UNIT PRICE Amount (in Rs)
9501 Lenovo Yoga 9i 10 4 % 1,19,999.00 = 4,79,996.00
4368 Lenovo ThinkPad L14 10 1 = 55,999.00 ® 55,999.00
Sub-Total % 5,35,995.00
Amount in Words: Discount(30%) = 1,60,798.50
GST(18%) = 96,479.10
Total Amount: X 4,71,675.60
eee
Terms & Condition:
Seal & Signature
Thank you for Business !!! Visit us Again !!!
"
60-CROMA PVT LTD.pdf,"Receipt No.: 60
Payment date: 12-08-2024
Payment Type: UPI
From: —CSCd(éBid' To:
CROMA PVT LTD ElectroWorks
Address: Ground Floor, Skyzone, High Street Address: 67, Hillcrest Apartments, Andheri West, Mumbai
Phoenix, Senapati Bapat Marg, Lower 400058
Parel, Mumbai, Maharashtra 400013 +91 45678 90145
Phone No; |87BBAQE12K4P106 a
DESCRIPTION UNIT PRICE Amount (in Rs)
6678 Apple iPad Mini 10 3 = 45,999.00 = 1,37,997.00
5693] Samsung Galaxy Tab Active Pro 10 3 = 49,999.00 = 1,49,997.00
Sub-Total ¥ 2,87,994.00
Amount in Words: Discount(30%) = 86,398.20
GST(18%) = 51,838.92
Total Amount: X 2,53,434.72
re ee
Terms & Condition:
Seal & Signature
Thank you for Business !!! Visit us Again !!!
"
27-ITC Limited.pdf,"Reciept No: 27 Date: 31-07-2024
Company's Info: Customer's Info:
ITC Limited Sarkar Supermarket
37 J.L.Nehru Road,
Kolkata 700 071 16, Park Street,
Kolkata - 700016
29ABCDE1234F1Z5 33AAAPL7890B9ZR
Payment Detail:
HSN DESCRIPTION UNIT QTY PRICE AMOUNT
2616 ITC Charmis Skin Care Products 1 liter 3 % 40.00 % 120.00
1326 Savlon Antiseptic Soaps 100 g 4 = 40.00 % 160.00
SUBTOTAL = 280.00
DISCOUNT(20%) % 81.20
GST(18%) = 50.40
TOTAL % 249.20
PAYMENT METHOD: [cash,card,online,check or etc]
Check/Transaction No [if applicable]
"
65-BIG BAZAAR PVT LTD.pdf,"BIG BAZAAR PVT LTD
1st Floor, Ahmedabad One Mall, Vastrapur,
Ahmedabad, Gujarat 380015
341KKLAE12K4A1E5
CLIENT INFO
Satish Provision Store
65. 808, Rakhial, Ahmedabad,
380023
+91 87654 54321
Date: 31-07-2024 RECIEPT NO: 65
| HSN | DESCRIPTION UNIT PRICE TOTAL
5685 Nandini Milk 200 ml = 200.00 % 1,000.00
9141 Dove Go Fresh 200 ml = 200.00 1,000.00
SUB TOTAL 2,000.00
DISCOUNT(15%) = 300.00
GST(18%) % 360.00
TOTAL % 2,060.00
"
SinghReceipt_2024-07-24_18-41-22_67.pdf,"Receipt Voucher
Name: Singh Electronics
Address: 890 Gandhi Nagar, Bangalore, Karnataka, 560007
GSTIN: O9AAACNO189C1ZH
S.No: 7630
Date of Issue:14-07-2023
Details of Receiver (Billed to) Details of Receiver (Shipped to)
Name: Tesco Bengaluru Name: Tesco Bengaluru
Address: Tesco Campus, Whitefield, Bengaluru, Karnataka, 560066 Address: | Tesco Campus, Whitefield, Bengaluru, Karnataka, 560066
State: Karnataka State: Karnataka
State code: 66 State code: 66
GSTIN/ UIN (if registered):24EROUV4294L1Z7 GSTIN/ UIN (if registered):24EROUV4294L1Z7
| SNo Description of goods/service HSN/SAC Amount of Advance CGST SGsT IGsT
HP Pavilion Desktop Computer 3189 13861.00 1247.49 1247.49 | 0% | 000 |
Total Value (in Rs.) 16355.98
Advance Amount received subject to reverse charge Yes No

Signature of Supplier
"
24-BIG BAZAAR PVT LTD.pdf,"BIG BAZAAR PVT LTD
1st Floor, Ahmedabad One Mall, Vastrapur,
Ahmedabad, Gujarat 380015
341KKLAE12K4A1E5
CLIENT INFO
Shyam Provision Store
24. 303, Vejalpur, Anmedabad,
380051
+91 98765 67890
Date: 31-07-2024 RECIEPT NO: 24
| HSN | DESCRIPTION UNIT PRICE TOTAL
3458 Head & Shoulders Shampoo 180 ml = 180.00 = 900.00
7904 Lays American Style Cream & Onior} 200 ml = 200.00 1,000.00
SUB TOTAL = 1,900.00
DISCOUNT(15%) = 285.00
GST(18%) = 342.00
TOTAL = 1,957.00
"
40-ITC Limited.pdf,"Reciept No: 40 Date: 31-07-2024
Company's Info: Customer's Info:
ITC Limited Saha & Sons Supermarket
37 J.L.Nehru Road, 92, Ballygunge
Kolkata 700 071 Station Road, Kolkata
- 700019
29ABCDE1234F1Z5 46NNAPLO12304ZE
Payment Detail:
HSN DESCRIPTION UNIT QTY PRICE AMOUNT
2784 Fabelle Luxury Chocolate Bars 400g 5 = 120.00 = 600.00
1494 Bingo! Mad Angles Achari Masti 84 pcs 4 = 120.00 = 480.00
SUBTOTAL = 1,080.00
DISCOUNT(20%) % 313.20
GST(18%) = 194.40
TOTAL % 961.20
PAYMENT METHOD: [cash,card,online,check or etc]
Check/Transaction No [if applicable]
"
123-BIG BAZAAR PVT LTD.pdf,"BIG BAZAAR PVT LTD
24th Floor, Ahmedabad One Mall, Vastrapur,
Ahmedabad, Gujarat 380015
341KKLAE12K4A1E5
CLIENT INFO
Asha Provision Store
123. 303, C.G. Road, Anmedabad,
380009
+91 98909 87654
Date: 31-07-2024 RECIEPT NO: 123
| HSN | DESCRIPTION UNIT PRICE TOTAL
3307 Dairy Craft Cheese Slices 200 g = 120.00 = 600.00
5806 Croma LED TV | dunit | 4 | 220,000.00 = 80,000.00
SUBTOTAL §% 80,600.00
DISCOUNT(15%) = 12,090.00
GST(18%) = 14,508.00
TOTAL 83,018.00
"
SinghReceipt_2024-07-24_18-40-52_37.pdf,"Receipt Voucher
Name: Singh Electronics
Address: 890 Gandhi Nagar, Bangalore, Karnataka, 560007
GSTIN: O9AAACNO189C1ZH
S.No: 1383
Date of Issue:22-04-2023
Details of Receiver (Billed to) Details of Receiver (Shipped to)
Name: Sony India Software Centre Pvt Ltd Name: Sony India Software Centre Pvt Ltd
Address: Sony Office, RMZ Infinity, Bengaluru, Karnataka, 560016 Address: Sony Office, RMZ Infinity, Bengaluru, Karnataka, 560016
State: Karnataka State: Karnataka
State code: 16 State code: 16
GSTIN/ UIN (if registered):24MHROB6658N1Z1 GSTIN/ UIN (if registered):24MHROB6658N1Z1
| SNo Description of goods/service HSN/SAC Amount of Advance CGST SGsT IGsT
Samsung QLED Smart TV 2869 14394.00 1295.46 1295.46 | 0% | 000 |
Total Value (in Rs.) 16984.92
Advance Amount received subject to reverse charge Yes No

Signature of Supplier
"
73-CROMA PVT LTD.pdf,"Receipt No.: 73
Payment date: 12-08-2024
Payment Type: UPI
From: CB To:
Name: [ROMA PVTLTD
Address: Ground Floor, Skyzone, High Street Address:
Phoenix, Senapati Bapat Marg, Lower 90, Summit Court, Andheri East, Mumbai 400069
Parel, Mumbai, Maharashtra 400013 +91 71234 56781

Phone No; |87BBAQE12K4P106 a
DESCRIPTION UNIT PRICE Amount (in Rs)
2145 Samsung HW-Q950A 10 2 % 62,999.00 = 1,25,998.00
1370] Apple AirPods Max (Space Gray) 10 1 = 59,999.00 = 59,999.00
Sub-Total ¥ 1,85,997.00
Amount in Words: Discount(30%) = 55,799.10

GST(18%) % 33,479.46

Total Amount: = 1,63,677.36
eee
Terms & Condition:
Seal & Signature
Thank you for Business !!! Visit us Again !!!
"
22-BIG BAZAAR PVT LTD.pdf,"BIG BAZAAR PVT LTD
1st Floor, Ahmedabad One Mall, Vastrapur,
Ahmedabad, Gujarat 380015
341KKLAE12K4A1E5
CLIENT INFO
Ashok Provision Store
22. 101, Naroda, Anmedabad,
382330
+91 95432 10987
Date: 31-07-2024 RECIEPT NO: 22
| HSN | DESCRIPTION UNIT PRICE TOTAL
4569 Tide Detergent Powder = 300.00 = 900.00
8925 Huggies Wonder Pants 200ml | 4 | = 200.00 = 800.00
SUB TOTAL 1,700.00
DISCOUNT(15%) = 255.00
GST(18%) % 306.00
TOTAL 1,751.00
"
25-CROMA PVT LTD.pdf,"Receipt No.: 25
Payment date: 12-08-2024
Payment Type: UPI
From: ——SCSCSCSC*dCéBiL TZ
Name: [CROMA PVT LTD Name: [SparkTech
Address: Ground Floor, Skyzone, High Street Address:
Phoenix, Senapati Bapat Marg, Lower 73, Silver Sands, Dahisar West, Mumbai 400068
Parel, Mumbai, Maharashtra 400013 +91 78901 23456

Phone No: _[87BBAQE12K4P106 a
DESCRIPTION UNIT PRICE Amount (in Rs)
7486 OnePlus Buds Z2 10 2 = 7,999.00 = 15,998.00
3480 OnePlus Buds Pro 10 5 = 14,499.00 % 72,495.00
Sub-Total ¥ 88,493.00
Amount in Words: Discount(30%) = 26,547.90

GST(18%) 15,928.74

Total Amount: = 77,873.84
eee
Terms & Condition:
Seal & Signature
Thank you for Business !!! Visit us Again !!!
"
27-D-MART PVT LTD.pdf,"D-MART PVT LTD DATE 07-23-24
35/2867, B & B2, Bypass Road, Opp. Oberon Mall,
Edappally, Kochi, Kerala 682024 CUSTOMER NO. 1144
CLIENT
41HHLWE12K4A1Q6
SALESPERSON Anukul Roy Jithin Mathew
CREDIT CARD NO. 4539 1488 0343 6467
Neeraja, 23/78, Kannur, Kerala 670001
abe DESCRIPTION OTE QTY UNIT PRICE TOTAL
6791 Pepsodent Toothbrush 4 Pack Z 90.00 Z 90.00
1248 Bourbon 300g 300g z 50.00 Z 100.00
Remarks / Instructions: SUBTOTAL = 190.00
DISCOUNT (10%) = 19.00
GST (18%) = 30.78
Please make check payable to Your Company Name. TOTAL = 178.22
THANK YOU
casH [_ | CREDITCARD [_] MONEYORDER [_]
For questions concerning this receipt please contact Name, (321) 456-7890, Email Address
eae SALES RECEIPT
Jithin Mathew
DATE 07-23-24
Neeraja, 23/78, Kannur, Kerala 670001
+91 94567 89012 AMOUNT PAID = 178.22
D-MART PVT LTD 35/2867, B & B2, Bypass Road, Opp. Oberon Mall, 41HHLWE12K4A1Q6
Edappally, Kochi, Kerala 682024
"
11-BIG BAZAAR PVT LTD.pdf,"BIG BAZAAR PVT LTD
1st Floor, Ahmedabad One Mall, Vastrapur,
Ahmedabad, Gujarat 380015
341KKLAE12K4A1E5
CLIENT INFO
Om Provision Store
11. 808, Sardar Patel Stadium,
Ahmedabad, 380014
+91 94567 89012
Date: 31-07-2024 RECIEPT NO: 11
| HSN | DESCRIPTION UNIT PRICE TOTAL
5679 Nestlé Everyday 400 g = 60.00 300.00
9135 Complan NutriGro 200g | 4 | = 200.00 = 800.00
SUB TOTAL = 1,100.00
DISCOUNT(15%) = 165.00
GST(18%) = 198.00
TOTAL = 1,133.00
"
120-ITC Limited.pdf,"Reciept No: 120 Date: 31-07-2024
Company's Info: Customer's Info:
ITC Limited Saha Grocery Mart
37 J.L.Nehru Road,
Kolkata 700 071 25, College Street,
Kolkata - 700073
29ABCDE1234F1Z5 30AAACP1234H1ZN
Payment Detail:
HSN DESCRIPTION UNIT QTY PRICE AMOUNT
6810 Vivel Soap 200 g 3 = 50.00 = 150.00
#N/A Uttapam Mix 500 g 7 = 70.00 = 490.00
SUBTOTAL = 640.00
DISCOUNT(20%) = 185.60
GST(18%) = 115.20
TOTAL = 569.60
PAYMENT METHOD: [cash,card,online,check or etc]
Check/Transaction No [if applicable]
"
60-BIG BAZAAR PVT LTD.pdf,"BIG BAZAAR PVT LTD
1st Floor, Ahmedabad One Mall, Vastrapur,
Ahmedabad, Gujarat 380015
341KKLAE12K4A1E5
CLIENT INFO
Manju Provision Store
60. 303, Naranpura, Anmedabad,
380013
+91 87654 56789
Date: 31-07-2024 RECIEPT NO: 60
| HSN | DESCRIPTION UNIT PRICE TOTAL
3462 Nestlé Milkmaid 400 g = 120.00 = 240.00
7908 | Patanjali Neem & Tulsi Face Wash} 200g = 200.00 = 400.00
SUB TOTAL % 640.00
DISCOUNT(15%) % 96.00
GST(18%) = 115.20
TOTAL % 659.20
"
13-D-MART PVT LTD.pdf,"D-MART PVT LTD NI 07-23-24
35/2867, B & B2, Bypass Road, Opp. Oberon Mall,
Edappally, Kochi, Kerala 682024 CUSTOMER NO. 1144
CLIENT
41HHLWE12K4A1Q6
CREDIT CARD NO. 4539 1488 0343 6467
Neelambari, 56/78, Kadavanthra, Kochi, Kerala 682020
aby DESCRIPTION OTE QTY UNIT PRICE TOTAL
4568 Fortune Sunflower Oil 5L Z 600.00 Z 2,400.00
8924 Quaker Oats 1kg Z 200.00 Z 600.00
Remarks / Instructions: SUBTOTAL = 3,000.00
DISCOUNT (10%) = 300.00
GST (18%) = 486.00
Please make check payable to Your Company Name. TOTAL = 2,814.00
THANK YOU
casH [_ | CREDITCARD [_] MONEYORDER [_]
For questions concerning this receipt please contact Name, (321) 456-7890, Email Address
deal SALES RECEIPT
Divya Menon
DATE 07-23-24
Neelambari, 56/78, Kadavanthra, Kochi, Kerala 682020
+91 76543 21098 AMOUNT PAID = 2,814.00
D-MART PVT LTD 35/2867, B & B2, Bypass Road, Opp. Oberon Mall, 41HHLWE12K4A1Q6
Edappally, Kochi, Kerala 682024
"
104-ITC Limited.pdf,"Reciept No: 104 Date: 31-07-2024
Company's Info: Customer's Info:
ITC Limited Sen & Co. Provision Store
37 J.L.Nehru Road,
Kolkata 700 071 21, Gariahat Road,
Kolkata - 700029
29ABCDE1234F1Z5 O6AAACW1234B122
Payment Detail:
HSN DESCRIPTION UNIT QTY PRICE AMOUNT
5698 Fiama Di Wills Shower Gel 100 ml 6 % 170.00 % 1,020.00
#N/A Engage Perfume 150 ml 6 = 100.00 = 600.00
SUBTOTAL = 1,620.00
DISCOUNT(20%) = 469.80
GST(18%) = 291.60
TOTAL = 1,441.80
PAYMENT METHOD: [cash,card,online,check or etc]
Check/Transaction No [if applicable]
"
108-ITC Limited.pdf,"Reciept No: 108 Date: 31-07-2024
Company's Info: Customer's Info:
ITC Limited Mukherjee Super Mart
37 J.L.Nehru Road,
Kolkata 700 071 2A, Park Circus,
Kolkata - 700017
29ABCDE1234F1Z5 O9AADCK1234B1Z5
Payment Detail:
HSN DESCRIPTION UNIT QTY PRICE AMOUNT
3476 Jumbo Crackers 100 g 8 = 60.00 = 480.00
#N/A Instant Coffee 500 g 6 = 100.00 = 600.00
SUBTOTAL % 1,080.00
DISCOUNT(20%) = 313.20
GST(18%) = 194.40
TOTAL = 961.20
PAYMENT METHOD: [cash,card,online,check or etc]
Check/Transaction No [if applicable]
"
SinghReceipt_2024-07-24_18-40-40_25.pdf,"Receipt Voucher
Name: Singh Electronics
Address: 890 Gandhi Nagar, Bangalore, Karnataka, 560007
GSTIN: O9AAACNO189C1ZH
S.No: 8431
Date of Issue:27-06-2023
Details of Receiver (Billed to) Details of Receiver (Shipped to)
Name: Xerox India Ltd Name: Xerox India Ltd
Address: Xerox Office, Manyata Tech Park, Bengaluru, Karnataka, 560045 Address: Xerox Office, Manyata Tech Park, Bengaluru, Karnataka, 560045
State: Karnataka State: Karnataka
State code: 45 State code: 45
GSTIN/ UIN (if registered):24KRKGB9385Z1Z5 GSTIN/ UIN (if registered):24KRKGB9385Z1Z5
| SNo Description of goods/service HSN/SAC Amount of Advance CGST SGsT IGsT
Amazon Kindle Paperwhite 2600 13752.00 1237.68 1237.68 | 0% | 000 |
Total Value (in Rs.) 16227.36
Advance Amount received subject to reverse charge Yes No

Signature of Supplier
"
121-CROMA PVT LTD.pdf,"Receipt No.: 121
Payment date: 12-08-2024
Payment Type: UPI
From: —C—C—CSCSCdiéGL TZ
Name: [CROMA PVT LTD
Address: Ground Floor, Skyzone, High Street Address:
Phoenix, Senapati Bapat Marg, Lower 44, Alpine Villa, Pali Hill, Mumbai 400050
Parel, Mumbai, Maharashtra 400013 +91 34567 89012

Phone No: _[87BBAQE12K4P106 a
DESCRIPTION UNIT PRICE Amount (in Rs)
3042 JBL Tune 750BTNC 10 3 = 19,999.00 = 59,997.00
8035 JBL Live 660NC 10 4 = 18,999.00 = 75,996.00
Sub-Total ¥ 1,35,993.00
Amount in Words: Discount(30%) = 40,797.90

GST(18%) X 24,478.74

Total Amount: X 1,19,673.84
eee
Terms & Condition:
Seal & Signature
Thank you for Business !!! Visit us Again !!!
"
SinghReceipt_2024-07-24_18-41-27_72.pdf,"Receipt Voucher
Name: Singh Electronics
Address: 890 Gandhi Nagar, Bangalore, Karnataka, 560007
GSTIN: O9AAACNO189C1ZH
S.No: 2714
Date of Issue:11-09-2023
Details of Receiver (Billed to) Details of Receiver (Shipped to)
Name: Infosys Technologies Name: Infosys Technologies
Address: Infosys Towers, Electronics City, Bengaluru, Karnataka, 560100 Address: _ Infosys Towers, Electronics City, Bengaluru, Karnataka, 560100
State: Karnataka State: Karnataka
State code: OO State code: 00
GSTIN/ UIN (if registered):24TMCCP3807A1Z0 GSTIN/ UIN (if registered):24TMCCP3807A1Z0
| SNo Description of goods/service HSN/SAC Amount of Advance CGST SGsT IGsT
Canon CanoScan LiDE400 Scanner 2703 9852.00 886.68 836.68 | 0% | 000 |
Total Value (in Rs.) 11625.36
Advance Amount received subject to reverse charge Yes No

Signature of Supplier
"
28-BIG BAZAAR PVT LTD.pdf,"BIG BAZAAR PVT LTD
1st Floor, Ahmedabad One Mall, Vastrapur,
Ahmedabad, Gujarat 380015
341KKLAE12K4A1E5
CLIENT INFO
Rajesh Provision Store
28. 707, Ghatlodia, Anmedabad,
380061
+91 87654 56789
Date: 31-07-2024 RECIEPT NO: 28
| HSN | DESCRIPTION UNIT PRICE TOTAL
1237 Haldiram’s Bhujia 200 g = 200.00 = 600.00
5692 Lux Fresh Splash 500g = 500.00 = 500.00
SUB TOTAL = 1,100.00
DISCOUNT(15%) = 165.00
GST(18%) = 198.00
TOTAL = 1,133.00
"
25-BIG BAZAAR PVT LTD.pdf,"BIG BAZAAR PVT LTD
1st Floor, Ahmedabad One Mall, Vastrapur,
Ahmedabad, Gujarat 380015
341KKLAE12K4A1E5
CLIENT INFO
Vijayalakshmi Provision Store
25. 404, Jodhpur, Ahmedabad,
380015
+91 87654 54321
Date: 31-07-2024 RECIEPT NO: 25
| HSN | DESCRIPTION UNIT PRICE TOTAL
7893 Red Label Tea 200 ml = 200.00 = 800.00
2358 200 ml % 200.00 % 400.00
SUB TOTAL = 1,200.00
DISCOUNT(15%) % 180.00
GST(18%) % 216.00
TOTAL = 1,236.00
"
66-BIG BAZAAR PVT LTD.pdf,"BIG BAZAAR PVT LTD
1st Floor, Ahmedabad One Mall, Vastrapur,
Ahmedabad, Gujarat 380015
341KKLAE12K4A1E5
CLIENT INFO
Sheetal Provision Store
66. 909, Kankaria, Anmedabad,
380022
+91 76543 21098
Date: 31-07-2024 RECIEPT NO: 66
| HSN | DESCRIPTION UNIT PRICE TOTAL
9130 Surf Excel Easy Wash 500 ml = 500.00 = 500.00
4585 Kellogg’s Honey Loops = 200.00 = 600.00
SUB TOTAL = 1,100.00
DISCOUNT(15%) = 165.00
GST(18%) = 198.00
TOTAL = 1,133.00
"
18-ITC Limited.pdf,"Reciept No: 18 Date: 31-07-2024
Company's Info: Customer's Info:
ITC Limited Dey Provision Shop
37 J.L.Nehru Road,
Kolkata 700 071 14, Cossipore Road,
Kolkata - 700002
29ABCDE1234F1Z5 22RRAPL7890S9ZI
Payment Detail:
HSN DESCRIPTION UNIT QTY PRICE AMOUNT
2500 Gold Flake Cigarettes 200 g 6 = 100.00 = 600.00
1210 Bingo! Mad Angles Pizza 200 g 6 = 100.00 = 600.00
SUBTOTAL % 1,200.00
DISCOUNT(20%) = 348.00
GST(18%) = 216.00
TOTAL % 1,068.00
PAYMENT METHOD: [cash,card,online,check or etc]
Check/Transaction No [if applicable]
"
SinghReceipt_2024-07-24_18-40-34_19.pdf,"Receipt Voucher
Name: Singh Electronics
Address: 890 Gandhi Nagar, Bangalore, Karnataka, 560007
GSTIN: O9AAACNO189C1ZH
S.No: 2052
Date of Issue:13-05-2023
Details of Receiver (Billed to) Details of Receiver (Shipped to)
Name: Adobe Systems India Pvt Ltd Name: Adobe Systems India Pvt Ltd
Address: Adobe Office, RMZ EcoWorld, Bengaluru, Karnataka, 560103 Address: Adobe Office, RMZ EcoWorld, Bengaluru, Karnataka, 560103
State: Karnataka State: Karnataka
State code: 03 State code: 03
GSTIN/ UIN (if registered):24WNPDN6260U1Z9 GSTIN/ UIN (if registered):24WNPDN6260U1Z9
| SNo Description of goods/service HSN/SAC Amount of Advance CGST SGsT IGsT
Canon CanoScan LiDE400 Scanner 2753 2964.00 266.76 266.76 | 0% | 000 |
Total Value (in Rs.) 3497.52
Advance Amount received subject to reverse charge Yes No

Signature of Supplier
"
40-CROMA PVT LTD.pdf,"Receipt No.: 40
Payment date: 12-08-2024
Payment Type: UPI
From: —C—C—CSCSCdiéGL TZ
CROMA PVT LTD ElectroCity
Address: Ground Floor, Skyzone, High Street Address:
Phoenix, Senapati Bapat Marg, Lower 59, Lakeview Heights, Chembur, Mumbai 400071
Parel, Mumbai, Maharashtra 400013 +91 34567 89023

Phone No: _[87BBAQE12K4P106 a
DESCRIPTION UNIT PRICE Amount (in Rs)
4301 Sony WH-CH710N 10 5 ® 13,999.00 ® 69,995.00
2591 Sony ZV-E10 10 2 = 59,999.00 = 1,19,998.00
Sub-Total ¥ 1,89,993.00
Amount in Words: Discount(30%) = 56,997.90

GST(18%) % 34,198.74

Total Amount: = 1,67,193.84
eee
Terms & Condition:
Seal & Signature
Thank you for Business !!! Visit us Again !!!
"
51-BIG BAZAAR PVT LTD.pdf,"BIG BAZAAR PVT LTD
1st Floor, Ahmedabad One Mall, Vastrapur,
Ahmedabad, Gujarat 380015
341KKLAE12K4A1E5
CLIENT INFO
Rajan Provision Store
51. 303, Ghatlodia, Anmedabad,
380061
+91 94567 89012
Date: 31-07-2024 RECIEPT NO: 51
| HSN | DESCRIPTION UNIT PRICE TOTAL
3461 Fogg Deodorant 100 ml = 100.00 300.00
7907 Garnier Men’s Face Wash 200 ml = 150.00 = 300.00
SUB TOTAL = 600.00
DISCOUNT(15%) = 90.00
GST(18%) = 108.00
TOTAL = 618.00
"
38-BIG BAZAAR PVT LTD.pdf,"BIG BAZAAR PVT LTD
1st Floor, Ahmedabad One Mall, Vastrapur,
Ahmedabad, Gujarat 380015
341KKLAE12K4A1E5
CLIENT INFO
Leela Provision Store
38. 808, Sola Road, Ahmedabad,
380060
+91 95432 10987
Date: 31-07-2024 RECIEPT NO: 38
| HSN | DESCRIPTION UNIT PRICE TOTAL
5682 Nescafé Coffee 200 g = 200.00 = 400.00
9138 Gillette Shaving Foam 200 ml = 200.00 = 400.00
SUB TOTAL = 800.00
DISCOUNT(15%) = 120.00
GST(18%) = 144.00
TOTAL = 824.00
"
88-BIG BAZAAR PVT LTD.pdf,"BIG BAZAAR PVT LTD
1st Floor, Ahmedabad One Mall, Vastrapur,
Ahmedabad, Gujarat 380015
341KKLAE12K4A1E5
CLIENT INFO
Anu Provision Store
88. 404, Rakhial, Anmedabad,
380023
+91 98765 67890
Date: 31-07-2024 RECIEPT NO: 88
| HSN | DESCRIPTION UNIT PRICE TOTAL
7900 Himalaya Baby Care 200 ml = 100.00 = 500.00
2365 Kelloge’s Crunchy Granola 500g = 200.00 1,000.00
SUB TOTAL = 1,500.00
DISCOUNT(15%) = 225.00
GST(18%) = 270.00
TOTAL = 1,545.00
"
SinghReceipt_2024-07-24_18-40-20_5.pdf,"Receipt Voucher
Name: Singh Electronics
Address: 890 Gandhi Nagar, Bangalore, Karnataka, 560007
GSTIN: O9AAACNO189C1ZH
S.No: 4905
Date of Issue:28-10-2023
Details of Receiver (Billed to) Details of Receiver (Shipped to)
Name: Societe Generale Global Solution Ce Name: Societe Generale Global Solution Centr
Address: Societe Generale Office, Whitefield, Bengaluru, Karnataka, 560066 Address: Societe Generale Office, Whitefield, Bengaluru, Karnataka,
State: Karnataka State: Karnataka
State code: 66 State code: 66
GSTIN/ UIN (if registered):24YKOBT6114U1Z7 GSTIN/ UIN (if registered):24YKOBT6114U1Z7
CGST SGST IGST
[sno | Deserptonofgoods/serice | Hsw/sacl | Amountof Advance eT aoe] Rate Ano fale nom
Sony DVPSR510H DVD Player 2601 29821.00 2683.89 2683.89 | 0% | 0.00 |
Total Value (in Rs.) 35188.78
Advance Amount received subject to reverse charge Yes No
Signature of Supplier
"
50-BIG BAZAAR PVT LTD.pdf,"BIG BAZAAR PVT LTD
1st Floor, Ahmedabad One Mall, Vastrapur,
Ahmedabad, Gujarat 380015
341KKLAE12K4A1E5
CLIENT INFO
Kamini Provision Store
50. 202, Odhav, Ahmedabad,
382415
+91 76543 21098
Date: 31-07-2024 RECIEPT NO: 50
| HSN | DESCRIPTION UNIT PRICE TOTAL
8917 Complan Health Drink 200 g = 200.00 = 800.00
3472 Fogg Master 150ml | 4 | = 200.00 = 800.00
SUB TOTAL = 1,600.00
DISCOUNT(15%) = 240.00
GST(18%) = 288.00
TOTAL 1,648.00
"
91-CROMA PVT LTD.pdf,"Receipt No.: 91
Payment date: 12-08-2024
Payment Type: UPI
From: ——SCSCSCSC*dCéBiL TZ
Name: [CROMA PVT LTD Name: [SparkStop
Address: Ground Floor, Skyzone, High Street Address:
Phoenix, Senapati Bapat Marg, Lower 12, Summit Gardens, Andheri East, Mumbai 400069
Parel, Mumbai, Maharashtra 400013 +91 61234 56782

Phone No: _[87BBAQE12K4P106 a
DESCRIPTION UNIT PRICE Amount (in Rs)
3356 Google Nest Audio 10 5 = 7,999.00 ® 39,995.00
4371 Sonos Roam 10 2 ® 17,999.00 ® 35,998.00
Sub-Total ® 75,993.00
Amount in Words: Discount(30%) = 22,797.90

GST(18%) X 13,678.74

Total Amount: X 66,873.84
eee
Terms & Condition:
Seal & Signature
Thank you for Business !!! Visit us Again !!!
"
107-ITC Limited.pdf,"Reciept No: 107 Date: 31-07-2024
Company's Info: Customer's Info:
ITC Limited Dutta Provision Shop
37 J.L.Nehru Road, 78, Diamond Harbour
Kolkata 700 071 Road, Kolkata -
700023
29ABCDE1234F1Z5 27AAEPC1234F1ZX
Payment Detail:
HSN DESCRIPTION UNIT QTY PRICE AMOUNT
8932 ITC Master Chef Frozen Foods 70g 5 = 200.00 = 1,000.00
#N/A Hot & Spicy Noodles 200 g 10 = 20.00 = 200.00
SUBTOTAL % 1,200.00
DISCOUNT(20%) = 348.00
GST(18%) = 216.00
TOTAL % 1,068.00
PAYMENT METHOD: [cash,card,online,check or etc]
Check/Transaction No [if applicable]
"
46-BIG BAZAAR PVT LTD.pdf,"BIG BAZAAR PVT LTD
1st Floor, Ahmedabad One Mall, Vastrapur,
Ahmedabad, Gujarat 380015
341KKLAE12K4A1E5
CLIENT INFO
Kamal Provision Store
46. 707, Koba, Anmedabad,
382424
+91 95432 10987
Date: 31-07-2024 RECIEPT NO: 46
| HSN | DESCRIPTION UNIT PRICE TOTAL
1239 Bournvita Health Drink = 200.00 = 400.00
5694 Himalaya Face Pack = 200.00 = 200.00
SUB TOTAL % 600.00
DISCOUNT(15%) = 90.00
GST(18%) % 108.00
TOTAL % 618.00
"
44-BIG BAZAAR PVT LTD.pdf,"BIG BAZAAR PVT LTD
1st Floor, Ahmedabad One Mall, Vastrapur,
Ahmedabad, Gujarat 380015
341KKLAE12K4A1E5
CLIENT INFO
Geeta Provision Store
44. 505, Vastral, Anmedabad,
382418
+91 87654 56789
Date: 31-07-2024 RECIEPT NO: 44
| HSN | DESCRIPTION UNIT PRICE TOTAL
2349 Patanjali Aloe Vera Gel 500g = 500.00 = 2,000.00
6804 100 g % 250.00 % 1,250.00
SUB TOTAL 3,250.00
DISCOUNT(15%) = 487.50
GST(18%) = 585.00
TOTAL % 3,347.50
"
29-CROMA PVT LTD.pdf,"Receipt No.: 29
Payment date: 12-08-2024
Payment Type: UPI
From: —CSCd(éBid' To:
CROMA PVT LTD DigiWorld Electronics
Address: Ground Floor, Skyzone, High Street Address:
Phoenix, Senapati Bapat Marg, Lower 34, Maple Grove, Bandra East, Mumbai 400051
Parel, Mumbai, Maharashtra 400013 +91 11234 56789

Phone No: _[87BBAQE12K4P106 a
DESCRIPTION UNIT PRICE Amount (in Rs)
2820 Marshall Stanmore II 10 1 % 22,499.00 = 22,499.00
7924 Marshall Acton II 10 5 = 22,999.00 % 1,14,995.00
Sub-Total X 1,37,494.00
Amount in Words: Discount(30%) = 41,248.20

GST(18%) X 24,748.92

Total Amount: X 1,20,994.72
re ee
Terms & Condition:
Seal & Signature
Thank you for Business !!! Visit us Again !!!
"
116-CROMA PVT LTD.pdf,"Receipt No.: 116
Payment date: 12-08-2024
Payment Type: UPI
From: CI To:
CROMA PVT LTD Circuit World
Address: Ground Floor, Skyzone, High Street Address: 92, Sunbeam Residency, Vile Parle West, Mumbai
Phoenix, Senapati Bapat Marg, Lower 400056
Parel, Mumbai, Maharashtra 400013 +91 79876 54321

Phone No: _[87BBAQE12K4P106 a
DESCRIPTION UNIT PRICE Amount (in Rs)
7515 LG UltraWide Monitor 29-inch 10 1 = 24,999.00 = 24,999.00
2480 LG UltraGear Monitor 10 5 % 29,999.00 % 1,49,995.00
Sub-Total % 1,74,994.00
Amount in Words: Discount(30%) = 52,498.20

GST(18%) % 31,498.92

Total Amount: X 1,53,994.72
re ee
Terms & Condition:
Seal & Signature
Thank you for Business !!! Visit us Again !!!
"
67-CROMA PVT LTD.pdf,"Receipt No.: 67
Payment date: 12-08-2024
Payment Type: UPI
From: CB To:
CROMA PVT LTD SparkTech Hub
Address: Ground Floor, Skyzone, High Street Address:
Phoenix, Senapati Bapat Marg, Lower 66, Royal Heights, Dadar East, Mumbai 400014
Parel, Mumbai, Maharashtra 400013 +91 11234 56781

Phone No: _[87BBAQE12K4P106 a
DESCRIPTION UNIT PRICE Amount (in Rs)
4589 Sony Bravia X90J 10 4 = 1,10,000.00 = 4,40,000.00
4370 TCL 8-Series 10 5 = 1,09,999.00 = 5,49,995.00
Sub-Total ¥ 9,89,995.00
Amount in Words: Discount(30%) = 2,96,998.50

GST(18%) % 1,78,199.10

Total Amount: = 8,71,195.60
eee
Terms & Condition:
Seal & Signature
Thank you for Business !!! Visit us Again !!!
"
23-CROMA PVT LTD.pdf,"Receipt No.: 23
Payment date: 12-08-2024
Payment Type: UPI
From: CB To:
CROMA PVT LTD Gadget Haven
Address: Ground Floor, Skyzone, High Street Address:
Phoenix, Senapati Bapat Marg, Lower 30, Green Garden, Malad West, Mumbai 400064
Parel, Mumbai, Maharashtra 400013 +91 56789 01234

Phone No: _[87BBAQE12K4P106 a
DESCRIPTION UNIT PRICE Amount (in Rs)
5264 Apple AirPods Pro 2nd Gen 10 2 = 32,999.00 = 65,998.00
1257 Apple AirPods 3rd Gen 10 5 = 24,999.00 ® 1,24,995.00
Sub-Total ¥ 1,90,993.00
Amount in Words: Discount(30%) = 57,297.90

GST(18%) X 34,378.74

Total Amount: X 1,68,073.84
eee
Terms & Condition:
Seal & Signature
Thank you for Business !!! Visit us Again !!!
"
82-CROMA PVT LTD.pdf,"Receipt No.: 82
Payment date: 12-08-2024
Payment Type: UPI
From: CB To:
CROMA PVT LTD ByteWorld Plus
Address: Ground Floor, Skyzone, High Street Address:
Phoenix, Senapati Bapat Marg, Lower 54, Urban Heights, Powai, Mumbai 400076
Parel, Mumbai, Maharashtra 400013 +91 78901 23489

Phone No: _[87BBAQE12K4P106 a
DESCRIPTION UNIT PRICE Amount (in Rs)
2468 Huawei Watch GT 3 10 1 = 26,999.00 = 26,999.00
2361 Canon EOS R6 10 1 = 2,09,999.00 = 2,09,999.00
Sub-Total ¥ 2,36,998.00
Amount in Words: Discount(30%) = 71,099.40

GST(18%) = 42,659.64

Total Amount: X 2,08,558.24
eee
Terms & Condition:
Seal & Signature
Thank you for Business !!! Visit us Again !!!
"
34-CROMA PVT LTD.pdf,"Receipt No.: 34
Payment date: 12-08-2024
Payment Type: UPI
From: ——SCSCSCSC*dCéBiL TZ
Name: [CROMA PVT LTD Name: [ByteWorld
Address: Ground Floor, Skyzone, High Street Address:
Phoenix, Senapati Bapat Marg, Lower 11, Urban Heights, Bhandup East, Mumbai 400078
Parel, Mumbai, Maharashtra 400013 +91 61234 56789

Phone No: _[87BBAQE12K4P106 a
DESCRIPTION UNIT PRICE Amount (in Rs)
7375 Sony A7 IV 10 1 = 10,999.00 = 10,999.00
5480 Sony Alpha 7R IV 10 5 = 23,499.00 = 1,17,495.00
Sub-Total * 1,28,494.00
Amount in Words: Discount(30%) = 38,548.20

GST(18%) X 23,128.92

Total Amount: = 1,13,074.72
eee
Terms & Condition:
Seal & Signature
Thank you for Business !!! Visit us Again !!!
"
100-CROMA PVT LTD.pdf,"Receipt No.: 100
Payment date: 12-08-2024
Payment Type: UPI
From: CB To:
CROMA PVT LTD DigiTech Store
Address: Ground Floor, Skyzone, High Street Address:
Phoenix, Senapati Bapat Marg, Lower 12, Summit Garden, Malad East, Mumbai 400097
Parel, Mumbai, Maharashtra 400013 +91 67890 12389

Phone No: _[87BBAQE12K4P106 a
DESCRIPTION UNIT PRICE Amount (in Rs)
3479 Acer Aspire 5 10 1 = 34,999.00 = 34,999.00
4704 Google Pixel 6 Pro 10 5 = 1,24,999.00 = 6,24,995.00
Sub-Total ¥ 6,59,994.00
Amount in Words: Discount(30%) = 1,97,998.20

GST(18%) = 1,18,798.92

Total Amount: = 5,80,794.72
eee
Terms & Condition:
Seal & Signature
Thank you for Business !!! Visit us Again !!!
"
SinghReceipt_2024-07-24_18-41-09_54.pdf,"Receipt Voucher
Name: Singh Electronics
Address: 890 Gandhi Nagar, Bangalore, Karnataka, 560007
GSTIN: O9AAACNO189C1ZH
S.No: 5651
Date of Issue:06-01-2023
Details of Receiver (Billed to) Details of Receiver (Shipped to)
Name: Honeywell India Name: Honeywell India
Address: Honeywell Campus, Bellandur, Bengaluru, Karnataka, 560103 Address: | Honeywell Campus, Bellandur, Bengaluru, Karnataka, 560103
State: Karnataka State: Karnataka
State code: 03 State code: 03
GSTIN/ UIN (if registered):24BJGGJ8076V1Z3 GSTIN/ UIN (if registered):24BJGGJ8076V1Z3
| SNo Description of goods/service HSN/SAC Amount of Advance CGST SGsT IGsT
Bose Lifestyle 650 Home Theater 3012 27901.00 2511.09 2511.09 | 0% | 0.00 |
Total Value (in Rs.) 32923.18
Advance Amount received subject to reverse charge Yes No

Signature of Supplier
"
21-ITC Limited.pdf,"Reciept No: 21 Date: 31-07-2024
Company's Info: Customer's Info:
ITC Limited Dutta & Das Provision Store
37 J.L.Nehru Road,
Kolkata 700 071 40, Bagbazar Street,
Kolkata - 700003
29ABCDE1234F1Z5 27UUAAP1234V3ZL
Payment Detail:
HSN DESCRIPTION UNIT QTY PRICE AMOUNT
2539 Essenza Di Wills Perfumes 500 g 8 % 500.00 = 4,000.00
1249 TC Dermafique Age Defying Serun 400 ml 5 = 500.00 = 2,500.00
SUBTOTAL % 6,500.00
DISCOUNT(20%) X 1,885.00
GST(18%) % 1,170.00
TOTAL = 5,785.00
PAYMENT METHOD: [cash,card,online,check or etc]
Check/Transaction No [if applicable]
"
SinghReceipt_2024-07-24_18-40-18_3.pdf,"Receipt Voucher
Name: Singh Electronics
Address: 890 Gandhi Nagar, Bangalore, Karnataka, 560007
GSTIN: O9AAACNO189C1ZH
S.No: 5424
Date of Issue:10-09-2023
Details of Receiver (Billed to) Details of Receiver (Shipped to)
Name: Huawei Technologies India Pvt Ltd Name: Huawei Technologies India Pvt Ltd
Address: Huawei Office, Outer Ring Road, Bengaluru, Karnataka, 560103 Address: | Huawei Office, Outer Ring Road, Bengaluru, Karnataka, 560103
State: Karnataka State: Karnataka
State code: 03 State code: 03
GSTIN/ UIN (if registered):24BPGOV5593U1Z8 GSTIN/ UIN (if registered):24BPGOV5593U1Z8
| SNo Description of goods/service HSN/SAC Amount of Advance CGST SGsT IGsT
Philips Sonicare DiamondClean 3047 17136.00 1542.24 1542.24 | 0% | 0.00 |
Total Value (in Rs.) 20220.48
Advance Amount received subject to reverse charge Yes No

Signature of Supplier
"
47-ITC Limited.pdf,"Reciept No: 47 Date: 31-07-2024
Company's Info: Customer's Info:
ITC Limited Ganguly Provision Store
37 J.L.Nehru Road, 165, Rash Behari
Kolkata 700 071 Avenue, Kolkata -
700029
29ABCDE1234F1Z5 53UUAAPL7890V2ZL
Payment Detail:
HSN DESCRIPTION UNIT QTY PRICE AMOUNT
2874 Savion Herbal Sensitive Handwash 1kg 6 = 100.00 = 600.00
1584 Savlon Hand Wash Refills 1kg 9 = 100.00 = 900.00
SUBTOTAL % 1,500.00
DISCOUNT(20%) = 435.00
GST(18%) = 270.00
TOTAL ® 1,335.00
PAYMENT METHOD: [cash,card,online,check or etc]
Check/Transaction No [if applicable]
"
SinghReceipt_2024-07-24_18-41-30_75.pdf,"Receipt Voucher
Name: Singh Electronics
Address: 890 Gandhi Nagar, Bangalore, Karnataka, 560007
GSTIN: O9AAACNO189C1ZH
S.No: 5716
Date of Issue:07-05-2023
Details of Receiver (Billed to) Details of Receiver (Shipped to)
Name: Continental Automotive Component Name: Continental Automotive Components |
Address: Continental Office, Electronic City, Bengaluru, Karnataka, 560100 Address: Continental Office, Electronic City, Bengaluru, Karnataka, 560100
State: Karnataka State: Karnataka
State code: OO State code: 00
GSTIN/ UIN (if registered):24ARLUE8424X1Z9 GSTIN/ UIN (if registered):24ARLUE8424X1Z9
| SNo Description of goods/service HSN/SAC Amount of Advance CGST SGsT IGsT
Philips Hue White and Color 2471 18950.00 1705.5 1705.5 | 0% | 0.00 |
Total Value (in Rs.) 22361.00
Advance Amount received subject to reverse charge Yes No

Signature of Supplier
"
SinghReceipt_2024-07-24_18-41-20_65.pdf,"Receipt Voucher
Name: Singh Electronics
Address: 890 Gandhi Nagar, Bangalore, Karnataka, 560007
GSTIN: O9AAACNO189C1ZH
S.No: 9911
Date of Issue:16-01-2023
Details of Receiver (Billed to) Details of Receiver (Shipped to)
Name: Sony India Software Centre Pvt Ltd Name: Sony India Software Centre Pvt Ltd
Address: Sony Office, RMZ Infinity, Bengaluru, Karnataka, 560016 Address: Sony Office, RMZ Infinity, Bengaluru, Karnataka, 560016
State: Karnataka State: Karnataka
State code: 16 State code: 16
GSTIN/ UIN (if registered):24CWEWP3805E1Z1 GSTIN/ UIN (if registered):24CWEWP3805E1Z1
| SNo Description of goods/service HSN/SAC Amount of Advance CGST SGsT IGsT
ASUS ROG Strix B550-F Gaming 2667 29371.00 2643.39 2643.39 | 0% | 0.00 |
Total Value (in Rs.) 34657.78
Advance Amount received subject to reverse charge Yes No

Signature of Supplier
"
87-CROMA PVT LTD.pdf,"Receipt No.: 87
Payment date: 12-08-2024
Payment Type: UPI
From: —C—C—CSCSCdiéGL TZ
CROMA PVT LTD GadgetZone Plus
Address: Ground Floor, Skyzone, High Street Address:
Phoenix, Senapati Bapat Marg, Lower 44, Emerald Enclave, Dadar East, Mumbai 400014
Parel, Mumbai, Maharashtra 400013 +91 21234 56782
Phone No: _[87BBAQE12K4P106 a
DESCRIPTION UNIT PRICE Amount (in Rs)
7913 Olympus OM-D E-M5 Mark III 10 1 = 52,999.00 = 52,999.00
7927 Sony FX3 10 4 = 1,99,999.00 = 7,99,996.00
Sub-Total ¥ 8,52,995.00
Amount in Words: Discount(30%) = 2,55,898.50
GST(18%) = 1,53,539.10
Total Amount: = 7,50,635.60
eee
Terms & Condition:
Seal & Signature
Thank you for Business !!! Visit us Again !!!
"
3-ITC Limited.pdf,"Reciept No: 3 Date: 31-07-2024
Company's Info: Customer's Info:
ITC Limited Das & Sons Supermarket
37 J.L.Nehru Road,
Kolkata 700 071 56, Park Street,
Kolkata - 700016
29ABCDE1234F1Z5 O6CCAPL2345D3Z3
Payment Detail:
HSN DESCRIPTION UNIT QTY PRICE AMOUNT
2306 Classmate Notebooks 300 ml 8 % 30.00 = 240.00
1047. TC Master Chef Frozen Vegetable: 70 g pack 4 2 30.00 = 120.00
SUBTOTAL = 360.00
DISCOUNT(20%) = 104.40
GST(18%) = 64.80
TOTAL = 320.40
PAYMENT METHOD: [cash,card,online,check or etc]
Check/Transaction No [if applicable]
"
SinghReceipt_2024-07-24_18-41-08_53.pdf,"Receipt Voucher
Name: Singh Electronics
Address: 890 Gandhi Nagar, Bangalore, Karnataka, 560007
GSTIN: O9AAACNO189C1ZH
S.No: 3729
Date of Issue:02-03-2023
Details of Receiver (Billed to) Details of Receiver (Shipped to)
Name: Honeywell Technology Solutions Name: Honeywell Technology Solutions
Address: Honeywell Building, Bellandur, Bengaluru, Karnataka, 560103 Address: — Honeywell Building, Bellandur, Bengaluru, Karnataka, 560103
State: Karnataka State: Karnataka
State code: 03 State code: 03
GSTIN/ UIN (if registered):240MGKW7393T1Z3 GSTIN/ UIN (if registered):240MGKW7393T1Z3
| SNo Description of goods/service HSN/SAC Amount of Advance CGST SGsT IGsT
Philips Airfryer XXL 2839 13322.00 1198.98 1198.98 | 0% | 0.00 |
Total Value (in Rs.) 15719.96
Advance Amount received subject to reverse charge Yes No

Signature of Supplier
"
48-BIG BAZAAR PVT LTD.pdf,"BIG BAZAAR PVT LTD
1st Floor, Ahmedabad One Mall, Vastrapur,
Ahmedabad, Gujarat 380015
341KKLAE12K4A1E5
CLIENT INFO
Sandeep Provision Store
48. 909, Paldi, Anmedabad,
380007
+91 98765 67890
Date: 31-07-2024 RECIEPT NO: 48
| HSN | DESCRIPTION UNIT PRICE TOTAL
9128 Kurkure Snacks 200 g = 200.00 = 200.00
4583 Dove Beauty Cream 200ml | 4 | = 200.00 = 800.00
SUB TOTAL = 1,000.00
DISCOUNT(15%) = 150.00
GST(18%) = 180.00
TOTAL 1,030.00
"
3-BIG BAZAAR PVT LTD.pdf,"BIG BAZAAR PVT LTD
1st Floor, Ahmedabad One Mall, Vastrapur,
Ahmedabad, Gujarat 380015
341KKLAE12K4A1E5
CLIENT INFO
Kumar Provision Store
3. 789, Ellisbridge, Anmedabad,
380006
+91 94567 89012
Date: 31-07-2024 RECIEPT NO: 3
| HSN | DESCRIPTION UNIT PRICE TOTAL
9123 Maggi Noodles 70 g pack = 15.00 = 30.00
4578 Godrej Aer Freshener 300 ml = 300.00 = 600.00
SUB TOTAL = 630.00
DISCOUNT(15%) = 94.50
GST(18%) = 113.40
TOTAL = 648.90
"
124-ITC Limited.pdf,"Reciept No: 124 Date: 31-07-2024
Company's Info: Customer's Info:
ITC Limited Mukhopadhyay Grocery Mart
37 J.L.Nehru Road, 28, Shyama Prasad
Kolkata 700 071 Mukherjee Road,
Kolkata - 700025
29ABCDE1234F1Z5 19AABCP1234M1ZR
Payment Detail:
HSN DESCRIPTION UNIT QTY PRICE AMOUNT
2361 Zesty Lemon Biscuits 200g 9 % 80.00 = 720.00
#N/A Yogurt Mix 70g 4 % 120.00 % 480.00
SUBTOTAL % 1,200.00
DISCOUNT(20%) = 348.00
GST(18%) = 216.00
TOTAL % 1,068.00
PAYMENT METHOD: [cash,card,online,check or etc]
Check/Transaction No [if applicable]
"
32-CROMA PVT LTD.pdf,"Receipt No.: 32
Payment date: 12-08-2024
Payment Type: UPI
From: ——SCSCSCSC*dCéBiL TZ
CROMA PVT LTD GadgetZone
Address: Ground Floor, Skyzone, High Street Address:
Phoenix, Senapati Bapat Marg, Lower 20, Sunlit Apartments, Chembur, Mumbai 400071
Parel, Mumbai, Maharashtra 400013 +91 41234 56789

Phone No: _[87BBAQE12K4P106 a
DESCRIPTION UNIT PRICE Amount (in Rs)
5153 Garmin Forerunner 945 10 1 = 59,999.00 ® 59,999.00
3258 Garmin Forerunner 945 LTE 10 4 % 42,999.00 % 1,71,996.00
Sub-Total ¥ 2,31,995.00
Amount in Words: Discount(30%) = 69,598.50

GST(18%) ® 41,759.10

Total Amount: = 2,04,155.60
eee
Terms & Condition:
Seal & Signature
Thank you for Business !!! Visit us Again !!!
"
15-D-MART PVT LTD.pdf,"D-MART PVT LTD NI 07-23-24
35/2867, B & B2, Bypass Road, Opp. Oberon Mall,
Edappally, Kochi, Kerala 682024 CUSTOMER NO. 1144
CLIENT
41HHLWE12K4A1Q6
cel one Wo. 4539 1488 0343 6467 Anandam, 12/23, Peroorkada, Thiruvananthapuram, Kerala
aby DESCRIPTION OTE QTY UNIT PRICE TOTAL
3457 Taj Mahal Tea 250g 250g z 150.00 z 300.00
7903 Top Ramen Noodles 300g 300g z 80.00 Z 400.00
Remarks / Instructions: SUBTOTAL = 700.00
DISCOUNT (10%) = 70.00
GST (18%) = 113.40
Please make check payable to Your Company Name. TOTAL = 656.60
THANK YOU
casH [_ | CREDITCARD [_] MONEYORDER [_]
For questions concerning this receipt please contact Name, (321) 456-7890, Email Address
eae SALES RECEIPT
Dileep Kumar
Anandam, 12/23, Peroorkada, Thiruvananthapuram, Kerala AS 07-23-24
+91 89012 34567 AMOUNT PAID = 656.60
D-MART PVT LTD 35/2867, B & B2, Bypass Road, Opp. Oberon Mall, 41HHLWE12K4A1Q6
Edappally, Kochi, Kerala 682024
"
63-ITC Limited.pdf,"Reciept No: 63 Date: 31-07-2024
Company's Info: Customer's Info:
ITC Limited Ghosh Super Mart
37 J.L.Nehru Road,
Kolkata 700 071 324, Park Street,
Kolkata - 700016
29ABCDE1234F1Z5 69KKAPL3456L9ZB
Payment Detail:
HSN DESCRIPTION UNIT QTY PRICE AMOUNT
3080 ITC Sunbean Artisanal Coffee 500 ml 7 % 95.00 % 665.00
1791 Sunfeast Special Mango Biscuits 120ml 2 = 55.00 = 110.00
SUBTOTAL = 775.00
DISCOUNT(20%) % 224.75
GST(18%) % 139.50
TOTAL = 689.75
PAYMENT METHOD: [cash,card,online,check or etc]
Check/Transaction No [if applicable]
"
61-ITC Limited.pdf,"Reciept No: 61 Date: 31-07-2024
Company's Info: Customer's Info:
ITC Limited Bannerjee Grocery Mart
37 J.L.Nehru Road,
Kolkata 700 071 303, Hatibagan Road,
Kolkata - 700005
29ABCDE1234F1Z5 67IIAPL1234J7ZZ
Payment Detail:
HSN DESCRIPTION UNIT QTY PRICE AMOUNT
3054 Sunfeast YiPPee! Tricolor Pasta 1 liter 7 % 135.00 = 945.00
1765 ITC Farmland Fresh Peas 180 ml 3 = 75.00 % 225.00
SUBTOTAL % 1,170.00
DISCOUNT(20%) % 339.30
GST(18%) X 210.60
TOTAL % 1,041.30
PAYMENT METHOD: [cash,card,online,check or etc]
Check/Transaction No [if applicable]
"
84-CROMA PVT LTD.pdf,"Receipt No.: 84
Payment date: 12-08-2024
Payment Type: UPI
From: CI To:
Name: [CROMA PVT LTD
Address: Ground Floor, Skyzone, High Street Address: 24, Crestview Apartments, Goregaon West, Mumbai
Phoenix, Senapati Bapat Marg, Lower 400104
Parel, Mumbai, Maharashtra 400013 +91 90123 45601

Phone No: _[87BBAQE12K4P106 a
DESCRIPTION UNIT PRICE Amount (in Rs)
4680 Canon EOS M50 Mark II 10 4 = 68,999.00  2,75,996.00
4593 Fujifilm X-S10 10 4 = 89,999.00 % 3,59,996.00
Sub-Total X 6,35,992.00
Amount in Words: Discount(30%) = 1,90,797.60

GST(18%) 1,14,478.56

Total Amount: X 5,59,672.96
re ee
Terms & Condition:
Seal & Signature
Thank you for Business !!! Visit us Again !!!
"
1-CROMA PVT LTD.pdf,"Receipt No.: 1
Payment date: 12-08-2024
Payment Type: UPI
From: —CSCd(éBid' To:
CROMA PVT LTD Name: __|TechHub Electronics
Address: Ground Floor, Skyzone, High Street Address: 12/3, Shree Apartment, 1st Floor, Near Tulsipipe,
Phoenix, Senapati Bapat Marg, Lower Andheri West, Mumbai 400058
Parel, Mumbai, Maharashtra 400013 +91 98765 43210

Phone No: _[87BBAQE12K4P106 a
DESCRIPTION UNIT PRICE Amount (in Rs)
1001 Apple iPhone 14 Pro 10 4 = 1,29,999.00 = 5,19,996.00
4580 Apple iPhone 14 10 1 = 1,19,999.00 = 1,19,999.00
Sub-Total % 6,39,995.00
Amount in Words: Discount(30%) = 1,91,998.50

GST(18%) %1,15,199.10

Total Amount: = 5,63,195.60
re ee
Terms & Condition:
Seal & Signature
Thank you for Business !!! Visit us Again !!!
"
52-BIG BAZAAR PVT LTD.pdf,"BIG BAZAAR PVT LTD
1st Floor, Ahmedabad One Mall, Vastrapur,
Ahmedabad, Gujarat 380015
341KKLAE12K4A1E5
CLIENT INFO
Tarun Provision Store
52. 404, Vastrapur, Ahmedabad,
380015
+91 87654 56789
Date: 31-07-2024 RECIEPT NO: 52
| HSN | DESCRIPTION UNIT PRICE TOTAL
7896 100 mi % 100.00 % 100.00
2361 200 mi 200.00 % 600.00
SUB TOTAL X 700.00
DISCOUNT(15%) = 105.00
GST(18%) % 126.00
TOTAL = 721.00
"
SinghReceipt_2024-07-24_18-40-33_18.pdf,"Receipt Voucher
Name: Singh Electronics
Address: 890 Gandhi Nagar, Bangalore, Karnataka, 560007
GSTIN: O9AAACNO189C1ZH
S.No: 2414
Date of Issue:05-06-2023
Details of Receiver (Billed to) Details of Receiver (Shipped to)
Name: Miphasis Limited Name: Miphasis Limited
Address: Mphasis Building, Whitefield, Bengaluru, Karnataka, 560066 Address: = Mbphasis Building, Whitefield, Bengaluru, Karnataka, 560066
State: Karnataka State: Karnataka
State code: 66 State code: 66
GSTIN/ UIN (if registered):24YBHQT1337L1Z8 GSTIN/ UIN (if registered):24YBHQT1337L1Z8
| SNo Description of goods/service HSN/SAC Amount of Advance CGST SGST IGST
Epson Home Cinema 5050UB 2835 26118.00 2350.62 2350.62 | 0% | 0.00 |
Total Value (in Rs.) 30819.24
Advance Amount received subject to reverse charge Yes No

Signature of Supplier
"
3-CROMA PVT LTD.pdf,"Receipt No.: 3
Payment date: 12-08-2024
Payment Type: UPI
From: CB To:
Name: [ROMA PVTLTD
Address: Ground Floor, Skyzone, High Street Address: 78, Greenfield Residency, Borivali East, Mumbai
Phoenix, Senapati Bapat Marg, Lower 400066
Parel, Mumbai, Maharashtra 400013 +91 76543 21098
Phone No; |87BBAQE12K4P106 a
DESCRIPTION UNIT PRICE Amount (in Rs)
3304 OnePlus 11T 10 3 = 39,999.00 = 1,19,997.00
6702 OnePlus 10T 10 4 = 39,999.00 = 1,59,996.00
Sub-Total ¥ 2,79,993.00
Amount in Words: Discount(30%) = 83,997.90
GST(18%) = 50,398.74
Total Amount: X 2,46,393.84
eee
Terms & Condition:
Seal & Signature
Thank you for Business !!! Visit us Again !!!
"
117-CROMA PVT LTD.pdf,"Receipt No.: 117
Payment date: 12-08-2024
Payment Type: UPI
From: ——SCSCSCSC*dCéBiL TZ
Name: [CROMA PVT LTD Name: [Techlink
Address: Ground Floor, Skyzone, High Street Address:
Phoenix, Senapati Bapat Marg, Lower 18, Crystal Tower, Bhandup West, Mumbai 400078
Parel, Mumbai, Maharashtra 400013 +91 89876 54321
Phone No: _[87BBAQE12K4P106 a
DESCRIPTION UNIT PRICE Amount (in Rs)
8616 Dell UltraSharp U2720Q 10 3 = 29,999.00 = 89,997.00
3591 Dell Alienware AW2521H 10 5 X 72,999.00 ® 3,64,995.00
Sub-Total ¥ 4,54,992.00
Amount in Words: Discount(30%) = 1,36,497.60
GST(18%) = 81,898.56
Total Amount: = 4,00,392.96
eee
Terms & Condition:
Seal & Signature
Thank you for Business !!! Visit us Again !!!
"
SinghReceipt_2024-07-24_18-40-51_36.pdf,"Receipt Voucher
Name: Singh Electronics
Address: 890 Gandhi Nagar, Bangalore, Karnataka, 560007
GSTIN: O9AAACNO189C1ZH
S.No: 9476
Date of Issue:29-03-2023
Details of Receiver (Billed to) Details of Receiver (Shipped to)
Name: L&T Technology Services Name: L&T Technology Services
Address: L&T Office, Whitefield, Bengaluru, Karnataka, 560066 Address: L&T Office, Whitefield, Bengaluru, Karnataka, 560066
State: Karnataka State: Karnataka
State code: 66 State code: 66
GSTIN/ UIN (if registered):24NXJXK5795H1Z6 GSTIN/ UIN (if registered):24NXJXK5795H1Z6
| SNo Description of goods/service HSN/SAC Amount of Advance CGST SGsT IGsT
Panasonic NN-SN966S Microwave 2103 6823.00 614.07 614.07 | 0% | 000 |
Total Value (in Rs.) 8051.14
Advance Amount received subject to reverse charge Yes No

Signature of Supplier
"
106-BIG BAZAAR PVT LTD.pdf,"BIG BAZAAR PVT LTD
7th Floor, Ahmedabad One Mall, Vastrapur,
Ahmedabad, Gujarat 380015
341KKLAE12K4A1E5
CLIENT INFO
Ram Provision Store
106. 404, Nikol, Anmedabad,
382350
+91 98700 12345
Date: 31-07-2024 RECIEPT NO: 106
| HSN | DESCRIPTION UNIT PRICE TOTAL
1601 Bru Instant Coffee 100 g = 90.00 = 90.00
4101 | Surf Excel Matic Liquid Detergent = 50.00 = 150.00
SUB TOTAL = 240.00
DISCOUNT(15%) % 36.00
GST(18%) = 43.20
TOTAL = 247.20
"
SinghReceipt_2024-07-24_18-40-42_27.pdf,"Receipt Voucher
Name: Singh Electronics
Address: 890 Gandhi Nagar, Bangalore, Karnataka, 560007
GSTIN: O9AAACNO189C1ZH
S.No: 5643
Date of Issue:16-12-2023
Details of Receiver (Billed to) Details of Receiver (Shipped to)
Name: Texas Instruments India Pvt Ltd Name: Texas Instruments India Pvt Ltd
Address: Texas Instruments Office, Whitefield, Bengaluru, Karnataka, Address: Texas Instruments Office, Whitefield, Bengaluru, Karnataka,
State: Karnataka State: Karnataka
State code: 66 State code: 66
GSTIN/ UIN (if registered):24LSRCJ6243Z1Z7 GSTIN/ UIN (if registered):24LSRCJ6243Z12Z7
CGST SGST IGST
No peseription of goods/service [_TSMSAC | AmountofAdvance [- Rate [Amount | Rate | Amount | Rate | Amount
Sony PlayStation 5 2569 2196.00 197.64 197.64 | 0% | 0.00
Total Value (in Rs.) 2591.28
Advance Amount received subject to reverse charge Yes No
Signature of Supplier
"
107-BIG BAZAAR PVT LTD.pdf,"BIG BAZAAR PVT LTD
8th Floor, Ahmedabad One Mall, Vastrapur,
Ahmedabad, Gujarat 380015
341KKLAE12K4A1E5
CLIENT INFO
Manisha Provision Store
107. 505, Sardar Patel Stadium,
Ahmedabad, 380014
+91 98301 23456
Date: 31-07-2024 RECIEPT NO: 107
| HSN | DESCRIPTION UNIT PRICE TOTAL
1701 Amul Milk Powder 400 g = 250.00 = 1,000.00
4202 Pril Dishwashing Liquid = 80.00 = 80.00
SUB TOTAL 1,080.00
DISCOUNT(15%) = 162.00
GST(18%) = 194.40
TOTAL = 1,112.40
"
66-CROMA PVT LTD.pdf,"Receipt No.: 66
Payment date: 12-08-2024
Payment Type: UPI
From: —CSCd(éBid' To:
Name: [CROMA PVT LTD Name: [ByteShop
Address: Ground Floor, Skyzone, High Street Address: 28, Sunshine Towers, Goregaon West, Mumbai
Phoenix, Senapati Bapat Marg, Lower 400104
Parel, Mumbai, Maharashtra 400013 +91 01234 56781
Phone No: _[87BBAQE12K4P106 a
DESCRIPTION UNIT PRICE Amount (in Rs)
3478 Samsung QLED TV Q80B 10 1 = 1,20,000.00 = 1,20,000.00
3259 Philips SSOLED803 10 2 = 1,19,999.00  2,39,998.00
Sub-Total X 3,59,998.00
Amount in Words: Discount(30%) = 1,07,999.40
GST(18%) % 64,799.64
Total Amount: X 3,16,798.24
re ee
Terms & Condition:
Seal & Signature
Thank you for Business !!! Visit us Again !!!
"
67-BIG BAZAAR PVT LTD.pdf,"BIG BAZAAR PVT LTD
1st Floor, Ahmedabad One Mall, Vastrapur,
Ahmedabad, Gujarat 380015
341KKLAE12K4A1E5
CLIENT INFO
Ankit Provision Store
67. 101, Sola, Anmedabad,
380060
+91 94567 89012
Date: 31-07-2024 RECIEPT NO: 67
| HSN | DESCRIPTION UNIT PRICE TOTAL
4574 Haldiram’s Sweets 150g = 200.00 = 800.00
8930 Himalaya Lip Balm 200 ml = 100.00 = 500.00
SUB TOTAL 1,300.00
DISCOUNT(15%) % 195.00
GST(18%) = 234.00
TOTAL % 1,339.00
"
103-CROMA PVT LTD.pdf,"Receipt No.: 103
Payment date: 12-08-2024
Payment Type: UPI
From: CB To:
Name: [ROMA PVTLTD
Address: Ground Floor, Skyzone, High Street Address: 78, Greenfield Residency, Borivali East, Mumbai
Phoenix, Senapati Bapat Marg, Lower 400066
Parel, Mumbai, Maharashtra 400013 +91 76543 21098

Phone No; |87BBAQE12K4P106 a
DESCRIPTION UNIT PRICE Amount (in Rs)
3304 OnePlus 11T 10 5 = 39,999.00 = 1,99,995.00
6702 OnePlus 10T 10 2 = 39,999.00 = 79,998.00
Sub-Total ¥ 2,79,993.00
Amount in Words: Discount(30%) = 83,997.90

GST(18%) = 50,398.74

Total Amount: X 2,46,393.84
eee
Terms & Condition:
Seal & Signature
Thank you for Business !!! Visit us Again !!!
"
118-ITC Limited.pdf,"Reciept No: 118 Date: 31-07-2024
Company's Info: Customer's Info:
ITC Limited Dey Provision Shop
37 J.L.Nehru Road,
Kolkata 700 071 14, Cossipore Road,
Kolkata - 700002
29ABCDE1234F1Z5 20AAACG1234D1Z1
Payment Detail:
HSN DESCRIPTION UNIT QTY PRICE AMOUNT
7912 Tea Bags 100 g 3 % 100.00 ® 300.00
HN/A  >unfeast Farmlite Digestive Biscuit 75g 8 2 30.00 = 240.00
SUBTOTAL = 540.00
DISCOUNT(20%) = 156.60
GST(18%) = 97.20
TOTAL = 480.60
PAYMENT METHOD: [cash,card,online,check or etc]
Check/Transaction No [if applicable]
"
16-BIG BAZAAR PVT LTD.pdf,"BIG BAZAAR PVT LTD
1st Floor, Ahmedabad One Mall, Vastrapur,
Ahmedabad, Gujarat 380015
341KKLAE12K4A1E5
CLIENT INFO
Anand Provision Store
16. 404, Khadia, Ahmedabad,
380001
+91 98765 67890
Date: 31-07-2024 RECIEPT NO: 16
| HSN | DESCRIPTION UNIT PRICE TOTAL
7892 150 ml % 50.00 % 150.00
2357 100 g % 100.00 % 300.00
SUB TOTAL X 450.00
DISCOUNT(15%) X 67.50
GST(18%) % 81.00
TOTAL X 463.50
"
2-D-MART PVT LTD.pdf,"D-MART PVT LTD DATE 07-23-24
35/2867, B & B2, Bypass Road, Opp. Oberon Mall,
Edappally, Kochi, Kerala 682024 CUSTOMER NO. 1144
CLIENT
41HHLWE12K4A1Q6
CREDIT CARD NO. 4539 1488 0343 6467
Lakshmi Nivas, 23/124, Edapally, Kochi, Kerala 682024
abe DESCRIPTION OTE QTY UNIT PRICE TOTAL
5678 Colgate Toothpaste 200g 200g z 80.00 z 80.00
9134 Hershey's Chocolate Syrup 200g  |200g = 200.00 z 200.00
Remarks / Instructions: SUBTOTAL = 280.00
DISCOUNT (10%) = 28.00
GST (18%) = 45.36
Please make check payable to Your Company Name. TOTAL 8262.64
THANK YOU
casH [_ | CREDITCARD [_] MONEYORDER [_]
For questions concerning this receipt please contact Name, (321) 456-7890, Email Address
eae SALES RECEIPT
Arya Menon
DATE 07-23-24
Lakshmi Nivas, 23/124, Edapally, Kochi, Kerala 682024
+91 87654 32109 AMOUNT PAID = 262.64
D-MART PVT LTD 35/2867, B & B2, Bypass Road, Opp. Oberon Mall, 41HHLWE12K4A1Q6
Edappally, Kochi, Kerala 682024
"
20-ITC Limited.pdf,"Reciept No: 20 Date: 31-07-2024
Company's Info: Customer's Info:
ITC Limited Saha Grocery Mart
37 J.L.Nehru Road,
Kolkata 700 071 25, College Street,
Kolkata - 700073
29ABCDE1234F1Z5 24TTAPL9012U2ZK
Payment Detail:
HSN DESCRIPTION UNIT QTY PRICE AMOUNT
2526 Vivel Di Wills TruNourish Soaps 100 ml 9 2 30.00 = 270.00
1236 Engage Blush Sprays 250 g 7 2 30.00 = 210.00
SUBTOTAL = 480.00
DISCOUNT(20%) % 139.20
GST(18%) = 86.40
TOTAL = 427.20
PAYMENT METHOD: [cash,card,online,check or etc]
Check/Transaction No [if applicable]
"
29-BIG BAZAAR PVT LTD.pdf,"BIG BAZAAR PVT LTD
1st Floor, Ahmedabad One Mall, Vastrapur,
Ahmedabad, Gujarat 380015
341KKLAE12K4A1E5
CLIENT INFO
Sheetal Provision Store
29. 808, Paldi, Anmedabad,
380007
+91 76543 21098
Date: 31-07-2024 RECIEPT NO: 29
| HSN | DESCRIPTION UNIT PRICE TOTAL
5681 Boost Health Drink 500g = 500.00 = 1,000.00
9137 Garnier Light Cream = 1,000.00 = 2,000.00
SUB TOTAL % 3,000.00
DISCOUNT(15%) = 450.00
GST(18%) = 540.00
TOTAL 3,090.00
"
32-BIG BAZAAR PVT LTD.pdf,"BIG BAZAAR PVT LTD
1st Floor, Ahmedabad One Mall, Vastrapur,
Ahmedabad, Gujarat 380015
341KKLAE12K4A1E5
CLIENT INFO
Rekha Provision Store
32. 202, Sola, Anmedabad,
380060
+91 98765 67890
Date: 31-07-2024 RECIEPT NO: 32
| HSN | DESCRIPTION UNIT PRICE TOTAL
8915 Cadbury Dairy Milk 100 g = 100.00 = 500.00
3470 | PatanjaliSaundaryaFace Wash | 200ml | 4 | = 200.00 = 800.00
SUB TOTAL = 1,300.00
DISCOUNT(15%) = 195.00
GST(18%) = 234.00
TOTAL 1,339.00
"
30-D-MART PVT LTD.pdf,"D-MART PVT LTD DATE 07-23-24
35/2867, B & B2, Bypass Road, Opp. Oberon Mall,
Edappally, Kochi, Kerala 682024 CUSTOMER NO. 1144
CLIENT
41HHLWE12K4A1Q6
CREDIT CARD NO. 4539 1488 0343 6467
Kalyani Bhavan, 12/56, Kollam, Kerala 691001
abe DESCRIPTION OTE QTY UNIT PRICE TOTAL
9126 Pampers Diapers 42 Pack 42 Pack Z 450.00 Z 2,250.00
4581 Milk Bikis 300g 300g z 50.00 z 200.00
Remarks / Instructions: SUBTOTAL = 2,450.00
DISCOUNT (10%) = 245.00
GST (18%) = 396.90
Please make check payable to Your Company Name. TOTAL = 2,298.10
THANK YOU
casH [_ | CREDITCARD [_] MONEYORDER [_]
For questions concerning this receipt please contact Name, (321) 456-7890, Email Address
eae SALES RECEIPT
Kiran Menon
DATE 07-23-24
Kalyani Bhavan, 12/56, Kollam, Kerala 691001
+91 95432 10987 AMOUNT PAID = 2,298.10
D-MART PVT LTD 35/2867, B & B2, Bypass Road, Opp. Oberon Mall, 41HHLWE12K4A1Q6
Edappally, Kochi, Kerala 682024
"
SinghReceipt_2024-07-24_18-40-32_17.pdf,"Receipt Voucher
Name: Singh Electronics
Address: 890 Gandhi Nagar, Bangalore, Karnataka, 560007
GSTIN: O9AAACNO189C1ZH
S.No: 6192
Date of Issue:29-10-2023
Details of Receiver (Billed to) Details of Receiver (Shipped to)
Name: Samsung R&D Institute India Name: Samsung R&D Institute India
Address: Samsung R&D Centre, Whitefield, Bengaluru, Karnataka, 560066 Address: Samsung R&D Centre, Whitefield, Bengaluru, Karnataka, 560066
State: Karnataka State: Karnataka
State code: 66 State code: 66
GSTIN/ UIN (if registered):24VHTAS4583C1Z7 GSTIN/ UIN (if registered):24VHTAS4583C1Z7
| SNo Description of goods/service HSN/SAC Amount of Advance CGST SGsT IGsT
Epson EcoTank ET-2720 Printer 2945 30507.00 2745.63 2745.63 | 0% | 0.00 |
Total Value (in Rs.) 35998.26
Advance Amount received subject to reverse charge Yes No

Signature of Supplier
"
52-ITC Limited.pdf,"Reciept No: 52 Date: 31-07-2024
Company's Info: Customer's Info:
ITC Limited Roy & Roy Supermarket
37 J.L.Nehru Road,
Kolkata 700 071 213, Elgin Road,
Kolkata - 700020
29ABCDE1234F1Z5 58ZZAPL2345A7ZQ
Payment Detail:
HSN DESCRIPTION UNIT QTY PRICE AMOUNT
2939  shirvaad Sugar Release Control At 200 ml 2 = 80.00 = 160.00
1648 = Aashirvaad Multigrain Dosa Mix 100ml 9 = 55.00 = 495.00
SUBTOTAL = 655.00
DISCOUNT(20%) = 189.95
GST(18%) = 117.90
TOTAL = 582.95
PAYMENT METHOD: [cash,card,online,check or etc]
Check/Transaction No [if applicable]
"
25-ITC Limited.pdf,"Reciept No: 25 Date: 31-07-2024
Company's Info: Customer's Info:
ITC Limited Bannerjee & Sons Provision Store
37 J.L.Nehru Road,
Kolkata 700 071 33, Hatibagan Road,
Kolkata - 700005
29ABCDE1234F1Z5 31YYAPL5678Z7ZP
Payment Detail:
HSN DESCRIPTION UNIT QTY PRICE AMOUNT
2590 Wills Lifestyle Clothing 200 ml 3 = 200.00 = 600.00
1300 ITC Classmate Large Notebooks 200ml 6 = 200.00 % 1,200.00
SUBTOTAL % 1,800.00
DISCOUNT(20%) % 522.00
GST(18%) = 324.00
TOTAL % 1,602.00
PAYMENT METHOD: [cash,card,online,check or etc]
Check/Transaction No [if applicable]
"
87-ITC Limited.pdf,"Reciept No: 87 Date: 31-07-2024
Company's Info: Customer's Info:
ITC Limited Choudhury & Mukherjee Grocery Mart
37 J.L.Nehru Road, 567, EM Bypass
Kolkata 700 071 Road, Kolkata -
700107
29ABCDE1234F1Z5 93IIAPL7890J6ZZ
Payment Detail:
HSN DESCRIPTION UNIT QTY PRICE AMOUNT
3389 CDermafique Soleil Defense Crea 150g 5 = 55.00 = 275.00
2100 Fiama Shower Gels 75g 6 = 400.00 = 2,400.00
SUBTOTAL = 2,675.00
DISCOUNT(20%) 775.75
GST(18%) = 481.50
TOTAL % 2,380.75
PAYMENT METHOD: [cash,card,online,check or etc]
Check/Transaction No [if applicable]
"
78-CROMA PVT LTD.pdf,"Receipt No.: 78
Payment date: 12-08-2024
Payment Type: UPI
From: —CSCd(éBid' To:
Name: [CROMA PVT LTD
Address: Ground Floor, Skyzone, High Street Address: 27, Cascade Enclave, Navi Mumbai, Maharashtra
Phoenix, Senapati Bapat Marg, Lower 400706
Parel, Mumbai, Maharashtra 400013 +91 34567 89045

Phone No: _[87BBAQE12K4P106 a
DESCRIPTION UNIT PRICE Amount (in Rs)
7690 Samsung Galaxy Z Fold 4 10 4 ® 1,69,999.00 % 6,79,996.00
6926 Garmin Instinct 2 10 4 = 30,999.00 = 1,23,996.00
Sub-Total ¥ 8,03,992.00
Amount in Words: Discount(30%) = 2,41,197.60

GST(18%) % 1,44,718.56

Total Amount: = 7,07,512.96
re ee
Terms & Condition:
Seal & Signature
Thank you for Business !!! Visit us Again !!!
"
35-CROMA PVT LTD.pdf,"Receipt No.: 35
Payment date: 12-08-2024
Payment Type: UPI
From: CB To:
CROMA PVT LTD SparkWorld Electronics
Address: Ground Floor, Skyzone, High Street Address:
Phoenix, Senapati Bapat Marg, Lower 53, Marina Bay, Ghatkopar East, Mumbai 400077
Parel, Mumbai, Maharashtra 400013 +91 71234 56789

Phone No: _[87BBAQE12K4P106 a
DESCRIPTION UNIT PRICE Amount (in Rs)
8486 Canon EOS R5 10 5 % 3,49,999.00 = 17,49,995.00
6591 Canon EOS 90D 10 3 = 2,69,999.00 = 8,09,997.00
Sub-Total ¥ 25,59,992.00
Amount in Words: Discount(30%) = 7,67,997.60

GST(18%) = 4,60,798.56

Total Amount: X 22,52,792.96
re ee
Terms & Condition:
Seal & Signature
Thank you for Business !!! Visit us Again !!!
"
96-BIG BAZAAR PVT LTD.pdf,"BIG BAZAAR PVT LTD
1st Floor, Ahmedabad One Mall, Vastrapur,
Ahmedabad, Gujarat 380015
341KKLAE12K4A1E5
CLIENT INFO
Sharda Provision Store
96. 303, Rakhial, Ahmedabad,
380023
+91 98765 67890
Date: 31-07-2024 RECIEPT NO: 96
| HSN | DESCRIPTION UNIT PRICE TOTAL
3466 Johnson’s Baby Powder 200 g = 200.00 = 800.00
7912 Garnier Wrinkle Lift = 200.00 = 400.00
SUB TOTAL 1,200.00
DISCOUNT(15%) = 180.00
GST(18%) % 216.00
TOTAL % 1,236.00
"
85-CROMA PVT LTD.pdf,"Receipt No.: 85
Payment date: 12-08-2024
Payment Type: UPI
From: —CSCd(éBid' To:
CROMA PVT LTD CircuitShoppe
Address: Ground Floor, Skyzone, High Street Address: 35, Serenity Towers, Navi Mumbai, Maharashtra
Phoenix, Senapati Bapat Marg, Lower 400705
Parel, Mumbai, Maharashtra 400013 +91 01234 56782
Phone No; |87BBAQE12K4P106 a
DESCRIPTION UNIT PRICE Amount (in Rs)
5791 Nikon D7500 10 3 = 74,999.00 X 2,24,997.00
5704 Olympus OM-D E-M1 Mark III 10 2 = 74,999.00 = 1,49,998.00
Sub-Total ¥ 3,74,995.00
Amount in Words: Discount(30%) = 112,498.50
GST(18%) % 67,499.10
Total Amount: X 3,29,995.60
re ee
Terms & Condition:
Seal & Signature
Thank you for Business !!! Visit us Again !!!
"
89-CROMA PVT LTD.pdf,"Receipt No.: 89
Payment date: 12-08-2024
Payment Type: UPI
From: ——SCSCSCSC*dCéBiL TZ
Name: [CROMA PVT LTD
Address: Ground Floor, Skyzone, High Street Address:
Phoenix, Senapati Bapat Marg, Lower 27, Crystal Heights, Bandra West, Mumbai 400050
Parel, Mumbai, Maharashtra 400013 +91 41234 56782

Phone No: _[87BBAQE12K4P106 a
DESCRIPTION UNIT PRICE Amount (in Rs)
1134 Sony ZV-1 10 1 = 39,999.00 = 39,999.00
2149 Google Nest Hub Max 10 2 = 29,999.00 = 59,998.00
Sub-Total % 99,997.00
Amount in Words: Discount(30%) = 29,999.10

GST(18%) 17,999.46

Total Amount: = 87,997.36
eee
Terms & Condition:
Seal & Signature
Thank you for Business !!! Visit us Again !!!
"
32-ITC Limited.pdf,"Reciept No: 32 Date: 31-07-2024
Company's Info: Customer's Info:
ITC Limited Nath Super Mart
37 J.L.Nehru Road,
Kolkata 700 071 68, Salt Lake City,
Kolkata - 700064
29ABCDE1234F1Z5 38FFAPL2345G5ZW
Payment Detail:
HSN DESCRIPTION UNIT QTY PRICE AMOUNT
2680 ITC Dermafique Skin Care Range 200 ml 6 = 95.00 = 570.00
1391 Aashirvaad Nature's Superfoods 100g 9 = 95.00 = 855.00
SUBTOTAL = 1,425.00
DISCOUNT(20%) % 413.25
GST(18%) = 256.50
TOTAL = 1,268.25
PAYMENT METHOD: [cash,card,online,check or etc]
Check/Transaction No [if applicable]
"
106-CROMA PVT LTD.pdf,"Receipt No.: 106
Payment date: 12-08-2024
Payment Type: UPI
From: —CSCd(éBid' To:
CROMA PVT LTD Spark Electronics
Address: Ground Floor, Skyzone, High Street Address:
Phoenix, Senapati Bapat Marg, Lower 90, Evergreen Enclave, Malad West, Mumbai 400064
Parel, Mumbai, Maharashtra 400013 +91 43210 98765
Phone No: _[87BBAQE12K4P106 a
DESCRIPTION UNIT PRICE Amount (in Rs)
6207 Apple MacBook Pro 16-inch 10 3 = 2,49,999.00 = 7,49,997.00
9035 Apple MacBook Air M1 10 3 = 1,09,999.00 = 3,29,997.00
Sub-Total ¥ 10,79,994.00
Amount in Words: Discount(30%) % 3,23,998.20
GST(18%) = 1,94,398.92
Total Amount: X 9,50,394.72
re ee
Terms & Condition:
Seal & Signature
Thank you for Business !!! Visit us Again !!!
"
69-BIG BAZAAR PVT LTD.pdf,"BIG BAZAAR PVT LTD
1st Floor, Ahmedabad One Mall, Vastrapur,
Ahmedabad, Gujarat 380015
341KKLAE12K4A1E5
CLIENT INFO
Nisha Provision Store
69. 303, Bapunagar, Ahmedabad,
380025
+91 76543 21098
Date: 31-07-2024 RECIEPT NO: 69
| HSN | DESCRIPTION UNIT PRICE TOTAL
3463 200 mi 150.00 % 150.00
7909 Brooke Bond Green Label 150g | 4 | = 200.00 = 800.00
SUB TOTAL = 950.00
DISCOUNT(15%) = 142.50
GST(18%) = 171.00
TOTAL = 978.50
"
19-CROMA PVT LTD.pdf,"Receipt No.: 19
Payment date: 12-08-2024
Payment Type: UPI
From: CB To:
CROMA PVT LTD VoltWave Electronics
Address: Ground Floor, Skyzone, High Street Address: 62, Imperial Heights, Jogeshwari East, Mumbai
Phoenix, Senapati Bapat Marg, Lower 400060
Parel, Mumbai, Maharashtra 400013 +91 12345 67890

Phone No: _[87BBAQE12K4P106 a
DESCRIPTION UNIT PRICE Amount (in Rs)
1820 Bose QuietComfort 45 10 2 = 1,09,999.00 = 2,19,998.00
5813 Bose QuietComfort Earbuds 10 2 ® 35,999.00 = 71,998.00
Sub-Total ¥ 2,91,996.00
Amount in Words: Discount(30%) = 87,598.80

GST(18%) = 52,559.28

Total Amount: = 2,56,956.48
eee
Terms & Condition:
Seal & Signature
Thank you for Business !!! Visit us Again !!!
"
118-BIG BAZAAR PVT LTD.pdf,"BIG BAZAAR PVT LTD
19th Floor, Ahmedabad One Mall, Vastrapur,
Ahmedabad, Gujarat 380015
341KKLAE12K4A1E5
CLIENT INFO
Rakesh Provision Store
118. 707, Gota, Ahmedabad,
382481
+91 99201 23456
Date: 31-07-2024 RECIEPT NO: 118
| HSN | DESCRIPTION UNIT PRICE TOTAL
2804 Pepsi Soft Drink 600 ml = 40.00 = 80.00
5302 Bajaj Mixer Grinder | dunit | 4 | = 1,200.00 = 4,800.00
SUB TOTAL % 4,880.00
DISCOUNT(15%) % 732.00
GST(18%) 878.40
TOTAL = 5,026.40
"
77-ITC Limited.pdf,"Reciept No: 77 Date: 31-07-2024
Company's Info: Customer's Info:
ITC Limited Bannerjee & Saha General Store
37 J.L.Nehru Road,
Kolkata 700 071 467, Rajarhat Road,
Kolkata - 700135
29ABCDE1234F1Z5 83YYAPL7890Z5ZP
Payment Detail:
HSN DESCRIPTION UNIT QTY PRICE AMOUNT
3260 ITC Fiama Body Wash 1kg 6 = 70.00 = 420.00
1971 Fiama Lemongrass Gel Bar 1kg 7 = 170.00 = 1,190.00
SUBTOTAL = 1,610.00
DISCOUNT(20%) = 466.90
GST(18%) = 289.80
TOTAL % 1,432.90
PAYMENT METHOD: [cash,card,online,check or etc]
Check/Transaction No [if applicable]
"
SinghReceipt_2024-07-24_18-41-13_58.pdf,"Receipt Voucher
Name: Singh Electronics
Address: 890 Gandhi Nagar, Bangalore, Karnataka, 560007
GSTIN: O9AAACNO189C1ZH
S.No: 9812
Date of Issue:04-05-2023
Details of Receiver (Billed to) Details of Receiver (Shipped to)
Name: Texas Instruments India Pvt Ltd Name: Texas Instruments India Pvt Ltd
Address: Texas Instruments Office, Whitefield, Bengaluru, Karnataka, Address: Texas Instruments Office, Whitefield, Bengaluru, Karnataka,
State: Karnataka State: Karnataka
State code: 66 State code: 66
GSTIN/ UIN (if registered):240BBXD1972E1Z3 GSTIN/ UIN (if registered):240BBXD1972E1Z3
CGST SGST IGST
No peseription of goods/service | PSNISAC [_AmountofAdvance [Rate | Amount | Rate_| Amount | Rate | Amount
HP Pavilion Desktop Computer 3098 23202.00 2088.18 2088.18 | 0% | 0.00 |
Total Value (in Rs.) 27378.36
Advance Amount received subject to reverse charge Yes No
Signature of Supplier
"
38-CROMA PVT LTD.pdf,"Receipt No.: 38
Payment date: 12-08-2024
Payment Type: UPI
From: ——SCSCSCSC*dCéBiL TZ
Name: [CROMA PVT LTD
Address: Ground Floor, Skyzone, High Street Address:
Phoenix, Senapati Bapat Marg, Lower 41, Central Park, Powai, Mumbai 400076
Parel, Mumbai, Maharashtra 400013 +91 12345 67891
Phone No: _[87BBAQE12K4P106 a
DESCRIPTION UNIT PRICE Amount (in Rs)
2189 GoPro HERO11 Black 10 4 = 49,999.00 = 1,99,996.00
9924 GoPro HEROS Black 10 5 = 44,999.00 = 2,24,995.00
Sub-Total ¥ 4,24,991.00
Amount in Words: Discount(30%) X 127,497.30
GST(18%) = 76,498.38
Total Amount: X 3,73,992.08
eee
Terms & Condition:
Seal & Signature
Thank you for Business !!! Visit us Again !!!
"
16-CROMA PVT LTD.pdf,"Receipt No.: 16
Payment date: 12-08-2024
Payment Type: UPI
From: —CSCd(éBid' To:
CROMA PVT LTD Circuit World
Address: Ground Floor, Skyzone, High Street Address: 92, Sunbeam Residency, Vile Parle West, Mumbai
Phoenix, Senapati Bapat Marg, Lower 400056
Parel, Mumbai, Maharashtra 400013 +91 79876 54321

Phone No: _[87BBAQE12K4P106 a
DESCRIPTION UNIT PRICE Amount (in Rs)
7515 LG UltraWide Monitor 29-inch 10 1 = 24,999.00 = 24,999.00
2480 LG UltraGear Monitor 10 2 ® 29,999.00 ® 59,998.00
Sub-Total ¥ 84,997.00
Amount in Words: Discount(30%) = 25,499.10

GST(18%) = 15,299.46

Total Amount: = 74,797.36
re ee
Terms & Condition:
Seal & Signature
Thank you for Business !!! Visit us Again !!!
"
SinghReceipt_2024-07-24_18-41-18_63.pdf,"Receipt Voucher
Name: Singh Electronics
Address: 890 Gandhi Nagar, Bangalore, Karnataka, 560007
GSTIN: O9AAACNO189C1ZH
S.No: 5690
Date of Issue:15-09-2023
Details of Receiver (Billed to) Details of Receiver (Shipped to)
Name: HSBC Software Development India P Name: HSBC Software Development India Pvt
Address: HSBC Office, Whitefield, Bengaluru, Karnataka, 560066 Address: — HSBC Office, Whitefield, Bengaluru, Karnataka, 560066
State: Karnataka State: Karnataka
State code: 66 State code: 66
GSTIN/ UIN (if registered):24MXCHC5115N1Z0 GSTIN/ UIN (if registered):24MXCHC5115N1Z0
| SNo Description of goods/service HSN/SAC Amount of Advance CGST SGsT IGsT
Dyson Supersonic Hair Dryer 2541 14919.00 1342.71 1342.71 | 0% | 0.00 |
Total Value (in Rs.) 17604.42
Advance Amount received subject to reverse charge Yes No

Signature of Supplier
"
112-CROMA PVT LTD.pdf,"Receipt No.: 112
Payment date: 12-08-2024
Payment Type: UPI
From: CB To:
CROMA PVT LTD PowerHouse Electronics
Address: Ground Floor, Skyzone, High Street Address:
Phoenix, Senapati Bapat Marg, Lower 22, Kohinoor Gardens, Dadar East, Mumbai 400014
Parel, Mumbai, Maharashtra 400013 +91 39876 54321

Phone No: _[87BBAQE12K4P106 a
DESCRIPTION UNIT PRICE Amount (in Rs)
3311 Apple iPad Pro 12.9 10 2 = 99,999.00 = 1,99,998.00
7701 Apple iPad 9th Gen 10 1 = 46,999.00 = 46,999.00
Sub-Total ¥ 2,46,997.00
Amount in Words: Discount(30%) = 74,099.10

GST(18%) % AA,459.46

Total Amount: X 2,17,357.36
eee
Terms & Condition:
Seal & Signature
Thank you for Business !!! Visit us Again !!!
"
105-ITC Limited.pdf,"Reciept No: 105 Date: 31-07-2024
Company's Info: Customer's Info:
ITC Limited Chatterjee Grocery Mart
37 J.L.Nehru Road, 8/1, Ballygunge
Kolkata 700 071 Circular Road,
Kolkata - 700019
29ABCDE1234F1Z5 33AABCM1234C1Z1
Payment Detail:
HSN DESCRIPTION UNIT QTY PRICE AMOUNT
9143 Ginger Tea 250 ml 3 % 80.00 = 240.00
#N/A Fiama Di Wills Body Wash 250 ml 4 = 150.00 = 600.00
SUBTOTAL = 840.00
DISCOUNT(20%) = 243.60
GST(18%) = 151.20
TOTAL = 747.60
PAYMENT METHOD: [cash,card,online,check or etc]
Check/Transaction No [if applicable]
"
110-BIG BAZAAR PVT LTD.pdf,"BIG BAZAAR PVT LTD
11th Floor, Anmedabad One Mall, Vastrapur,
Ahmedabad, Gujarat 380015
341KKLAE12K4A1E5
CLIENT INFO
Ram Kumar Provision Store
110. 808, Naranpura, Ahmedabad,
380013
+91 98198 76543
Date: 31-07-2024 RECIEPT NO: 110
| HSN | DESCRIPTION UNIT PRICE TOTAL
2004 Maggi Instant Noodles = 80.00 = 400.00
4502 Pampers Diapers | tpack | 4 | = 350.00 = 1,400.00
SUB TOTAL = 1,800.00
DISCOUNT(15%) = 270.00
GST(18%) = 324.00
TOTAL = 1,854.00
"
SinghReceipt_2024-07-24_18-40-28_13.pdf,"Receipt Voucher
Name: Singh Electronics
Address: 890 Gandhi Nagar, Bangalore, Karnataka, 560007
GSTIN: O9AAACNO189C1ZH
S.No: 2051
Date of Issue:28-10-2023
Details of Receiver (Billed to) Details of Receiver (Shipped to)
Name: Microsoft India Pvt Ltd Name: Microsoft India Pvt Ltd
Address: Microsoft Campus, Outer Ring Road, Bengaluru, Karnataka, 560103 Address: Microsoft Campus, Outer Ring Road, Bengaluru, Karnataka,
State: Karnataka State: Karnataka
State code: 03 State code: 03
GSTIN/ UIN (if registered):24YVHOF4507N1Z8 GSTIN/ UIN (if registered):24YVHOF4507N1Z8
| SNo Description of goods/service HSN/SAC Amount of Advance CGST SGsT IGsT
Google Nest Hub Max 2118 19991.00 1799.19 1799.19 | 0% | 000 |
Total Value (in Rs.) 23589.38
Advance Amount received subject to reverse charge Yes No

Signature of Supplier
"
93-CROMA PVT LTD.pdf,"Receipt No.: 93
Payment date: 12-08-2024
Payment Type: UPI
From: ——SCSCSCSC*dCéBiL TZ
Name: [CROMA PVT LTD
Address: Ground Floor, Skyzone, High Street Address:

Phoenix, Senapati Bapat Marg, Lower 44, Tranquil Heights, Powai, Mumbai 400076

Parel, Mumbai, Maharashtra 400013 +91 81234 56782
Phone No: _[87BBAQE12K4P106 a
DESCRIPTION UNIT PRICE Amount (in Rs)
5578 Sonos One 10 5 = 15,499.00 = 77,495.00
6593 Microsoft Surface Pro 8 10 1 % 1,69,999.00 % 1,69,999.00
Sub-Total X 2,47,494.00
Amount in Words: Discount(30%) = 74,248.20

GST(18%) X 44,548.92
Total Amount: X 2,17,794.72
eee
Terms & Condition:
Seal & Signature
Thank you for Business !!! Visit us Again !!!
"
111-BIG BAZAAR PVT LTD.pdf,"BIG BAZAAR PVT LTD
12th Floor, Anmedabad One Mall, Vastrapur,
Ahmedabad, Gujarat 380015
341KKLAE12K4A1E5
CLIENT INFO
Pinky Provision Store
111. 909, Vejalpur, Ahmedabad,
380051
+91 98712 34567
Date: 31-07-2024 RECIEPT NO: 111
| HSN | DESCRIPTION UNIT PRICE TOTAL
2106 Britannia Marie Gold Biscuits 300 g = 50.00 = 200.00
4601 Similac Infant Formula 400 g = 900.00 = 1,800.00
SUB TOTAL % 2,000.00
DISCOUNT(15%) = 300.00
GST(18%) = 360.00
TOTAL % 2,060.00
"
39-D-MART PVT LTD.pdf,"D-MART PVT LTD DATE 07-23-24
35/2867, B & B2, Bypass Road, Opp. Oberon Mall,
Edappally, Kochi, Kerala 682024 CUSTOMER NO. 1144
CLIENT
41HHLWE12K4A1Q6
CREDIT CARD NO. 4539 1488 0343 6467
Aakash Ganga, 34/67, Pattambi, Palakkad, Kerala 679303
abe DESCRIPTION OTE QTY UNIT PRICE TOTAL
9127 Bru Coffee 200g 200g z 150.00 2 750.00
4582 Amul Fresh Cream 250ml 250ml Z 70.00 z 140.00
Remarks / Instructions: SUBTOTAL = 890.00
DISCOUNT (10%) = 89.00
GST (18%) = 144.18
Please make check payable to Your Company Name. TOTAL = 834.82
THANK YOU
casH [_ | CREDITCARD [_] MONEYORDER [_]
For questions concerning this receipt please contact Name, (321) 456-7890, Email Address
eae SALES RECEIPT
Praveen Menon
DATE 07-23-24
Aakash Ganga, 34/67, Pattambi, Palakkad, Kerala 679303
+91 89012 34567 AMOUNT PAID = 834.82
D-MART PVT LTD 35/2867, B & B2, Bypass Road, Opp. Oberon Mall, 41HHLWE12K4A1Q6
Edappally, Kochi, Kerala 682024
"
110-CROMA PVT LTD.pdf,"Receipt No.: 110
Payment date: 12-08-2024
Payment Type: UPI
From: CB To:
CROMA PVT LTD Gadget Galaxy
Address: Ground Floor, Skyzone, High Street Address:
Phoenix, Senapati Bapat Marg, Lower 56, Coastal Heights, Worli, Mumbai 400013
Parel, Mumbai, Maharashtra 400013 +91 19876 54321

Phone No: _[87BBAQE12K4P106 a
DESCRIPTION UNIT PRICE Amount (in Rs)
1102 Asus ROG Strix G15 10 3 ® 1,49,999.00 % 4,49,997.00
5479 Asus ZenBook 13 10 2 % 85,999.00 % 1,71,998.00
Sub-Total ¥ 6,21,995.00
Amount in Words: Discount(30%) = 1,86,598.50

GST(18%) %1,11,959.10

Total Amount: = 5,47,355.60
eee
Terms & Condition:
Seal & Signature
Thank you for Business !!! Visit us Again !!!
"
28-D-MART PVT LTD.pdf,"D-MART PVT LTD DATE 07-23-24
35/2867, B & B2, Bypass Road, Opp. Oberon Mall,
Edappally, Kochi, Kerala 682024 CUSTOMER NO. 1144
CLIENT
41HHLWE12K4A1Q6
SALESPERSON Anukul Roy Jyothi Kumar
CREDIT CARD NO. 4539 1488 0343 6467
Puthan Veedu, 56/34, Pathanamthitta, Kerala 689645
abe DESCRIPTION OTE QTY UNIT PRICE TOTAL
1237 Gillette Razor 2 Pack Z 200.00 Z 800.00
5692 Hide & Seek 300g 300g z 50.00 z 150.00
Remarks / Instructions: SUBTOTAL % 950.00
DISCOUNT (10%) = 95.00
GST (18%) = 153.90
Please make check payable to Your Company Name. TOTAL = 891.10
THANK YOU
casH [_ | CREDITCARD [_] MONEYORDER [_]
For questions concerning this receipt please contact Name, (321) 456-7890, Email Address
eae SALES RECEIPT
Jyothi Kumar
DATE 07-23-24
Puthan Veedu, 56/34, Pathanamthitta, Kerala 689645
+91 87654 56789 AMOUNT PAID = 891.10
D-MART PVT LTD 35/2867, B & B2, Bypass Road, Opp. Oberon Mall, 41HHLWE12K4A1Q6
Edappally, Kochi, Kerala 682024
"
93-ITC Limited.pdf,"Reciept No: 93 Date: 31-07-2024
Company's Info: Customer's Info:
ITC Limited Chatterjee General Store
37 J.L.Nehru Road,
Kolkata 700 071 627, Bagbazar Street,
Kolkata - 700003
29ABCDE1234F1Z5 99OOAPL3456P3ZF
Payment Detail:
HSN DESCRIPTION UNIT QTY PRICE AMOUNT
3466 ITC Engage Pocket Perfumes 200 ml 5 = 70.00 = 350.00
2178 Sunfeast Bourbon Bliss 500 g 4 = 430.00 % 1,720.00
SUBTOTAL % 2,070.00
DISCOUNT(20%) = 600.30
GST(18%) = 372.60
TOTAL % 1,842.30
PAYMENT METHOD: [cash,card,online,check or etc]
Check/Transaction No [if applicable]
"
40-BIG BAZAAR PVT LTD.pdf,"BIG BAZAAR PVT LTD
1st Floor, Ahmedabad One Mall, Vastrapur,
Ahmedabad, Gujarat 380015
341KKLAE12K4A1E5
CLIENT INFO
Vinod Provision Store
40. 101, New Vadaj, Anmedabad,
380013
+91 98765 67890
Date: 31-07-2024 RECIEPT NO: 40
| HSN | DESCRIPTION UNIT PRICE TOTAL
4571 Huggies Diapers = 84.00 = 168.00
8927 Amul Mithai Mate 400 g = 400.00 = 2,000.00
SUB TOTAL 2,168.00
DISCOUNT(15%) % 325.20
GST(18%) = 390.24
TOTAL 2,233.04
"
11-ITC Limited.pdf,"Reciept No: 11 Date: 31-07-2024
Company's Info: Customer's Info:
ITC Limited Sinha General Provision Store
37 J.L.Nehru Road,
Kolkata 700 071 3, Bhowanipore,
Kolkata - 700025
29ABCDE1234F1Z5 15KKAPLO123L2ZB
Payment Detail:
HSN DESCRIPTION UNIT QTY PRICE AMOUNT
2409 Sunfeast Mom's Magic Cookies 200 g 10 = 40.00 = 400.00
1130 Fiama Hand Sanitizer 400 g 6 = 40.00 = 240.00
SUBTOTAL = 640.00
DISCOUNT(20%) = 185.60
GST(18%) % 115.20
TOTAL = 569.60
PAYMENT METHOD: [cash,card,online,check or etc]
Check/Transaction No [if applicable]
"
81-ITC Limited.pdf,"Reciept No: 81 Date: 31-07-2024
Company's Info: Customer's Info:
ITC Limited Dasgupta & Banerjee General Store
37 J.L.Nehru Road,
Kolkata 700 071 502, Park Street,
Kolkata - 700016
29ABCDE1234F1Z5 87CCAPL1234D9ZT
Payment Detail:
HSN DESCRIPTION UNIT QTY PRICE AMOUNT
3311 ITC Master Chef Instant Noodles 200g 3 % 100.00 % 300.00
2022  savion Herbal Sensitive Hand Was! 200 ml 2 % 280.00 % 560.00
SUBTOTAL = 860.00
DISCOUNT(20%) X 249.40
GST(18%) X 154.80
TOTAL X= 765.40
PAYMENT METHOD: [cash,card,online,check or etc]
Check/Transaction No [if applicable]
"
SinghReceipt_2024-07-24_18-40-21_6.pdf,"Receipt Voucher
Name: Singh Electronics
Address: 890 Gandhi Nagar, Bangalore, Karnataka, 560007
GSTIN: O9AAACNO189C1ZH
S.No: 3407
Date of Issue:27-12-2023
Details of Receiver (Billed to) Details of Receiver (Shipped to)
Name: Samsung Electronics India Name: Samsung Electronics India
Address: Samsung Campus, Whitefield, Bengaluru, Karnataka, 560066 Address: Samsung Campus, Whitefield, Bengaluru, Karnataka, 560066
State: Karnataka State: Karnataka
State code: 66 State code: 66
GSTIN/ UIN (if registered):24MOWOC1258V1Z6 GSTIN/ UIN (if registered):24MOWOC1258V1Z6
| SNo Description of goods/service HSN/SAC Amount of Advance CGST SGsT IGsT
Apple Watch Series 7 2173 5623.00 506.07 506.07 | 0% | 0.00
Total Value (in Rs.) 6635.14
Advance Amount received subject to reverse charge Yes No

Signature of Supplier
"
50-ITC Limited.pdf,"Reciept No: 50 Date: 31-07-2024
Company's Info: Customer's Info:
ITC Limited Mondal Grocery Mart
37 J.L.Nehru Road,
Kolkata 700 071 195, Salt Lake City,
Kolkata - 700064
29ABCDE1234F1Z5 56XXAPLO123Y5ZO
Payment Detail:
HSN DESCRIPTION UNIT QTY PRICE AMOUNT
2913 feast YiPPee! Magic Masala Nooc 150 ml 4 = 60.00 = 240.00
1622 ITC Master Chef Instant Pasta 200 g 9 = 40.00 = 360.00
SUBTOTAL = 600.00
DISCOUNT(20%) = 174.00
GST(18%) = 108.00
TOTAL = 534.00
PAYMENT METHOD: [cash,card,online,check or etc]
Check/Transaction No [if applicable]
"
78-BIG BAZAAR PVT LTD.pdf,"BIG BAZAAR PVT LTD
1st Floor, Ahmedabad One Mall, Vastrapur,
Ahmedabad, Gujarat 380015
341KKLAE12K4A1E5
CLIENT INFO
Mukesh Provision Store
78. 303, Anandnagar,
Ahmedabad, 380007
+91 95432 10987
Date: 31-07-2024 RECIEPT NO: 78
| HSN | DESCRIPTION UNIT PRICE TOTAL
3464 Patanjali Dant Kanti 500g = 150.00 = 600.00
7910 Patanjali Dalia 200 g = 200.00 = 400.00
SUB TOTAL 1,000.00
DISCOUNT(15%) = 150.00
GST(18%) = 180.00
TOTAL 1,030.00
"
64-BIG BAZAAR PVT LTD.pdf,"BIG BAZAAR PVT LTD
1st Floor, Ahmedabad One Mall, Vastrapur,
Ahmedabad, Gujarat 380015
341KKLAE12K4A1E5
CLIENT INFO
Laxmi Provision Store
64. 707, Thaltej, Anmedabad,
380059
+91 98765 67890
Date: 31-07-2024 RECIEPT NO: 64
| HSN | DESCRIPTION UNIT PRICE TOTAL
1241 MTR Masala 100 g = 100.00 = 500.00
5696 Nestlé KitKat 200 g = 200.00 = 600.00
SUB TOTAL = 1,100.00
DISCOUNT(15%) = 165.00
GST(18%) = 198.00
TOTAL = 1,133.00
"
65-ITC Limited.pdf,"Reciept No: 65 Date: 31-07-2024
Company's Info: Customer's Info:
ITC Limited Chatterjee Provision Shop
37 J.L.Nehru Road, 340, Rash Behari
Kolkata 700 071 Avenue, Kolkata -
700029
29ABCDE1234F1Z5 71MMAPL5678N2ZD
Payment Detail:
HSN DESCRIPTION UNIT QTY PRICE AMOUNT
3105 ITC Fiama Bath Essentials 200 ml 8 % 65.00 % 520.00
1816 (TC Dermafique Sun ProtectionGe 200ml 3 = 95.00 = 285.00
SUBTOTAL % 805.00
DISCOUNT(20%) X 233.45
GST(18%) = 144.90
TOTAL = 716.45
PAYMENT METHOD: [cash,card,online,check or etc]
Check/Transaction No [if applicable]
"
47-D-MART PVT LTD.pdf,"D-MART PVT LTD NI 07-23-24
35/2867, B & B2, Bypass Road, Opp. Oberon Mall,
Edappally, Kochi, Kerala 682024 CUSTOMER NO. 1144
CLIENT
41HHLWE12K4A1Q6
cel one Wo. 4539 1488 0343 6467 Harmony Villa, 23/56, Perumbavoor, Ernakulam, Kerala
aby DESCRIPTION OTE QTY UNIT PRICE TOTAL
5683 Knorr Soup Pack 60g 6g | 38 | Z 20.00 Z 60.00
9139 lodex 50g Z 50.00 Z 50.00
Remarks / Instructions: SUBTOTAL = 110.00
DISCOUNT (10%) = 11.00
GST (18%) = 17.82
Please make check payable to Your Company Name. TOTAL 8103.18
THANK YOU
casH [_ | CREDITCARD [_] MONEYORDER [_]
For questions concerning this receipt please contact Name, (321) 456-7890, Email Address
eae SALES RECEIPT
Satheesh Kumar
DATE 07-23-24
Harmony Villa, 23/56, Perumbavoor, Ernakulam, Kerala 683542
+91 89012 34567 AMOUNT PAID = 103.18
D-MART PVT LTD 35/2867, B & B2, Bypass Road, Opp. Oberon Mall, 41HHLWE12K4A1Q6
Edappally, Kochi, Kerala 682024
"
3-D-MART PVT LTD.pdf,"D-MART PVT LTD DATE 07-23-24
35/2867, B & B2, Bypass Road, Opp. Oberon Mall,
Edappally, Kochi, Kerala 682024 CUSTOMER NO. 1144
CLIENT
41HHLWE12K4A1Q6
SALESPERSON Anukul Roy Abhijith Kumar
CREDIT CARD NO. 4539 1488 0343 6467
Rose Cottage, 45/78, Puthiyara, Kozhikode, Kerala 673004
abe DESCRIPTION OTE QTY UNIT PRICE TOTAL
9123 Nivea Body Lotion 400m! 400ml Z 150.00 Z 450.00
4578 Real Fruit Juice 1L Z 100.00 Z 500.00
Remarks / Instructions: SUBTOTAL % 950.00
DISCOUNT (10%) = 95.00
GST (18%) = 153.90
Please make check payable to Your Company Name. TOTAL = 891.10
THANK YOU
casH [_ | CREDITCARD [_] MONEYORDER [_]
For questions concerning this receipt please contact Name, (321) 456-7890, Email Address
eae SALES RECEIPT
Abhijith Kumar
DATE 07-23-24
Rose Cottage, 45/78, Puthiyara, Kozhikode, Kerala 673004
+91 94567 89012 AMOUNT PAID = 891.10
D-MART PVT LTD 35/2867, B & B2, Bypass Road, Opp. Oberon Mall, 41HHLWE12K4A1Q6
Edappally, Kochi, Kerala 682024
"
100-BIG BAZAAR PVT LTD.pdf,"BIG BAZAAR PVT LTD
1st Floor, Ahmedabad One Mall, Vastrapur,
Ahmedabad, Gujarat 380015
341KKLAE12K4A1E5
CLIENT INFO
Shyam Sundar Provision Store
100. 707, Ghatlodia, Anmedabad,
380061
+91 87654 56789
Date: 31-07-2024 RECIEPT NO: 100
| HSN | DESCRIPTION UNIT PRICE TOTAL
1245 Haldiram’s Namkeen 200 g = 150.00 = 150.00
5700 Lifebuoy Lemon Fresh 500ml | 4 | = 150.00 = 600.00
SUB TOTAL = 750.00
DISCOUNT(15%) = 112.50
GST(18%) = 135.00
TOTAL = 772.50
"
62-CROMA PVT LTD.pdf,"Receipt No.: 62
Payment date: 12-08-2024
Payment Type: UPI
From: ——SCSCSCSC*dCéBiL TZ
Name: [CROMA PVT LTD
Address: Ground Floor, Skyzone, High Street Address:
Phoenix, Senapati Bapat Marg, Lower 53, Eden Garden, Ghatkopar East, Mumbai 400077
Parel, Mumbai, Maharashtra 400013 +91 67890 12367
Phone No: _[87BBAQE12K4P106 a
DESCRIPTION UNIT PRICE Amount (in Rs)
8890 Microsoft Surface Go 3 10 5 % 25,999.00 % 1,29,995.00
7815 Huawei MatePad 11 10 5 = 64,999.00 % 3,24,995.00
Sub-Total ® 4,54,990.00
Amount in Words: Discount(30%) = 1,36,497.00
GST(18%) % 81,898.20
Total Amount: X 4,00,391.20
eee
Terms & Condition:
Seal & Signature
Thank you for Business !!! Visit us Again !!!
"
27-BIG BAZAAR PVT LTD.pdf,"BIG BAZAAR PVT LTD
1st Floor, Ahmedabad One Mall, Vastrapur,
Ahmedabad, Gujarat 380015
341KKLAE12K4A1E5
CLIENT INFO
Anil Provision Store
27. 606, Ranip, Ahmedabad,
382480
+91 94567 89012
Date: 31-07-2024 RECIEPT NO: 27
| HSN | DESCRIPTION UNIT PRICE TOTAL
6791 Lays Potato Chips 100 g = 100.00 = 400.00
1248 Red Label Natural Care = 100.00 = 200.00
SUB TOTAL % 600.00
DISCOUNT(15%) = 90.00
GST(18%) = 108.00
TOTAL = 618.00
"
58-CROMA PVT LTD.pdf,"Receipt No.: 58
Payment date: 12-08-2024
Payment Type: UPI
From: —C—C—CSCSCdiéGL TZ
Name: [CROMA PVT LTD Name: [TechStop
Address: Ground Floor, Skyzone, High Street Address:
Phoenix, Senapati Bapat Marg, Lower 32, Sunshine Enclave, Malad East, Mumbai 400097
Parel, Mumbai, Maharashtra 400013 +91 23456 78923

Phone No: _[87BBAQE12K4P106 a
DESCRIPTION UNIT PRICE Amount (in Rs)
4456 Dell Latitude 7420 10 5 = 1,09,999.00 = 5,49,995.00
3471 Asus ROG Flow X13 10 2 % 85,999.00 % 1,71,998.00
Sub-Total ¥ 7,21,993.00
Amount in Words: Discount(30%) = 2,16,597.90

GST(18%) % 1,29,958.74

Total Amount: X 6,35,353.84
eee
Terms & Condition:
Seal & Signature
Thank you for Business !!! Visit us Again !!!
"
10-CROMA PVT LTD.pdf,"Receipt No.: 10
Payment date: 12-08-2024
Payment Type: UPI
From: —C—C—CSCSCdiéGL TZ
CROMA PVT LTD Gadget Galaxy
Address: Ground Floor, Skyzone, High Street Address:
Phoenix, Senapati Bapat Marg, Lower 56, Coastal Heights, Worli, Mumbai 400013
Parel, Mumbai, Maharashtra 400013 +91 19876 54321

Phone No: _[87BBAQE12K4P106 a
DESCRIPTION UNIT PRICE Amount (in Rs)
1102 Asus ROG Strix G15 10 4 = 1,49,999.00 = 5,99,996.00
5479 Asus ZenBook 13 10 1 ® 85,999.00 ® 85,999.00
Sub-Total % 6,85,995.00
Amount in Words: Discount(30%) = 2,05,798.50

GST(18%) % 1,23,479.10

Total Amount: = 6,03,675.60
eee
Terms & Condition:
Seal & Signature
Thank you for Business !!! Visit us Again !!!
"
39-BIG BAZAAR PVT LTD.pdf,"BIG BAZAAR PVT LTD
1st Floor, Ahmedabad One Mall, Vastrapur,
Ahmedabad, Gujarat 380015
341KKLAE12K4A1E5
CLIENT INFO
Ajay Provision Store
39. 909, Memnagar, Ahmedabad,
380052
+91 89012 34567
Date: 31-07-2024 RECIEPT NO: 39
| HSN | DESCRIPTION UNIT PRICE TOTAL
9127 Clinic Plus Shampoo 200 ml = 200.00 = 800.00
4582 Haldiram’s Soan Papdi 200 ml = 200.00 = 200.00
SUB TOTAL 1,000.00
DISCOUNT(15%) = 150.00
GST(18%) = 180.00
TOTAL % 1,030.00
"
SinghReceipt_2024-07-24_18-40-37_22.pdf,"Receipt Voucher
Name: Singh Electronics
Address: 890 Gandhi Nagar, Bangalore, Karnataka, 560007
GSTIN: O9AAACNO189C1ZH
S.No: 8227
Date of Issue:01-01-2023
Details of Receiver (Billed to) Details of Receiver (Shipped to)
Name: Adobe India Name: Adobe India
Address: Adobe Office, Manyata Tech Park, Bengaluru, Karnataka, 560045 Address: Adobe Office, Manyata Tech Park, Bengaluru, Karnataka, 560045
State: Karnataka State: Karnataka
State code: 45 State code: 45
GSTIN/ UIN (if registered):24IVDGX4732E1Z6 GSTIN/ UIN (if registered):24IVDGX4732E1Z6
CGST SGST IGST
No peseription of goods/service | PSNISAC | _ AmountofAdvance [Rate | Amount | Rate | Amount | Rate | Amount
De'Longhi TRD40615E Full Room 2976 14524.00 1307.16 1307.16 | 0% | 000 |
Total Value (in Rs.) 17138.32
Advance Amount received subject to reverse charge Yes No
Signature of Supplier
"
82-ITC Limited.pdf,"Reciept No: 82 Date: 31-07-2024
Company's Info: Customer's Info:
ITC Limited Ganguly Provision Store
37 J.L.Nehru Road,
Kolkata 700 071 515, Gariahat Road,
Kolkata - 700029
29ABCDE1234F1Z5 88DDAPL2345E1ZU
Payment Detail:
HSN DESCRIPTION UNIT QTY PRICE AMOUNT
3324 TC Sunfeast Bounce Cream Biscuit 200 ml 9 % 90.00 % 810.00
2035 nza Di Wills Inizio Aqua Eau De Pai 200g 6 = 260.00 = 1,560.00
SUBTOTAL % 2,370.00
DISCOUNT(20%) = 687.30
GST(18%) = 426.60
TOTAL % 2,109.30
PAYMENT METHOD: [cash,card,online,check or etc]
Check/Transaction No [if applicable]
"
103-ITC Limited.pdf,"Reciept No: 103 Date: 31-07-2024
Company's Info: Customer's Info:
ITC Limited Das & Sons Supermarket
37 J.L.Nehru Road,
Kolkata 700 071 56, Park Street,
Kolkata - 700016
29ABCDE1234F1Z5 19AABCB1234F1ZX
Payment Detail:
HSN DESCRIPTION UNIT QTY PRICE AMOUNT
1254 Engage Deodorant 1 unit 8 ® 150.00 X 1,200.00
#N/A Classmate Graph Books 1 unit 5 % 200.00 % 1,000.00
SUBTOTAL X 2,200.00
DISCOUNT(20%) % 638.00
GST(18%) = 396.00
TOTAL % 1,958.00
PAYMENT METHOD: [cash,card,online,check or etc]
Check/Transaction No [if applicable]
"
93-BIG BAZAAR PVT LTD.pdf,"BIG BAZAAR PVT LTD
1st Floor, Ahmedabad One Mall, Vastrapur,
Ahmedabad, Gujarat 380015
341KKLAE12K4A1E5
CLIENT INFO
Kamlesh Provision Store
93. 909, Gota, Ahmedabad,
382481
+91 76543 21098
Date: 31-07-2024 RECIEPT NO: 93
| HSN | DESCRIPTION UNIT PRICE TOTAL
9133 500 g % 150.00 % 150.00
4588 Nivea Men’s Face Wash 200 ml = 200.00 1,000.00
SUB TOTAL = 1,150.00
DISCOUNT(15%) = 172.50
GST(18%) = 207.00
TOTAL = 1,184.50
"
18-BIG BAZAAR PVT LTD.pdf,"BIG BAZAAR PVT LTD
1st Floor, Ahmedabad One Mall, Vastrapur,
Ahmedabad, Gujarat 380015
341KKLAE12K4A1E5
CLIENT INFO
Deepak Provision Store
18. 606, Vastral, Ahmedabad,
382418
+91 76543 21098
Date: 31-07-2024 RECIEPT NO: 18
| HSN | DESCRIPTION UNIT PRICE TOTAL
6790 Patanjali Ghee 200 g = 350.00 = 1,050.00
1247 Cadbury 5 Star 200g | 4 | = 200.00 = 800.00
SUB TOTAL = 1,850.00
DISCOUNT(15%) = 277.50
GST(18%) % 333.00
TOTAL = 1,905.50
"
101-ITC Limited.pdf,"Reciept No: 101 Date: 31-07-2024
Company's Info: Customer's Info:
ITC Limited Sharma Provision Store
37 J.L.Nehru Road,
Kolkata 700 071 12, Lake Road,
Kolkata - 700029
29ABCDE1234F1Z5 27AAPFU0939F1ZV
Payment Detail:
HSN DESCRIPTION UNIT QTY PRICE AMOUNT
2364 Bingo! Mad Angles 1kg 2 = 20.00 = 40.00
#N/A Aashirvaad Salt 1kg 5 = 60.00 = 300.00
SUBTOTAL = 340.00
DISCOUNT(20%) = 98.60
GST(18%) % 61.20
TOTAL = 302.60
PAYMENT METHOD: [cash,card,online,check or etc]
Check/Transaction No [if applicable]
"
41-ITC Limited.pdf,"Reciept No: 41 Date: 31-07-2024
Company's Info: Customer's Info:
ITC Limited Basak Provision Shop
37 J.L.Nehru Road,
Kolkata 700 071 105, Rajarhat Road,
Kolkata - 700135
29ABCDE1234F1Z5 4700APL1234P5ZF
Payment Detail:
HSN DESCRIPTION UNIT QTY PRICE AMOUNT
2797 ingo! Tedhe Medhe Masala Chask 500g 8 = 40.00 = 320.00
1506 ITC Farmland Fresh Cauliflower 75g 10 = 40.00 = 400.00
SUBTOTAL = 720.00
DISCOUNT(20%) = 208.80
GST(18%) = 129.60
TOTAL = 640.80
PAYMENT METHOD: [cash,card,online,check or etc]
Check/Transaction No [if applicable]
"
14-BIG BAZAAR PVT LTD.pdf,"BIG BAZAAR PVT LTD
1st Floor, Ahmedabad One Mall, Vastrapur,
Ahmedabad, Gujarat 380015
341KKLAE12K4A1E5
CLIENT INFO
Neelam Provision Store
14. 202, Ghod Dod Road,
Ahmedabad, 380022
+91 95432 10987
Date: 31-07-2024 RECIEPT NO: 14
| HSN | DESCRIPTION UNIT PRICE TOTAL
8913 Kelloge’s Corn Flakes 500g = 250.00 = 1,250.00
3468 Sunfeast Yippee Noodles = 80.00 = 240.00
SUB TOTAL = 1,490.00
DISCOUNT(15%) = 223.50
GST(18%) = 268.20
TOTAL = 1,534.70
"
78-ITC Limited.pdf,"Reciept No: 78 Date: 31-07-2024
Company's Info: Customer's Info:
ITC Limited Mukhopadhyay Grocery Mart
37 J.L.Nehru Road, 475, Shyama Prasad
Kolkata 700 071 Mukherjee Road,
Kolkata - 700025
29ABCDE1234F1Z5 84ZZAPL8901A6ZQ
Payment Detail:
HSN DESCRIPTION UNIT QTY PRICE AMOUNT
3273 ITC Savlon Glycerine Soap 200 g 7 = 120.00 = 840.00
1984 Engage Cologne Talc for Men 500 g 10 = 190.00 = 1,900.00
SUBTOTAL = 2,740.00
DISCOUNT(20%) = 794.60
GST(18%) = 493.20
TOTAL = 2,438.60
PAYMENT METHOD: [cash,card,online,check or etc]
Check/Transaction No [if applicable]
"
18-D-MART PVT LTD.pdf,"D-MART PVT LTD DATE 07-23-24
35/2867, B & B2, Bypass Road, Opp. Oberon Mall,
Edappally, Kochi, Kerala 682024 CUSTOMER NO. 1144
CLIENT
41HHLWE12K4A1Q6
CREDIT CARD NO. 4539 1488 0343 6467
Hilltop Villa, 56/45, Kottayam, Kerala 686002
abe DESCRIPTION OTE QTY UNIT PRICE TOTAL
6790 Bournvita 500g 500g z 250.00 2 750.00
1247 KitKat Chunky ee ee Z 20.00 Z 20.00
Remarks / Instructions: SUBTOTAL = 770.00
DISCOUNT (10%) = 77.00
GST (18%) = 124.74
Please make check payable to Your Company Name. TOTAL = 722.26
THANK YOU
casH [_ | CREDITCARD [_] MONEYORDER [_]
For questions concerning this receipt please contact Name, (321) 456-7890, Email Address
eae SALES RECEIPT
Fathima Rahman
DATE 07-23-24
Hilltop Villa, 56/45, Kottayam, Kerala 686002
+91 76543 21098 AMOUNT PAID = 722.26
D-MART PVT LTD 35/2867, B & B2, Bypass Road, Opp. Oberon Mall, 41HHLWE12K4A1Q6
Edappally, Kochi, Kerala 682024
"
53-BIG BAZAAR PVT LTD.pdf,"BIG BAZAAR PVT LTD
1st Floor, Ahmedabad One Mall, Vastrapur,
Ahmedabad, Gujarat 380015
341KKLAE12K4A1E5
CLIENT INFO
Neeta Provision Store
53. 505, Jodhpur, Ahmedabad,
380015
+91 76543 21098
Date: 31-07-2024 RECIEPT NO: 53
| HSN | DESCRIPTION UNIT PRICE TOTAL
2350 Pepsodent Toothpaste 200 g = 200.00 = 400.00
6805 Dabur Honey Tulsi 200 g = 200.00 1,000.00
SUB TOTAL = 1,400.00
DISCOUNT(15%) = 210.00
GST(18%) = 252.00
TOTAL = 1,442.00
"
97-CROMA PVT LTD.pdf,"Receipt No.: 97
Payment date: 12-08-2024
Payment Type: UPI
From: CB To:
Name: [CROMA PVT LTD Name: |VoltHub
Address: Ground Floor, Skyzone, High Street Address:
Phoenix, Senapati Bapat Marg, Lower 91, Sunrise Court, Dadar West, Mumbai 400028
Parel, Mumbai, Maharashtra 400013 +91 34567 89056
Phone No: _[87BBAQE12K4P106 a
DESCRIPTION UNIT PRICE Amount (in Rs)
9912 Dell Inspiron 14 10 5 = 49,999.00 = 2,49,995.00
1371 Lenovo IdeaPad Gaming 3 10 4 = 54,999.00 = 2,19,996.00
Sub-Total ¥ 4,69,991.00
Amount in Words: Discount(30%) = 1,40,997.30
GST(18%) = 84,598.38
Total Amount: X 4,13,592.08
eee
Terms & Condition:
Seal & Signature
Thank you for Business !!! Visit us Again !!!
"
SinghReceipt_2024-07-24_18-40-47_32.pdf,"Receipt Voucher
Name: Singh Electronics
Address: 890 Gandhi Nagar, Bangalore, Karnataka, 560007
GSTIN: O9AAACNO189C1ZH
S.No: 8166
Date of Issue:15-01-2023
Details of Receiver (Billed to) Details of Receiver (Shipped to)
Name: Airbus Group India Pvt Ltd Name: Airbus Group India Pvt Ltd
Address: Airbus Office, Marathahalli, Bengaluru, Karnataka, 560037 Address: Airbus Office, Marathahalli, Bengaluru, Karnataka, 560037
State: Karnataka State: Karnataka
State code: 37 State code: 37
GSTIN/ UIN (if registered):24VLRVD8094M1Z3 GSTIN/ UIN (if registered):24VLRVD8094M1Z3
| SNo Description of goods/service HSN/SAC Amount of Advance CGST SGsT IGsT
Dell XPS 13 Laptop 2685 17749,00 1597.41 1597.41 | 0% | 0.00
Total Value (in Rs.) 20943.82
Advance Amount received subject to reverse charge Yes No

Signature of Supplier
"
26-D-MART PVT LTD.pdf,"D-MART PVT LTD NI 07-23-24
35/2867, B & B2, Bypass Road, Opp. Oberon Mall,
Edappally, Kochi, Kerala 682024 CUSTOMER NO. 1144
CLIENT
41HHLWE12K4A1Q6
SALESPERSON Anukul Roy Ishaan Pillai
cel one Wo. 4539 1488 0343 6467 Anjali Nivas, 45/89, Perumbavoor, Ernakulam, Kerala
aby DESCRIPTION OTE QTY UNIT PRICE TOTAL
2347 Himalaya Face Wash 150ml 150m Z 150.00 Z 300.00
6802 Oreo 300g 300g Z 50.00 % 250.00
Remarks / Instructions: SUBTOTAL % 550.00
DISCOUNT (10%) = 55.00
GST (18%) = 89.10
Please make check payable to Your Company Name. TOTAL 8515.90
THANK YOU
casH [_ | CREDITCARD [_] MONEYORDER [_]
For questions concerning this receipt please contact Name, (321) 456-7890, Email Address
eae SALES RECEIPT
Ishaan Pillai
DATE 07-23-24
Anjali Nivas, 45/89, Perumbavoor, Ernakulam, Kerala 683542
+91 76543 21098 AMOUNT PAID = 515.90
D-MART PVT LTD 35/2867, B & B2, Bypass Road, Opp. Oberon Mall, 41HHLWE12K4A1Q6
Edappally, Kochi, Kerala 682024
"
58-BIG BAZAAR PVT LTD.pdf,"BIG BAZAAR PVT LTD
1st Floor, Ahmedabad One Mall, Vastrapur,
Ahmedabad, Gujarat 380015
341KKLAE12K4A1E5
CLIENT INFO
Sudhir Provision Store
58. 101, Maninagar, Ahmedabad,
380008
+91 76543 21098
Date: 31-07-2024 RECIEPT NO: 58
| HSN | DESCRIPTION UNIT PRICE TOTAL
4573 Cadbury Bournville 200 g = 60.00 = 240.00
8929 MTR Puliyogare Mix 500g = 200.00 1,000.00
SUB TOTAL = 1,240.00
DISCOUNT(15%) = 186.00
GST(18%) % 223.20
TOTAL = 1,277.20
"
SinghReceipt_2024-07-24_18-41-24_69.pdf,"Receipt Voucher
Name: Singh Electronics
Address: 890 Gandhi Nagar, Bangalore, Karnataka, 560007
GSTIN: O9AAACNO189C1ZH
S.No: 4404
Date of Issue:20-07-2023
Details of Receiver (Billed to) Details of Receiver (Shipped to)
Name: Qualcomm India Pvt Ltd Name: Qualcomm India Pvt Ltd
Address: Qualcomm Building, Outer Ring Road, Bengaluru, Karnataka, Address: Qualcomm Building, Outer Ring Road, Bengaluru, Karnataka,
State: Karnataka State: Karnataka
State code: 03 State code: 03
GSTIN/ UIN (if registered):24VTJHC6030X1Z4 GSTIN/ UIN (if registered):24VTJHC6030X1Z4
| SNo Description of goods/service HSN/SAC Amount of Advance CGST SGsT IGsT
JBL Flip 5 Bluetooth Speaker 2682 9744.00 876.96 876.96 | 0% | 0.00 |
Total Value (in Rs.) 11497.92
Advance Amount received subject to reverse charge Yes No

Signature of Supplier
"
58-ITC Limited.pdf,"Reciept No: 58 Date: 31-07-2024
Company's Info: Customer's Info:
ITC Limited Mitra & Saha Provision Store
37 J.L.Nehru Road, 273, Ballygunge
Kolkata 700 071 Station Road, Kolkata
- 700019
29ABCDE1234F1Z5 64FFAPL8901G4ZW
Payment Detail:
HSN DESCRIPTION UNIT QTY PRICE AMOUNT
3015 ITC Aashirvaad Multigrain Atta 500 g 8 = 90.00 = 720.00
1726 Sunfeast Delishus Gourmet Pasta 200g 9 = 80.00 = 720.00
SUBTOTAL = 1,440.00
DISCOUNT(20%) = 417.60
GST(18%) % 259.20
TOTAL = 1,281.60
PAYMENT METHOD: [cash,card,online,check or etc]
Check/Transaction No [if applicable]
"
36-CROMA PVT LTD.pdf,"Receipt No.: 36
Payment date: 12-08-2024
Payment Type: UPI
From: ——SCSCSCSC*dCéBiL TZ
Name: [ROMA PVTLTD
Address: Ground Floor, Skyzone, High Street Address:
Phoenix, Senapati Bapat Marg, Lower 27, Sterling Towers, Bandra West, Mumbai 400050
Parel, Mumbai, Maharashtra 400013 +91 81234 56789

Phone No: |87BBAQE12K4P106 a
DESCRIPTION UNIT PRICE Amount (in Rs)
9597 Nikon Z9 10 1 = 2,99,999.00 = 2,99,999.00
7702 Nikon D780 10 3 ® 1,89,999.00 % 5,69,997.00
Sub-Total ¥ 8,69,996.00
Amount in Words: Discount(30%) = 2,60,998.80

GST(18%) = 1,56,599.28

Total Amount: = 7,65,596.48
eee
Terms & Condition:
Seal & Signature
Thank you for Business !!! Visit us Again !!!
"
1-ITC Limited.pdf,"Reciept No: 1 Date: 31-07-2024
Company's Info: Customer's Info:
ITC Limited Sharma Provision Store
37 J.L.Nehru Road,
Kolkata 700 071 12, Lake Road,
Kolkata - 700029
29ABCDE1234F1Z5 O3AAAPL1234C1Z1
Payment Detail:
HSN DESCRIPTION UNIT QTY PRICE AMOUNT
2281 Aashirvaad Atta 150g 4 = 50.00 = 200.00
1021 Sunfeast Pasta Treat 5 kg 7 = 50.00 = 350.00
SUBTOTAL % 550.00
DISCOUNT(20%) = 159.50
GST(18%) = 99.00
TOTAL = 489.50
PAYMENT METHOD: [cash,card,online,check or etc]
Check/Transaction No [if applicable]
"
54-ITC Limited.pdf,"Reciept No: 54 Date: 31-07-2024
Company's Info: Customer's Info:
ITC Limited Saha Provision Shop
37 J.L.Nehru Road,
Kolkata 700 071 230, Cossipore Road,
Kolkata - 700002
29ABCDE1234F1Z5 60BBAPL4567C9ZS
Payment Detail:
HSN DESCRIPTION UNIT QTY PRICE AMOUNT
2964 Engage Woman Deodorants 200 ml 8 = 45.00 % 360.00
1674 Sunfeast Farmlite 6 Grains Cookies 500 ml 3 % 60.00 = 180.00
SUBTOTAL X 540.00
DISCOUNT(20%) X 156.60
GST(18%) X 97.20
TOTAL X 480.60
PAYMENT METHOD: [cash,card,online,check or etc]
Check/Transaction No [if applicable]
"
41-D-MART PVT LTD.pdf,"D-MART PVT LTD NI 07-23-24
35/2867, B & B2, Bypass Road, Opp. Oberon Mall,
Edappally, Kochi, Kerala 682024 CUSTOMER NO. 1144
CLIENT
41HHLWE12K4A1Q6
CREDIT CARD NO. 4539 1488 0343 6467
Lotus Villa, 45/56, Adoor, Pathanamthitta, Kerala 691523
aby DESCRIPTION OTE QTY UNIT PRICE TOTAL
8916 Amul Cheese Slices 200g 200g z 120.00 z 360.00
3471 Dabur Chyawanprash 1kg Z 350.00 z 1,750.00
Remarks / Instructions: SUBTOTAL = 2,110.00
DISCOUNT (10%) = 211.00
GST (18%) = 341.82
Please make check payable to Your Company Name. TOTAL = 1,979.18
THANK YOU
casH [_ | CREDITCARD [_] MONEYORDER [_]
For questions concerning this receipt please contact Name, (321) 456-7890, Email Address
eae SALES RECEIPT
Rakesh Kumar
DATE 07-23-24
Lotus Villa, 45/56, Adoor, Pathanamthitta, Kerala 691523
+91 87654 54321 AMOUNT PAID = 1,979.18
D-MART PVT LTD 35/2867, B & B2, Bypass Road, Opp. Oberon Mall, 41HHLWE12K4A1Q6
Edappally, Kochi, Kerala 682024
"
71-CROMA PVT LTD.pdf,"Receipt No.: 71
Payment date: 12-08-2024
Payment Type: UPI
From: ——SCSCSCSC*dCéBiL TZ
CROMA PVT LTD GadgetFlow
Address: Ground Floor, Skyzone, High Street Address:
Phoenix, Senapati Bapat Marg, Lower 84, Emerald Heights, Chembur, Mumbai 400071
Parel, Mumbai, Maharashtra 400013 +91 51234 56781
Phone No: _[87BBAQE12K4P106 a
DESCRIPTION UNIT PRICE Amount (in Rs)
8923 Sonos Arc 10 4 % 89,999.00 ® 3,59,996.00
8814 Samsung HW-Q800A 10 2 = 55,999.00 = 1,11,998.00
Sub-Total ¥ 4,71,994.00
Amount in Words: Discount(30%) = 141,598.20
GST(18%) = 84,958.92
Total Amount: X 4,15,354.72
eee
Terms & Condition:
Seal & Signature
Thank you for Business !!! Visit us Again !!!
"
SinghReceipt_2024-07-24_18-40-43_28.pdf,"Receipt Voucher
Name: Singh Electronics
Address: 890 Gandhi Nagar, Bangalore, Karnataka, 560007
GSTIN: O9AAACNO189C1ZH
S.No: 2788
Date of Issue:03-12-2023
Details of Receiver (Billed to) Details of Receiver (Shipped to)
Name: Boeing India Pvt Ltd Name: Boeing India Pvt Ltd
Address: Boeing Office, Embassy Golf Links, Bengaluru, Karnataka, 560071 Address: Boeing Office, Embassy Golf Links, Bengaluru, Karnataka, 560071
State: Karnataka State: Karnataka
State code: 71 State code: 71
GSTIN/ UIN (if registered):240WBSO1529W1Z2 GSTIN/ UIN (if registered):240WBSO1529W1Z2
| SNo Description of goods/service HSN/SAC Amount of Advance CGST SGsT IGsT
Sony PlayStation 5 2856 22071.00 1986.39 1986.39 | 0% | 0.00 |
Total Value (in Rs.) 26043.78
Advance Amount received subject to reverse charge Yes No

Signature of Supplier
"
34-BIG BAZAAR PVT LTD.pdf,"BIG BAZAAR PVT LTD
1st Floor, Ahmedabad One Mall, Vastrapur,
Ahmedabad, Gujarat 380015
341KKLAE12K4A1E5
CLIENT INFO
Vikas Provision Store
34. 404, Sardar Patel Colony,
Ahmedabad, 380014
+91 76543 21098
Date: 31-07-2024 RECIEPT NO: 34
| HSN | DESCRIPTION UNIT PRICE TOTAL
7894 Brooke Bond Taaza Tea 500g = 500.00 = 1,000.00
2359 Dabur Red Toothpaste 100 g = 200.00 = 400.00
SUB TOTAL = 1,400.00
DISCOUNT(15%) = 210.00
GST(18%) = 252.00
TOTAL = 1,442.00
"
114-ITC Limited.pdf,"Reciept No: 114 Date: 31-07-2024
Company's Info: Customer's Info:
ITC Limited Sengupta Grocery Mart
37 J.L.Nehru Road,
Kolkata 700 071 9, Salt Lake City,
Kolkata - 700064
29ABCDE1234F1Z5 22AABCR1234A1Z9
Payment Detail:
HSN DESCRIPTION UNIT QTY PRICE AMOUNT
9144 Pasta Sauces 50g 9 % 100.00 % 900.00
#N/A Oregano Seasoning 400 g 7 % 60.00 % 420.00
SUBTOTAL % 1,320.00
DISCOUNT(20%) % 382.80
GST(18%) = 237.60
TOTAL = 1,174.80
PAYMENT METHOD: [cash,card,online,check or etc]
Check/Transaction No [if applicable]
"
7-D-MART PVT LTD.pdf,"D-MART PVT LTD NI 07-23-24
35/2867, B & B2, Bypass Road, Opp. Oberon Mall,
Edappally, Kochi, Kerala 682024 CUSTOMER NO. 1144
CLIENT
41HHLWE12K4A1Q6
CREDIT CARD NO. 4539 1488 0343 6467
Nirvana, 67/89, Thevara, Kochi, Kerala 682013
aby DESCRIPTION OTE QTY UNIT PRICE TOTAL
7891 Haldiram's Namkeen 400g 400g z 90.00 z 450.00
2356 Bisleri Mineral Water 1L z 20.00 Z 20.00
Remarks / Instructions: SUBTOTAL = 470.00
DISCOUNT (10%) = 47.00
GST (18%) = 76.14
Please make check payable to Your Company Name. TOTAL = 440.86
THANK YOU
casH [_ | CREDITCARD [_] MONEYORDER [_]
For questions concerning this receipt please contact Name, (321) 456-7890, Email Address
eae SALES RECEIPT
Balakrishnan Nair
DATE 07-23-24
Nirvana, 67/89, Thevara, Kochi, Kerala 682013
+91 89012 34567 AMOUNT PAID = 440.86
D-MART PVT LTD 35/2867, B & B2, Bypass Road, Opp. Oberon Mall, 41HHLWE12K4A1Q6
Edappally, Kochi, Kerala 682024
"
13-BIG BAZAAR PVT LTD.pdf,"BIG BAZAAR PVT LTD
1st Floor, Ahmedabad One Mall, Vastrapur,
Ahmedabad, Gujarat 380015
341KKLAE12K4A1E5
CLIENT INFO
Suresh Provision Store
13. 101, C.G. Road, Anmedabad,
380009
+91 76543 21098
Date: 31-07-2024 RECIEPT NO: 13
| HSN | DESCRIPTION UNIT PRICE TOTAL
4568 Himalaya Neem Face Wash 100 g = 150.00 = 150.00
8924 Lifebuoy Total 10 200 ml = 200.00 = 400.00
SUB TOTAL = 550.00
DISCOUNT(15%) = 82.50
GST(18%) = 99.00
TOTAL = 566.50
"
72-CROMA PVT LTD.pdf,"Receipt No.: 72
Payment date: 12-08-2024
Payment Type: UPI
From: ——SCSCSCSC*dCéBiL TZ
Name: [CROMA PVT LTD Name: |VoltShop
Address: Ground Floor, Skyzone, High Street Address:
Phoenix, Senapati Bapat Marg, Lower 61, Coral Apartments, Bandra East, Mumbai 400051
Parel, Mumbai, Maharashtra 400013 +91 61234 56781

Phone No: _[87BBAQE12K4P106 a
DESCRIPTION UNIT PRICE Amount (in Rs)
9034 LG SN11RG 10 5 = 54,999.00 = 2,74,995.00
9925 JBL Bar 5.1 Surround 10 4 = 1,25,999.00 = 5,03,996.00
Sub-Total  7,78,991.00
Amount in Words: Discount(30%) = 2,33,697.30

GST(18%)  1,40,218.38

Total Amount: X 6,85,512.08
eee
Terms & Condition:
Seal & Signature
Thank you for Business !!! Visit us Again !!!
"
SinghReceipt_2024-07-24_18-40-54_39.pdf,"Receipt Voucher
Name: Singh Electronics
Address: 890 Gandhi Nagar, Bangalore, Karnataka, 560007
GSTIN: O9AAACNO189C1ZH
S.No: 8358
Date of Issue:13-12-2023
Details of Receiver (Billed to) Details of Receiver (Shipped to)
Name: Hitachi Vantara Name: Hitachi Vantara
Address: Hitachi Office, Whitefield, Bengaluru, Karnataka, 560066 Address: — Hitachi Office, Whitefield, Bengaluru, Karnataka, 560066
State: Karnataka State: Karnataka
State code: 66 State code: 66
GSTIN/ UIN (if registered):24DPHGQ1826A1Z9 GSTIN/ UIN (if registered):24DPHGQ1826A1Z9
| SNo Description of goods/service HSN/SAC Amount of Advance CGST SGsT IGsT
Samsung QLED Smart TV 2259 23267.00 2094.03 2094.03 | 0% | 0.00 |
Total Value (in Rs.) 27455.06
Advance Amount received subject to reverse charge Yes No

Signature of Supplier
"
36-D-MART PVT LTD.pdf,"D-MART PVT LTD DATE 07-23-24
35/2867, B & B2, Bypass Road, Opp. Oberon Mall,
Edappally, Kochi, Kerala 682024 CUSTOMER NO. 1144
CLIENT
41HHLWE12K4A1Q6
SALESPERSON Anukul Roy Neha Pillai
cel one Wo. 4539 1488 0343 6467 Ponnambalam, 45/12, Perinthalmanna, Malappuram, Kerala
Ca ll 979828
aaa = +91 87654 56789
PEIN) DESCRIPTION UN QTY UNIT PRICE TOTAL
6792 Clinic Plus Shampoo 340m! 340ml Z 200.00 Z 200.00
1249 Funfoods Mayo 500g 500g z 100.00 Z 500.00
Remarks / Instructions: SUBTOTAL = 700.00
DISCOUNT (10%) = 70.00
GST (18%) = 113.40
Please make check payable to Your Company Name. TOTAL = 656.60
THANK YOU
casH [_ | CREDITCARD [_] MONEYORDER [_]
For questions concerning this receipt please contact Name, (321) 456-7890, Email Address
eae SALES RECEIPT
Neha Pillai
Ponnambalam, 45/12, Perinthalmanna, Malappuram, Kerala AS 07-23-24
+91 87654 56789 AMOUNT PAID = 656.60
D-MART PVT LTD 35/2867, B & B2, Bypass Road, Opp. Oberon Mall, 41HHLWE12K4A1Q6
Edappally, Kochi, Kerala 682024
"
37-ITC Limited.pdf,"Reciept No: 37 Date: 31-07-2024
Company's Info: Customer's Info:
ITC Limited Ghosh Brothers General Store
37 J.L.Nehru Road, 49, Maniktala Main
Kolkata 700 071 Road, Kolkata -
700054
29ABCDE1234F1Z5 43KKAPL7890L1ZB
Payment Detail:
HSN DESCRIPTION UNIT QTY PRICE AMOUNT
2745 Classmate Octane Pens 200 ml 2 % 125.00 % 250.00
1455 Savlon Herbal Sensitive Soaps 100 g 7 = 125.00 = 875.00
SUBTOTAL % 1,125.00
DISCOUNT(20%) % 326.25
GST(18%) % 202.50
TOTAL ¥ 1,001.25
PAYMENT METHOD: [cash,card,online,check or etc]
Check/Transaction No [if applicable]
"
81-BIG BAZAAR PVT LTD.pdf,"BIG BAZAAR PVT LTD
1st Floor, Ahmedabad One Mall, Vastrapur,
Ahmedabad, Gujarat 380015
341KKLAE12K4A1E5
CLIENT INFO
Tanuja Provision Store
81. 606, Nikol, Anmedabad,
382350
+91 87654 54321
Date: 31-07-2024 RECIEPT NO: 81
| HSN | DESCRIPTION UNIT PRICE TOTAL
6797 Tata Sampann Dal 200 ml = 150.00 = 600.00
1254 Pepsodent Gum Care 200g | 4 | = 100.00 = 400.00
SUB TOTAL 1,000.00
DISCOUNT(15%) = 150.00
GST(18%) = 180.00
TOTAL 1,030.00
"
SinghReceipt_2024-07-24_18-40-31_16.pdf,"Receipt Voucher
Name: Singh Electronics
Address: 890 Gandhi Nagar, Bangalore, Karnataka, 560007
GSTIN: O9AAACNO189C1ZH
S.No: 9549
Date of Issue:03-11-2023
Details of Receiver (Billed to) Details of Receiver (Shipped to)
Name: Toshiba Software India Pvt Ltd Name: Toshiba Software India Pvt Ltd
Address: Toshiba Office, Whitefield, Bengaluru, Karnataka, 560066 Address: — Toshiba Office, Whitefield, Bengaluru, Karnataka, 560066
State: Karnataka State: Karnataka
State code: 66 State code: 66
GSTIN/ UIN (if registered):24KIEMV6608X1Z2 GSTIN/ UIN (if registered):24KIEMV6608X1Z2
| SNo Description of goods/service HSN/SAC Amount of Advance CGST SGsT IGsT
Bose Lifestyle 650 Home Theater 2971 25203.00 2268.27 2268.27. | 0% | 0.00 |
Total Value (in Rs.) 29739.54
Advance Amount received subject to reverse charge Yes No

Signature of Supplier
"
91-BIG BAZAAR PVT LTD.pdf,"BIG BAZAAR PVT LTD
1st Floor, Ahmedabad One Mall, Vastrapur,
Ahmedabad, Gujarat 380015
341KKLAE12K4A1E5
CLIENT INFO
Rajendra Provision Store
91. 707, Shrinathji Society,
Ahmedabad, 380050
+91 94567 89012
Date: 31-07-2024 RECIEPT NO: 91
| HSN | DESCRIPTION UNIT PRICE TOTAL
1244 Colgate Sensitive 200 g = 100.00 = 500.00
5699 Maggi Hot & Sweet Sauce = 200.00 1,000.00
SUB TOTAL = 1,500.00
DISCOUNT(15%) = 225.00
GST(18%) = 270.00
TOTAL = 1,545.00
"
20-BIG BAZAAR PVT LTD.pdf,"BIG BAZAAR PVT LTD
1st Floor, Ahmedabad One Mall, Vastrapur,
Ahmedabad, Gujarat 380015
341KKLAE12K4A1E5
CLIENT INFO
Kiran Provision Store
20. 808, Rakhial, Ahmedabad,
380023
+91 87654 56789
Date: 31-07-2024 RECIEPT NO: 20
| HSN | DESCRIPTION UNIT PRICE TOTAL
5680 Dabur Honey 250g = 200.00 = 600.00
9136 Tide Naturals 100 ml = 100.00 = 200.00
SUB TOTAL = 800.00
DISCOUNT(15%) = 120.00
GST(18%) = 144.00
TOTAL = 824.00
"
12-BIG BAZAAR PVT LTD.pdf,"BIG BAZAAR PVT LTD
1st Floor, Ahmedabad One Mall, Vastrapur,
Ahmedabad, Gujarat 380015
341KKLAE12K4A1E5
CLIENT INFO
Manoj Provision Store
12. 909, Ambawadi, Anmedabad,
380006
+91 87654 56789
Date: 31-07-2024 RECIEPT NO: 12
| HSN | DESCRIPTION UNIT PRICE TOTAL
9124 Dettol Antiseptic Liquid 500 ml = 70.00 = 280.00
4579 Fogg Body Spray 500 ml = 200.00 = 200.00
SUB TOTAL = 480.00
DISCOUNT(15%) = 72.00
GST(18%) = 86.40
TOTAL = 494.40
"
115-CROMA PVT LTD.pdf,"Receipt No.: 115
Payment date: 12-08-2024
Payment Type: UPI
From: —CSCd(éBid' To:
CROMA PVT LTD DigiTech Retail
Address: Ground Floor, Skyzone, High Street Address: 14, Kandivali Heights, Kandivali West, Mumbai
Phoenix, Senapati Bapat Marg, Lower 400067
Parel, Mumbai, Maharashtra 400013 +91 69876 54321
Phone No: |87BBAQE12K4P106 a
DESCRIPTION UNIT PRICE Amount (in Rs)
6414 Samsung Odyssey G9 Monitor 10 4 = 67,999.00 % 2,71,996.00
1379 Samsung Odyssey G5 Monitor 10 3 = 59,999.00 2 1,79,997.00
Sub-Total ¥ 4,51,993.00
Amount in Words: Discount(30%) = 1,35,597.90
GST(18%) X 81,358.74
Total Amount: X 3,97,753.84
re ee
Terms & Condition:
Seal & Signature
Thank you for Business !!! Visit us Again !!!
"
SinghReceipt_2024-07-24_18-40-24_9.pdf,"Receipt Voucher
Name: Singh Electronics
Address: 890 Gandhi Nagar, Bangalore, Karnataka, 560007
GSTIN: O9AAACNO189C1ZH
S.No: 3377
Date of Issue:23-02-2023
Details of Receiver (Billed to) Details of Receiver (Shipped to)
Name: UBS India Pvt Ltd Name: UBS India Pvt Ltd
Address: UBS Office, RMZ EcoWorld, Bengaluru, Karnataka, 560103 Address: — UBS Office, RMZ EcoWorld, Bengaluru, Karnataka, 560103
State: Karnataka State: Karnataka
State code: 03 State code: 03
GSTIN/ UIN (if registered):24ZXSIR3374D1Z5 GSTIN/ UIN (if registered):24ZXSIR3374D1Z5
| SNo Description of goods/service HSN/SAC Amount of Advance CGST SGsT IGsT
Dyson Supersonic Hair Dryer 2641 29830.00 2684.7 2684.7 | 0% | 000 |
Total Value (in Rs.) 35199.40
Advance Amount received subject to reverse charge Yes No

Signature of Supplier
"
13-ITC Limited.pdf,"Reciept No: 13 Date: 31-07-2024
Company's Info: Customer's Info:
ITC Limited Pal & Sons Supermarket
37 J.L.Nehru Road,
Kolkata 700 071 15, Jadavpur Road,
Kolkata - 700032
29ABCDE1234F1Z5 17MMAPL2345N4ZD
Payment Detail:
HSN DESCRIPTION UNIT QTY PRICE AMOUNT
2435 Candyman Confectionery 200 ml 7 = 10.00 = 70.00
1156 ITC Classmate Small Notebooks 100 g 7 = 10.00 = 70.00
SUBTOTAL = 140.00
DISCOUNT(20%) = 40.60
GST(18%) % 25.20
TOTAL = 124.60
PAYMENT METHOD: [cash,card,online,check or etc]
Check/Transaction No [if applicable]
"
47-CROMA PVT LTD.pdf,"Receipt No.: 47
Payment date: 12-08-2024
Payment Type: UPI
From: —CSCd(éBid' To:
CROMA PVT LTD SparkLand Electronics
Address: Ground Floor, Skyzone, High Street Address: 50, Crestwood Towers, Dadar West, Mumbai
Phoenix, Senapati Bapat Marg, Lower 400028
Parel, Mumbai, Maharashtra 400013 +91 01234 56780

Phone No: _[87BBAQE12K4P106 a
DESCRIPTION UNIT PRICE Amount (in Rs)
2108 MSI GE76 Raider 10 3 = 1,59,999.00 = 4,79,997.00
9368 Dell G15 10 2 = 1,49,999.00 % 2,99,998.00
Sub-Total X 7,79,995.00
Amount in Words: Discount(30%) = 2,33,998.50

GST(18%) = 1,40,399.10

Total Amount: X 6,86,395.60
re ee
Terms & Condition:
Seal & Signature
Thank you for Business !!! Visit us Again !!!
"
31-ITC Limited.pdf,"Reciept No: 31 Date: 31-07-2024
Company's Info: Customer's Info:
ITC Limited Gupta & Das Provision Store
37 J.L.Nehru Road, 55, Ballygunge
Kolkata 700 071 Circular Road,
Kolkata - 700019
29ABCDE1234F1Z5 37EEAPL1234F4ZV
Payment Detail:
HSN DESCRIPTION UNIT QTY PRICE AMOUNT
2668 Sunfeast Wonderz Milkshake 1 liter 8 = 65.00 % 520.00
1378 TCDermafique Hydrating Cleanse 7 pads 4 = 65.00 = 260.00
SUBTOTAL = 780.00
DISCOUNT(20%) = 226.20
GST(18%) = 140.40
TOTAL % 694.20
PAYMENT METHOD: [cash,card,online,check or etc]
Check/Transaction No [if applicable]
"
73-BIG BAZAAR PVT LTD.pdf,"BIG BAZAAR PVT LTD
1st Floor, Ahmedabad One Mall, Vastrapur,
Ahmedabad, Gujarat 380015
341KKLAE12K4A1E5
CLIENT INFO
Anurag Provision Store
73. 707, C.G. Road, Anmedabad,
380009
+91 87654 54321
Date: 31-07-2024 RECIEPT NO: 73
| HSN | DESCRIPTION UNIT PRICE TOTAL
1242 24 Mantra Organic Dal 200 g = 200.00 = 800.00
5697 Godrej Shaving Cream 500 ml = 500.00 = 2,500.00
SUB TOTAL 3,300.00
DISCOUNT(15%) = 495.00
GST(18%) = 594.00
TOTAL 3,399.00
"
36-ITC Limited.pdf,"Reciept No: 36 Date: 31-07-2024
Company's Info: Customer's Info:
ITC Limited Das & Mukherjee Supermarket
37 J.L.Nehru Road,
Kolkata 700 071 38, Cossipore Road,
Kolkata - 700002
29ABCDE1234F1Z5 42JJAPL6789K9ZA
Payment Detail:
HSN DESCRIPTION UNIT QTY PRICE AMOUNT
2732 Savlon Range of Soaps 500 ml 6 = 70.00 = 420.00
1442 Sunfeast Dream Cream Cakes 100 ml 9 = 70.00 % 630.00
SUBTOTAL % 1,050.00
DISCOUNT(20%) = 304.50
GST(18%) = 189.00
TOTAL % 934.50
PAYMENT METHOD: [cash,card,online,check or etc]
Check/Transaction No [if applicable]
"
118-CROMA PVT LTD.pdf,"Receipt No.: 118
Payment date: 12-08-2024
Payment Type: UPI
From: —CSCd(éBid' To:
CROMA PVT LTD Gadget Depot
Address: Ground Floor, Skyzone, High Street Address: 25, The Hub Residences, Malad East, Mumbai
Phoenix, Senapati Bapat Marg, Lower 400097
Parel, Mumbai, Maharashtra 400013 +91 99876 54321

Phone No: _[87BBAQE12K4P106 a
DESCRIPTION UNIT PRICE Amount (in Rs)
9717 HP Omen 27 Monitor 10 2 ® 35,999.00 ® 71,998.00
4702 HP M27fw Monitor 10 5 ® 25,999.00 ® 1,29,995.00
Sub-Total ¥ 2,01,993.00
Amount in Words: Discount(30%) = 60,597.90

GST(18%) % 36,358.74

Total Amount: = 1,77,753.84
re ee
Terms & Condition:
Seal & Signature
Thank you for Business !!! Visit us Again !!!
"
117-BIG BAZAAR PVT LTD.pdf,"BIG BAZAAR PVT LTD
18th Floor, Ahmedabad One Mall, Vastrapur,
Ahmedabad, Gujarat 380015
341KKLAE12K4A1E5
CLIENT INFO
Nitin Kumar Provision Store
117. 606, Bapunagar, Anmedabad,
380025
+91 98100 65432
Date: 31-07-2024 RECIEPT NO: 117
| HSN | DESCRIPTION UNIT PRICE TOTAL
2701 Tropicana Orange Juice = 110.00 X 220.00
5202 Usha Sewing Machine | dunit | 4 | = 2,500.00 = 10,000.00
SUB TOTAL = 10,220.00
DISCOUNT(15%) = 1,533.00
GST(18%) X 1,839.60
TOTAL = 10,526.60
"
31-BIG BAZAAR PVT LTD.pdf,"BIG BAZAAR PVT LTD
1st Floor, Ahmedabad One Mall, Vastrapur,
Ahmedabad, Gujarat 380015
341KKLAE12K4A1E5
CLIENT INFO
Nitin Provision Store
31. 101, Ellisbridge, Anmedabad,
380006
+91 89012 34567
Date: 31-07-2024 RECIEPT NO: 31
| HSN | DESCRIPTION UNIT PRICE TOTAL
4570 Whisper Sanitary Pads = 70.00 = 140.00
8926 Whisper Ultra Soft = 150.00 = 150.00
SUB TOTAL = 290.00
DISCOUNT(15%) = 43.50
GST(18%) = 52.20
TOTAL = 298.70
"
102-ITC Limited.pdf,"Reciept No: 102 Date: 31-07-2024
Company's Info: Customer's Info:
ITC Limited Gupta Brothers General Store
37 J.L.Nehru Road, 34, Chittaranjan
Kolkata 700 071 Avenue, Kolkata -
700012
29ABCDE1234F1Z5 29AABCU9603R1ZX
Payment Detail:
HSN DESCRIPTION UNIT QTY PRICE AMOUNT
6808 Classmate Notebooks 150g 4 = 50.00 = 200.00
#N/A Bingo! Chips 100 g 9 = 150.00 % 1,350.00
SUBTOTAL % 1,550.00
DISCOUNT(20%) = 449.50
GST(18%) = 279.00
TOTAL % 1,379.50
PAYMENT METHOD: [cash,card,online,check or etc]
Check/Transaction No [if applicable]
"
104-BIG BAZAAR PVT LTD.pdf,"BIG BAZAAR PVT LTD
5th Floor, Ahmedabad One Mall, Vastrapur,
Ahmedabad, Gujarat 380015
341KKLAE12K4A1E5
CLIENT INFO
Vinay Provision Store
104. 202, Paldi, Anmedabad,
380007
+91 99000 56789
Date: 31-07-2024 RECIEPT NO: 104
| HSN | DESCRIPTION UNIT PRICE TOTAL
1302 Aashirvaad lodized Salt = 20.00 = 60.00
3901 150 mi % 80.00 % 400.00
SUB TOTAL = 460.00
DISCOUNT(15%) = 69.00
GST(18%) % 82.80
TOTAL = 473.80
"
SinghReceipt_2024-07-24_18-41-28_73.pdf,"Receipt Voucher
Name: Singh Electronics
Address: 890 Gandhi Nagar, Bangalore, Karnataka, 560007
GSTIN: O9AAACNO189C1ZH
S.No: 3201
Date of Issue:26-12-2023
Details of Receiver (Billed to) Details of Receiver (Shipped to)
Name: Vmware Software India Pvt Ltd Name: Vmware Software India Pvt Ltd
Address: VMware Office, Whitefield, Bengaluru, Karnataka, 560066 Address: VMware Office, Whitefield, Bengaluru, Karnataka, 560066
State: Karnataka State: Karnataka
State code: 66 State code: 66
GSTIN/ UIN (if registered):24ZPXPG7965C1Z9 GSTIN/ UIN (if registered):24ZPXPG7965C1Z9
| SNo Description of goods/service HSN/SAC Amount of Advance CGST SGsT IGsT
Apple AirPods Pro 3004 11807.00 1062.63 1062.63 | 0% | 0.00
Total Value (in Rs.) 13932.26
Advance Amount received subject to reverse charge Yes No

Signature of Supplier
"
42-D-MART PVT LTD.pdf,"D-MART PVT LTD DATE 07-23-24
35/2867, B & B2, Bypass Road, Opp. Oberon Mall,
Edappally, Kochi, Kerala 682024 CUSTOMER NO. 1144
CLIENT
41HHLWE12K4A1Q6
SALESPERSON Anukul Roy Renuka Pillai
CREDIT CARD NO. 4539 1488 0343 6467
Green Acres, 23/12, Chalakudy, Thrissur, Kerala 680307
abe DESCRIPTION OTE QTY UNIT PRICE TOTAL
3460 Lays Chips 100g 100g z 20.00 z 40.00
7906 Revital H 30 Capsules 30Capsue z 250.00 2 500.00
Remarks / Instructions: SUBTOTAL % 540.00
DISCOUNT (10%) = 54.00
GST (18%) = 87.48
Please make check payable to Your Company Name. TOTAL 8506.52
THANK YOU
casH [_ | CREDITCARD [_] MONEYORDER [_]
For questions concerning this receipt please contact Name, (321) 456-7890, Email Address
eae SALES RECEIPT
Renuka Pillai
DATE 07-23-24
Green Acres, 23/12, Chalakudy, Thrissur, Kerala 680307
+91 76543 21098 AMOUNT PAID = 506.52
D-MART PVT LTD 35/2867, B & B2, Bypass Road, Opp. Oberon Mall, 41HHLWE12K4A1Q6
Edappally, Kochi, Kerala 682024
"
49-BIG BAZAAR PVT LTD.pdf,"BIG BAZAAR PVT LTD
1st Floor, Ahmedabad One Mall, Vastrapur,
Ahmedabad, Gujarat 380015
341KKLAE12K4A1E5
CLIENT INFO
Alok Provision Store
49. 101, Kalupur, Anmedabad,
380001
+91 87654 54321
Date: 31-07-2024 RECIEPT NO: 49
| HSN | DESCRIPTION UNIT PRICE TOTAL
4572 Dabur Chyawanprash 250g = 250.00 = 1,000.00
8928 L’Oréal Total Repair 5 200g | 4 | = 150.00 = 600.00
SUB TOTAL = 1,600.00
DISCOUNT(15%) = 240.00
GST(18%) = 288.00
TOTAL = 1,648.00
"
98-ITC Limited.pdf,"Reciept No: 98 Date: 31-07-2024
Company's Info: Customer's Info:
ITC Limited Mukhopadhyay Provision Store
37 J.L.Nehru Road, 678, Acharya
Kolkata 700 071 Jagadish Chandra
Bose Road, Kolkata -
29ABCDE1234F1Z5 29TTAPL8901U8ZK
Payment Detail:
HSN DESCRIPTION UNIT QTY PRICE AMOUNT
3531 ITC Fiama Hand Wash 200 g 7 = 120.00 = 840.00
2242 Engage Pocket Perfumes 200 ml 5 = 530.00 = 2,650.00
SUBTOTAL % 3,490.00
DISCOUNT(20%) = 1,012.10
GST(18%) % 628.20
TOTAL % 3,106.10
PAYMENT METHOD: [cash,card,online,check or etc]
Check/Transaction No [if applicable]
"
109-BIG BAZAAR PVT LTD.pdf,"BIG BAZAAR PVT LTD
10th Floor, Ahmedabad One Mall, Vastrapur,
Ahmedabad, Gujarat 380015
341KKLAE12K4A1E5
CLIENT INFO
Geetanjali Provision Store
109. 707, Satellite, Anmedabad,
380015
+91 99555 66777
Date: 31-07-2024 RECIEPT NO: 109
| HSN | DESCRIPTION UNIT PRICE TOTAL
1902 Barilla Spaghetti Pasta 500g = 160.00 = 320.00
4401 Tork Paper Towels | droll | 4 | = 80.00 = 320.00
SUB TOTAL = 640.00
DISCOUNT(15%) = 96.00
GST(18%) = 115.20
TOTAL = 659.20
"
72-ITC Limited.pdf,"Reciept No: 72 Date: 31-07-2024
Company's Info: Customer's Info:
ITC Limited Nath Provision Store
37 J.L.Nehru Road,
Kolkata 700 071 415, Cossipore Road,
Kolkata - 700002
29ABCDE1234F1Z5 78TTAPL2345U9ZK
Payment Detail:
HSN DESCRIPTION UNIT QTY PRICE AMOUNT
3196 ITC Classmate Colour Crew 200 ml 10 % 60.00 % 600.00
1906 za Di Wills Inizio Femme Eau De Pi 200g 5 = 200.00 % 1,000.00
SUBTOTAL % 1,600.00
DISCOUNT(20%) X 464.00
GST(18%) X 288.00
TOTAL = 1,424.00
PAYMENT METHOD: [cash,card,online,check or etc]
Check/Transaction No [if applicable]
"
77-BIG BAZAAR PVT LTD.pdf,"BIG BAZAAR PVT LTD
1st Floor, Ahmedabad One Mall, Vastrapur,
Ahmedabad, Gujarat 380015
341KKLAE12K4A1E5
CLIENT INFO
Kanta Provision Store
77. 202, Ranip, Ahmedabad,
382480
+91 76543 21098
Date: 31-07-2024 RECIEPT NO: 77
| HSN | DESCRIPTION UNIT PRICE TOTAL
8920 Gillette Razor = 300.00 = 900.00
3475 Amul Kool Milk Shake = 200.00 = 600.00
SUB TOTAL % 1,500.00
DISCOUNT(15%) = 225.00
GST(18%) = 270.00
TOTAL = 1,545.00
"
123-ITC Limited.pdf,"Reciept No: 123 Date: 31-07-2024
Company's Info: Customer's Info:
ITC Limited Roy Chowdhury General Store
37 J.L.Nehru Road,
Kolkata 700 071 19, Rajarhat Road,
Kolkata - 700135
29ABCDE1234F1Z5 12AAACS1234R1ZP
Payment Detail:
HSN DESCRIPTION UNIT QTY PRICE AMOUNT
7907 Yippee! Magic Masala Noodles 400g 4 = 20.00 = 80.00
#N/A Xtra Fresh Bread 100 g 7 = 50.00 = 350.00
SUBTOTAL = 430.00
DISCOUNT(20%) = 124.70
GST(18%) = 77.40
TOTAL = 382.70
PAYMENT METHOD: [cash,card,online,check or etc]
Check/Transaction No [if applicable]
"
SinghReceipt_2024-07-24_18-41-00_45.pdf,"Receipt Voucher
Name: Singh Electronics
Address: 890 Gandhi Nagar, Bangalore, Karnataka, 560007
GSTIN: O9AAACNO189C1ZH
S.No: 2360
Date of Issue:10-08-2023
Details of Receiver (Billed to) Details of Receiver (Shipped to)
Name: Tata Consultancy Services Name: Tata Consultancy Services
Address: TCS Campus, Whitefield, Bengaluru, Karnataka, 560066 Address: | TCS Campus, Whitefield, Bengaluru, Karnataka, 560066
State: Karnataka State: Karnataka
State code: 66 State code: 66
GSTIN/ UIN (if registered):24JBNAM8377M1Z7 GSTIN/ UIN (if registered):24JBNAM8377M1Z7
| SNo Description of goods/service HSN/SAC Amount of Advance CGST SGsT IGsT
LG WM3488HW Washer/Dryer 2274 14140.00 1272.6 1272.6 | 0% | 0.00 |
Total Value (in Rs.) 16685.20
Advance Amount received subject to reverse charge Yes No

Signature of Supplier
"
68-BIG BAZAAR PVT LTD.pdf,"BIG BAZAAR PVT LTD
1st Floor, Ahmedabad One Mall, Vastrapur,
Ahmedabad, Gujarat 380015
341KKLAE12K4A1E5
CLIENT INFO
Kanchan Provision Store
68. 202, Shrinathji Society,
Ahmedabad, 380050
+91 87654 56789
Date: 31-07-2024 RECIEPT NO: 68
| HSN | DESCRIPTION UNIT PRICE TOTAL
8919 Whisper Ultra Clean 200 g = 200.00 = 600.00
3474 Garnier Ultra Blends 200 ml = 150.00 = 750.00
SUB TOTAL 1,350.00
DISCOUNT(15%) = 202.50
GST(18%) = 243.00
TOTAL 1,390.50
"
SinghReceipt_2024-07-24_18-41-01_46.pdf,"Receipt Voucher
Name: Singh Electronics
Address: 890 Gandhi Nagar, Bangalore, Karnataka, 560007
GSTIN: O9AAACNO189C1ZH
S.No: 3271
Date of Issue:30-09-2023
Details of Receiver (Billed to) Details of Receiver (Shipped to)
Name: Volvo Group India Pvt Ltd Name: Volvo Group India Pvt Ltd
Address: Volvo Office, Yeshwanthpur, Bengaluru, Karnataka, 560022 Address: Volvo Office, Yeshwanthpur, Bengaluru, Karnataka, 560022
State: Karnataka State: Karnataka
State code: 22 State code: 22
GSTIN/ UIN (if registered):24XVVKS4419T1Z0 GSTIN/ UIN (if registered):24XVVKS4419T1Z0O
| SNo Description of goods/service HSN/SAC Amount of Advance CGST SGsT IGsT
Canon CanoScan LiDE400 Scanner 2832 14230.00 1280.7 1280.7 | 0% | 0.00 |
Total Value (in Rs.) 16791.40
Advance Amount received subject to reverse charge Yes No

Signature of Supplier
"
108-CROMA PVT LTD.pdf,"Receipt No.: 108
Payment date: 12-08-2024
Payment Type: UPI
From: CB To:
CROMA PVT LTD Digital Planet
Address: Ground Floor, Skyzone, High Street Address:
Phoenix, Senapati Bapat Marg, Lower 11/2, Hillside Villa, Powai, Mumbai 400076
Parel, Mumbai, Maharashtra 400013 +91 21098 76543

Phone No: _[87BBAQE12K4P106 a
DESCRIPTION UNIT PRICE Amount (in Rs)
8409 HP Spectre x360 10 4 = 1,09,999.00 = 4,39,996.00
3257 HP Pavilion 15 10 2 = 65,999.00 = 1,31,998.00
Sub-Total % 5,71,994.00
Amount in Words: Discount(30%) = 1,71,598.20

GST(18%) % 1,02,958.92

Total Amount: X 5,03,354.72
eee
Terms & Condition:
Seal & Signature
Thank you for Business !!! Visit us Again !!!
"
109-CROMA PVT LTD.pdf,"Receipt No.: 109
Payment date: 12-08-2024
Payment Type: UPI
From: CB To:
Name: [CROMA PVT LTD
Address: Ground Floor, Skyzone, High Street Address:
Phoenix, Senapati Bapat Marg, Lower 34, Vashi Complex, Vashi, Navi Mumbai 400703
Parel, Mumbai, Maharashtra 400013 +91 10987 65432

Phone No: _[87BBAQE12K4P106 a
DESCRIPTION UNIT PRICE Amount (in Rs)
9501 Lenovo Yoga 9i 10 4 ® 1,19,999.00 ® 4,79,996.00
4368 Lenovo ThinkPad L14 10 2 % 55,999.00 % 1,11,998.00
Sub-Total ¥ 5,91,994.00
Amount in Words: Discount(30%) = 1,77,598.20

GST(18%) = 1,06,558.92

Total Amount: X 5,20,954.72
eee
Terms & Condition:
Seal & Signature
Thank you for Business !!! Visit us Again !!!
"
112-BIG BAZAAR PVT LTD.pdf,"BIG BAZAAR PVT LTD
13th Floor, Anmedabad One Mall, Vastrapur,
Ahmedabad, Gujarat 380015
341KKLAE12K4A1E5
CLIENT INFO
Naresh Provision Store
112. 101, Thaltej, Anmedabad,
380059
+91 99870 98765
Date: 31-07-2024 RECIEPT NO: 112
| HSN | DESCRIPTION UNIT PRICE TOTAL
2203 Kellogg's Corn Flakes 500g = 150.00 = 750.00
4707 Himalaya Liv.52 Tablets 100tablety 1 | = 150.00 = 150.00
SUB TOTAL = 900.00
DISCOUNT(15%) = 135.00
GST(18%) = 162.00
TOTAL = 927.00
"
27-CROMA PVT LTD.pdf,"Receipt No.: 27
Payment date: 12-08-2024
Payment Type: UPI
From: —C—C—CSCSCdiéGL TZ
CROMA PVT LTD Gadget Junction
Address: Ground Floor, Skyzone, High Street Address:
Phoenix, Senapati Bapat Marg, Lower 42, Cascade Heights, Andheri East, Mumbai 400093
Parel, Mumbai, Maharashtra 400013 +91 90123 45678

Phone No: _[87BBAQE12K4P106 a
DESCRIPTION UNIT PRICE Amount (in Rs)
9608 Bose SoundLink Revolve 10 5 % 18,999.00 = 94,995.00
5702 Bose SoundLink Flex 10 2 = 19,499.00 = 38,998.00
Sub-Total ¥ 1,33,993.00
Amount in Words: Discount(30%) = 40,197.90

GST(18%) 24,118.74

Total Amount: X 1,17,913.84
eee
Terms & Condition:
Seal & Signature
Thank you for Business !!! Visit us Again !!!
"
70-ITC Limited.pdf,"Reciept No: 70 Date: 31-07-2024
Company's Info: Customer's Info:
ITC Limited Biswas General Store
37 J.L.Nehru Road,
Kolkata 700 071 396, Elgin Road,
Kolkata - 700020
29ABCDE1234F1Z5 76RRAPLO123S7Zl
Payment Detail:
HSN DESCRIPTION UNIT QTY PRICE AMOUNT
3170 ITC Fabelle Elements 200 ml 8 % 150.00 % 1,200.00
1881 sunfeast Mom's Magic Choco Chip 200 ml 8 = 130.00 = 1,040.00
SUBTOTAL = 2,240.00
DISCOUNT(20%) = 649.60
GST(18%) % 403.20
TOTAL % 1,993.60
PAYMENT METHOD: [cash,card,online,check or etc]
Check/Transaction No [if applicable]
"
68-ITC Limited.pdf,"Reciept No: 68 Date: 31-07-2024
Company's Info: Customer's Info:
ITC Limited Mukherjee Provision Store
37 J.L.Nehru Road,
Kolkata 700 071 377, Salt Lake City,
Kolkata - 700064
29ABCDE1234F1Z5 74PPAPL8901Q5ZG
Payment Detail:
HSN DESCRIPTION UNIT QTY PRICE AMOUNT
3144 [C Engage L’amante Eau De Toilett 200 ml 6 = 50.00 = 300.00
1855 ‘ivel Cell Renew Fortify Body Lotio 200g 9 = 100.00 = 900.00
SUBTOTAL % 1,200.00
DISCOUNT(20%) = 348.00
GST(18%) = 216.00
TOTAL = 1,068.00
PAYMENT METHOD: [cash,card,online,check or etc]
Check/Transaction No [if applicable]
"
84-ITC Limited.pdf,"Reciept No: 84 Date: 31-07-2024
Company's Info: Customer's Info:
ITC Limited Saha & Chakraborty Provision Store
37 J.L.Nehru Road, 532, Diamond
Kolkata 700 071 Harbour Road,
Kolkata - 700023
29ABCDE1234F1Z5 9OFFAPL4567G3ZW
Payment Detail:
HSN DESCRIPTION UNIT QTY PRICE AMOUNT
3350 ITC Fiama Gel Bars 200 ml 10 % 80.00 % 800.00
2061 Bingo! Yumitos Cheesy Mexicana 200 ml 10 = 320.00 2 3,200.00
SUBTOTAL = 4,000.00
DISCOUNT(20%) % 1,160.00
GST(18%) = 720.00
TOTAL % 3,560.00
PAYMENT METHOD: [cash,card,online,check or etc]
Check/Transaction No [if applicable]
"
SinghReceipt_2024-07-24_18-41-12_57.pdf,"Receipt Voucher
Name: Singh Electronics
Address: 890 Gandhi Nagar, Bangalore, Karnataka, 560007
GSTIN: O9AAACNO189C1ZH
S.No: 3402
Date of Issue:10-11-2023
Details of Receiver (Billed to) Details of Receiver (Shipped to)
Name: InMobi Technologies Name: InMobi Technologies
Address: InMobi Office, Koramangala, Bengaluru, Karnataka, 560034 Address: — InMobi Office, Koramangala, Bengaluru, Karnataka, 560034
State: Karnataka State: Karnataka
State code: 34 State code: 34
GSTIN/ UIN (if registered):24VMTUS5890P1Z4 GSTIN/ UIN (if registered):24VMTUS5890P1Z4
| SNo Description of goods/service HSN/SAC Amount of Advance CGST SGsT IGsT
Nikon D850 DSLR Camera 2140 24270.00 2184.3 2184.3 | 0% | 000 |
Total Value (in Rs.) 28638.60
Advance Amount received subject to reverse charge Yes No

Signature of Supplier
"
55-BIG BAZAAR PVT LTD.pdf,"BIG BAZAAR PVT LTD
1st Floor, Ahmedabad One Mall, Vastrapur,
Ahmedabad, Gujarat 380015
341KKLAE12K4A1E5
CLIENT INFO
Savita Provision Store
55. 707, Danilimda, Anmedabad,
380028
+91 89012 34567
Date: 31-07-2024 RECIEPT NO: 55
| HSN | DESCRIPTION UNIT PRICE TOTAL
1240 Johnson’s Baby Oil 200 ml = 200.00 = 200.00
5695 Huggies Ultra Soft 500g = 100.00 = 200.00
SUB TOTAL = 400.00
DISCOUNT(15%) = 60.00
GST(18%) = 72.00
TOTAL = 412.00
"
95-ITC Limited.pdf,"Reciept No: 95 Date: 31-07-2024
Company's Info: Customer's Info:
ITC Limited Das & Sen Grocery Mart
37 J.L.Nehru Road,
Kolkata 700 071 647, Rajarhat Road,
Kolkata - 700135
29ABCDE1234F1Z5 26QQAPL5678R5ZH
Payment Detail:
HSN DESCRIPTION UNIT QTY PRICE AMOUNT
3492 ITC Master Chef Tomato Ketchup 500g 7 = 90.00 = 630.00
2203 ‘CDermafique Soleil Defense Crea 200 ml 3 = 490.00 = 1,470.00
SUBTOTAL % 2,100.00
DISCOUNT(20%) = 609.00
GST(18%) = 378.00
TOTAL = 1,869.00
PAYMENT METHOD: [cash,card,online,check or etc]
Check/Transaction No [if applicable]
"
20-D-MART PVT LTD.pdf,"D-MART PVT LTD NI 07-23-24
35/2867, B & B2, Bypass Road, Opp. Oberon Mall,
Edappally, Kochi, Kerala 682024 CUSTOMER NO. 1144
CLIENT
41HHLWE12K4A1Q6
a es 4539 1488 0343 6467 Coconut Grove, 12/45, Chathamangalam, Kozhikode, Kerala
aby DESCRIPTION OTE QTY UNIT PRICE TOTAL
5680 Horlicks 500g 500g z 300.00 = 900.00
9136 5 Star 5 Pack Z 50.00 Z 150.00
Remarks / Instructions: SUBTOTAL = 1,050.00
DISCOUNT (10%) = 105.00
GST (18%) = 170.10
Please make check payable to Your Company Name. TOTAL = 984.90
THANK YOU
casH [_ | CREDITCARD [_] MONEYORDER [_]
For questions concerning this receipt please contact Name, (321) 456-7890, Email Address
deal SALES RECEIPT
Gopika Nair
Coconut Grove, 12/45, Chathamangalam, Kozhikode, Kerala NS 07-23-24
+91 87654 56789 AMOUNT PAID = 984.90
D-MART PVT LTD 35/2867, B & B2, Bypass Road, Opp. Oberon Mall, 41HHLWE12K4A1Q6
Edappally, Kochi, Kerala 682024
"
30-BIG BAZAAR PVT LTD.pdf,"BIG BAZAAR PVT LTD
1st Floor, Ahmedabad One Mall, Vastrapur,
Ahmedabad, Gujarat 380015
341KKLAE12K4A1E5
CLIENT INFO
Sunil Provision Store
30. 909, Kankaria, Anmedabad,
380022
+91 95432 10987
Date: 31-07-2024 RECIEPT NO: 30
| HSN | DESCRIPTION UNIT PRICE TOTAL
9126 Vim Dishwash Gel 500 ml = 500.00 = 2,500.00
4581 Brooke Bond 3 Roses 200 ml = 200.00 1,000.00
SUB TOTAL 3,500.00
DISCOUNT(15%) = 525.00
GST(18%) % 630.00
TOTAL 3,605.00
"
SinghReceipt_2024-07-24_18-40-45_30.pdf,"Receipt Voucher
Name: Singh Electronics
Address: 890 Gandhi Nagar, Bangalore, Karnataka, 560007
GSTIN: O9AAACNO189C1ZH
S.No: 1715
Date of Issue:08-01-2023
Details of Receiver (Billed to) Details of Receiver (Shipped to)
Name: Epson India Pvt Ltd Name: Epson India Pvt Ltd
Address: Epson Office, Koramangala, Bengaluru, Karnataka, 560034 Address: — Epson Office, Koramangala, Bengaluru, Karnataka, 560034
State: Karnataka State: Karnataka
State code: 34 State code: 34
GSTIN/ UIN (if registered):24TVFOW7717U1Z1 GSTIN/ UIN (if registered):24TVFOW7717U1Z1
| SNo Description of goods/service HSN/SAC Amount of Advance CGST SGsT IGsT
ASUS ROG Strix B550-F Gaming 2211 23904.00 2151.36 2151.36 | 0% | 0.00 |
Total Value (in Rs.) 28206.72
Advance Amount received subject to reverse charge Yes No

Signature of Supplier
"
49-D-MART PVT LTD.pdf,"D-MART PVT LTD DATE 07-23-24
35/2867, B & B2, Bypass Road, Opp. Oberon Mall,
Edappally, Kochi, Kerala 682024 CUSTOMER NO. 1144
CLIENT
41HHLWE12K4A1Q6
CREDIT CARD NO. 4539 1488 0343 6467
Joy Villa, 34/45, Vaikom, Kottayam, Kerala 686141
abe DESCRIPTION OTE QTY UNIT PRICE TOTAL
4572 MDH Masala 100g 100g z 50.00 z 50.00
8928 Savion Antiseptic Liquid 500m! 500mI Z 100.00 z 100.00
Remarks / Instructions: SUBTOTAL = 150.00
DISCOUNT (10%) = 15.00
GST (18%) = 24.30
Please make check payable to Your Company Name. TOTAL = 140.70
THANK YOU
casH [_ | CREDITCARD [_] MONEYORDER [_]
For questions concerning this receipt please contact Name, (321) 456-7890, Email Address
eae SALES RECEIPT
Sreejith Mathew
DATE 07-23-24
Joy Villa, 34/45, Vaikom, Kottayam, Kerala 686141
+91 87654 54321 AMOUNT PAID = 140.70
D-MART PVT LTD 35/2867, B & B2, Bypass Road, Opp. Oberon Mall, 41HHLWE12K4A1Q6
Edappally, Kochi, Kerala 682024
"
48-CROMA PVT LTD.pdf,"Receipt No.: 48
Payment date: 12-08-2024
Payment Type: UPI
From: ——SCSCSCSC*dCéBiL TZ
Name: [CROMA PVT LTD
Address: Ground Floor, Skyzone, High Street Address:
Phoenix, Senapati Bapat Marg, Lower 13, Serenity Court, Andheri East, Mumbai 400069
Parel, Mumbai, Maharashtra 400013 +91 11234 56780

Phone No: _[87BBAQE12K4P106 a
DESCRIPTION UNIT PRICE Amount (in Rs)
3219 Dell Alienware x17 10 4 = 2,09,999.00 X 8,39,996.00
1479 Asus TUF Dash F15 10 2 = 1,09,999.00 = 2,19,998.00
Sub-Total ® 10,59,994.00
Amount in Words: Discount(30%) = 3,17,998.20

GST(18%) = 1,90,798.92

Total Amount: X 9,32,794.72
eee
Terms & Condition:
Seal & Signature
Thank you for Business !!! Visit us Again !!!
"
28-ITC Limited.pdf,"Reciept No: 28 Date: 31-07-2024
Company's Info: Customer's Info:
ITC Limited Mitra Provision Shop
37 J.L.Nehru Road,
Kolkata 700 071 23, Gariahat Road,
Kolkata - 700029
29ABCDE1234F1Z5 34BBAPL8901C1ZS
Payment Detail:
HSN DESCRIPTION UNIT QTY PRICE AMOUNT
2629 ITC Vivel Skin Care Products 500 g 7 = 75.00 = 525.00
1339 = nza Di Wills Inizio Aqua Eau De Pal +2008 2 = 75.00 = 150.00
SUBTOTAL % 675.00
DISCOUNT(20%) = 195.75
GST(18%) = 121.50
TOTAL = 600.75
PAYMENT METHOD: [cash,card,online,check or etc]
Check/Transaction No [if applicable]
"
114-BIG BAZAAR PVT LTD.pdf,"BIG BAZAAR PVT LTD
15th Floor, Ahmedabad One Mall, Vastrapur,
Ahmedabad, Gujarat 380015
341KKLAE12K4A1E5
CLIENT INFO
Anita Provision Store
114. 303, Kankaria, Ahmedabad,
380022
+91 97654 32109
Date: 31-07-2024 RECIEPT NO: 114
| HSN | DESCRIPTION UNIT PRICE TOTAL
2401 MDH Garam Masala 100 g = 90.00 = 360.00
4907 Ray-Ban Sunglasses = 3,000.00 = 6,000.00
SUB TOTAL % 6,360.00
DISCOUNT(15%) = 954.00
GST(18%) = 1,144.80
TOTAL % 6,550.80
"
47-BIG BAZAAR PVT LTD.pdf,"BIG BAZAAR PVT LTD
1st Floor, Ahmedabad One Mall, Vastrapur,
Ahmedabad, Gujarat 380015
341KKLAE12K4A1E5
CLIENT INFO
Anita Provision Store
47. 808, Ranip, Anmedabad,
382480
+91 89012 34567
Date: 31-07-2024 RECIEPT NO: 47
| HSN | DESCRIPTION UNIT PRICE TOTAL
5683 Surf Excel Liquid Detergent = 1,000.00 = 5,000.00
9139 Vaseline Intensive Care = 200.00 = 600.00
SUB TOTAL = 5,600.00
DISCOUNT(15%) = 840.00
GST(18%) = 1,008.00
TOTAL = 5,768.00
"
32-D-MART PVT LTD.pdf,"D-MART PVT LTD DATE 07-23-24
35/2867, B & B2, Bypass Road, Opp. Oberon Mall,
Edappally, Kochi, Kerala 682024 CUSTOMER NO. 1144
CLIENT
41HHLWE12K4A1Q6
SALESPERSON Anukul Roy Lijo Mathew
CREDIT CARD NO. 4539 1488 0343 6467
Ruby Cottage, 23/67, Cherthala, Alappuzha, Kerala 688524
abe DESCRIPTION OTE QTY UNIT PRICE TOTAL
8915 Maybelline Mascara Z 500.00 Z 2,500.00
3470 Marigold Biscuits 500g 500g Z 100.00 Z 400.00
Remarks / Instructions: SUBTOTAL = 2,900.00
DISCOUNT (10%) = 290.00
GST (18%) = 469.80
Please make check payable to Your Company Name. TOTAL = 2,720.20
THANK YOU
casH [_ | CREDITCARD [_] MONEYORDER [_]
For questions concerning this receipt please contact Name, (321) 456-7890, Email Address
eae SALES RECEIPT
Lijo Mathew
DATE 07-23-24
Ruby Cottage, 23/67, Cherthala, Alappuzha, Kerala 688524
+91 98765 67890 AMOUNT PAID = 2,720.20
D-MART PVT LTD 35/2867, B & B2, Bypass Road, Opp. Oberon Mall, 41HHLWE12K4A1Q6
Edappally, Kochi, Kerala 682024
"
6-CROMA PVT LTD.pdf,"Receipt No.: 6
Payment date: 12-08-2024
Payment Type: UPI
From: CB To:
CROMA PVT LTD Spark Electronics
Address: Ground Floor, Skyzone, High Street Address:
Phoenix, Senapati Bapat Marg, Lower 90, Evergreen Enclave, Malad West, Mumbai 400064
Parel, Mumbai, Maharashtra 400013 +91 43210 98765
Phone No: _[87BBAQE12K4P106 a
DESCRIPTION UNIT PRICE Amount (in Rs)
6207 Apple MacBook Pro 16-inch 10 1 = 2,49,999.00 = 2,49,999.00
9035 Apple MacBook Air M1 10 5 = 1,09,999.00 = 5,49,995.00
Sub-Total = 7,99,994.00
Amount in Words: Discount(30%) = 2,39,998.20
GST(18%) = 1,43,998.92
Total Amount: X 7,03,994.72
re ee
Terms & Condition:
Seal & Signature
Thank you for Business !!! Visit us Again !!!
"
SinghReceipt_2024-07-24_18-41-17_62.pdf,"Receipt Voucher
Name: Singh Electronics
Address: 890 Gandhi Nagar, Bangalore, Karnataka, 560007
GSTIN: O9AAACNO189C1ZH
S.No: 1504
Date of Issue:31-07-2023
Details of Receiver (Billed to) Details of Receiver (Shipped to)
Name: Mindtree Ltd Name: Mindtree Ltd
Address: Mindtree Kalinga, 560087, Bengaluru, Karnataka Address: Mindtree Kalinga, 560087, Bengaluru, Karnataka
State: Karnataka State: Karnataka
State code: ka State code: ka
GSTIN/ UIN (if registered):24DWYFG5572U1Z1 GSTIN/ UIN (if registered):24DWYFG5572U1Z1
| SNo Description of goods/service HSN/SAC Amount of Advance CGST SGsT IGsT
Dyson Supersonic Hair Dryer 2578 11331.00 1019.79 1019.79 | 0% | 000 |
Total Value (in Rs.) 13370.58
Advance Amount received subject to reverse charge Yes No

Signature of Supplier
"
SinghReceipt_2024-07-24_18-41-05_50.pdf,"Receipt Voucher
Name: Singh Electronics
Address: 890 Gandhi Nagar, Bangalore, Karnataka, 560007
GSTIN: O9AAACNO189C1ZH
S.No: 2268
Date of Issue:14-02-2023
Details of Receiver (Billed to) Details of Receiver (Shipped to)
Name: Samsung Electronics India Name: Samsung Electronics India
Address: Samsung Campus, Whitefield, Bengaluru, Karnataka, 560066 Address: Samsung Campus, Whitefield, Bengaluru, Karnataka, 560066
State: Karnataka State: Karnataka
State code: 66 State code: 66
GSTIN/ UIN (if registered):24BJHFB5444S1Z5 GSTIN/ UIN (if registered):24BJHFB5444S1Z5
| SNo Description of goods/service HSN/SAC Amount of Advance CGST SGsT IGsT
Canon PowerShot G7 X Mark III 2760 13276.00 1194.84 1194.84 | 0% | 000 |
Total Value (in Rs.) 15665.68
Advance Amount received subject to reverse charge Yes No

Signature of Supplier
"
86-ITC Limited.pdf,"Reciept No: 86 Date: 31-07-2024
Company's Info: Customer's Info:
ITC Limited Roy Brothers General Store
37 J.L.Nehru Road,
Kolkata 700 071 558, Salt Lake City,
Kolkata - 700064
29ABCDE1234F1Z5 92HHAPL6789I5ZY
Payment Detail:
HSN DESCRIPTION UNIT QTY PRICE AMOUNT
3376 ITC Engage Drizzle Deodorants 1kg 9 = 65.00 = 585.00
2087 \ashirvaad Multigrain Pancake Mi: 200g 10 = 380.00 2 3,800.00
SUBTOTAL % 4,385.00
DISCOUNT(20%) % 1,271.65
GST(18%) = 789.30
TOTAL % 3,902.65
PAYMENT METHOD: [cash,card,online,check or etc]
Check/Transaction No [if applicable]
"
65-CROMA PVT LTD.pdf,"Receipt No.: 65
Payment date: 12-08-2024
Payment Type: UPI
From: CB To:
CROMA PVT LTD ElectroHub Plus
Address: Ground Floor, Skyzone, High Street Address:
Phoenix, Senapati Bapat Marg, Lower 45, Crystal Garden, Powai, Mumbai 400076
Parel, Mumbai, Maharashtra 400013 +91 90123 45690

Phone No: _[87BBAQE12K4P106 a
DESCRIPTION UNIT PRICE Amount (in Rs)
2367 LG OLED TV C2 10 5 = 1,40,000.00 = 7,00,000.00
2148 Samsung QN9S0A 10 5 ® 1,29,999.00 % 6,49,995.00
Sub-Total ® 13,49,995.00
Amount in Words: Discount(30%) = 404,998.50

GST(18%) % 2,42,999.10

Total Amount: = 11,87,995.60
eee
Terms & Condition:
Seal & Signature
Thank you for Business !!! Visit us Again !!!
"
68-CROMA PVT LTD.pdf,"Receipt No.: 68
Payment date: 12-08-2024
Payment Type: UPI
From: CB To:
Name: [ROMA PVTLTD
Address: Ground Floor, Skyzone, High Street Address: 38, Oceanview Estates, Navi Mumbai, Maharashtra
Phoenix, Senapati Bapat Marg, Lower 400705
Parel, Mumbai, Maharashtra 400013 +91 21234 56781
Phone No; |87BBAQE12K4P106 a
DESCRIPTION UNIT PRICE Amount (in Rs)
5690 Philips Ambilight TV 10 1 = 1,29,999.00 = 1,29,999.00
5481 Bose Soundbar 500 10 2 % 1,29,999.00 X 2,59,998.00
Sub-Total ¥ 3,89,997.00
Amount in Words: Discount(30%) = 1,16,999.10
GST(18%) = 70,199.46
Total Amount: X 3,43,197.36
eee
Terms & Condition:
Seal & Signature
Thank you for Business !!! Visit us Again !!!
"
111-CROMA PVT LTD.pdf,"Receipt No.: 111
Payment date: 12-08-2024
Payment Type: UPI
From: CB To:
Name: [CROMA PVT LTD Name: [Chip City
Address: Ground Floor, Skyzone, High Street Address:
Phoenix, Senapati Bapat Marg, Lower 89, Sapphire Towers, Colaba, Mumbai 400005
Parel, Mumbai, Maharashtra 400013 +91 29876 54321

Phone No: _[87BBAQE12K4P106 a
DESCRIPTION UNIT PRICE Amount (in Rs)
2210 Samsung Galaxy Tab S8 10 2 2 69,999.00 = 1,39,998.00
6590 Samsung Galaxy Tab S7 FE 10 1 % 62,999.00 ® 62,999.00
Sub-Total ¥ 2,02,997.00
Amount in Words: Discount(30%) = 60,899.10

GST(18%) = 36,539.46

Total Amount: = 1,78,637.36
eee
Terms & Condition:
Seal & Signature
Thank you for Business !!! Visit us Again !!!
"
99-BIG BAZAAR PVT LTD.pdf,"BIG BAZAAR PVT LTD
1st Floor, Ahmedabad One Mall, Vastrapur,
Ahmedabad, Gujarat 380015
341KKLAE12K4A1E5
CLIENT INFO
Sakshi Provision Store
99. 606, Vasna, Anmedabad,
380007
+91 94567 89012
Date: 31-07-2024 RECIEPT NO: 99
| HSN | DESCRIPTION UNIT PRICE TOTAL
6799 Patanjali Kesh Kanti 250 ml = 250.00 = 750.00
1256 Patanjali Honey 500g = 250.00 = 500.00
SUB TOTAL 1,250.00
DISCOUNT(15%) = 187.50
GST(18%) = 225.00
TOTAL % 1,287.50
"
21-CROMA PVT LTD.pdf,"Receipt No.: 21
Payment date: 12-08-2024
Payment Type: UPI
From: —C—C—CSCSCdiéGL TZ
Name: [CROMA PVT LTD
Address: Ground Floor, Skyzone, High Street Address:
Phoenix, Senapati Bapat Marg, Lower 44, Alpine Villa, Pali Hill, Mumbai 400050
Parel, Mumbai, Maharashtra 400013 +91 34567 89012

Phone No: _[87BBAQE12K4P106 a
DESCRIPTION UNIT PRICE Amount (in Rs)
3042 JBL Tune 750BTNC 10 3 = 19,999.00 = 59,997.00
8035 JBL Live 660NC 10 4 = 18,999.00 = 75,996.00
Sub-Total ¥ 1,35,993.00
Amount in Words: Discount(30%) = 40,797.90

GST(18%) X 24,478.74

Total Amount: X 1,19,673.84
eee
Terms & Condition:
Seal & Signature
Thank you for Business !!! Visit us Again !!!
"
SinghReceipt_2024-07-24_18-40-39_24.pdf,"Receipt Voucher
Name: Singh Electronics
Address: 890 Gandhi Nagar, Bangalore, Karnataka, 560007
GSTIN: O9AAACNO189C1ZH
S.No: 2628
Date of Issue:31-12-2023
Details of Receiver (Billed to) Details of Receiver (Shipped to)
Name: Infosys Technologies Name: Infosys Technologies
Address: Infosys Towers, Electronics City, Bengaluru, Karnataka, 560100 Address: _ Infosys Towers, Electronics City, Bengaluru, Karnataka, 560100
State: Karnataka State: Karnataka
State code: OO State code: 00
GSTIN/ UIN (if registered):24YUXDV7056L1Z2 GSTIN/ UIN (if registered):24YUXDV7056L1Z2
| SNo Description of goods/service HSN/SAC Amount of Advance CGST SGsT IGsT
Epson Home Cinema 5050UB 2152 20179.00 1816.11 1816.11 | 0% | 000 |
Total Value (in Rs.) 23811.22
Advance Amount received subject to reverse charge Yes No

Signature of Supplier
"
SinghReceipt_2024-07-24_18-40-38_23.pdf,"Receipt Voucher
Name: Singh Electronics
Address: 890 Gandhi Nagar, Bangalore, Karnataka, 560007
GSTIN: O9AAACNO189C1ZH
S.No: 8787
Date of Issue:12-03-2023
Details of Receiver (Billed to) Details of Receiver (Shipped to)
Name: Adobe India Name: Adobe India
Address: Adobe Office, Manyata Tech Park, Bengaluru, Karnataka, 560045 Address: Adobe Office, Manyata Tech Park, Bengaluru, Karnataka, 560045
State: Karnataka State: Karnataka
State code: 45 State code: 45
GSTIN/ UIN (if registered):24IBCHP2109Q1Z2 GSTIN/ UIN (if registered):24IBCHP2109Q1Z2
CGST SGST IGST
No peseription of goods/service | PSNISAC [_AmountofAdvance [Rate | Amount | Rate | Amount | Rate | Amount
LG LP1419IVSM Portable Air 2811 23539.00 2118.51 2118.51 | 0% | 0.00 |
Total Value (in Rs.) 27776.02
Advance Amount received subject to reverse charge Yes No
Signature of Supplier
"
115-BIG BAZAAR PVT LTD.pdf,"BIG BAZAAR PVT LTD
16th Floor, Ahmedabad One Mall, Vastrapur,
Ahmedabad, Gujarat 380015
341KKLAE12K4A1E5
CLIENT INFO
Bharti Provision Store
115. 404, Sola, Anmedabad,
380060
+91 98980 98765
Date: 31-07-2024 RECIEPT NO: 115
| HSN | DESCRIPTION UNIT PRICE TOTAL
2501 | Mother's Recipe Mango Pickle }| 300g = 150.00 = 750.00
5003 % 2,500.00 % 5,000.00
SUB TOTAL = 5,750.00
DISCOUNT(15%) % 862.50
GST(18%) 1,035.00
TOTAL % 5,922.50
"
74-CROMA PVT LTD.pdf,"Receipt No.: 74
Payment date: 12-08-2024
Payment Type: UPI
From: CB To:
Name: [CROMA PVT LTD Name: [Bytelink
Address: Ground Floor, Skyzone, High Street Address: 29, Crestwood Heights, Vile Parle West, Mumbai
Phoenix, Senapati Bapat Marg, Lower 400056
Parel, Mumbai, Maharashtra 400013 +91 81234 56781
Phone No: _[87BBAQE12K4P106 a
DESCRIPTION UNIT PRICE Amount (in Rs)
3256 JBL Bar 9.1 10 3 = 47,999.00 = 1,43,997.00
2481 Beats Fit Pro 10 3 = 49,999.00 ® 1,49,997.00
Sub-Total ¥ 2,93,994.00
Amount in Words: Discount(30%) = 88,198.20
GST(18%) X 52,918.92
Total Amount: X 2,58,714.72
eee
Terms & Condition:
Seal & Signature
Thank you for Business !!! Visit us Again !!!
"
1-BIG BAZAAR PVT LTD.pdf,"BIG BAZAAR PVT LTD
1st Floor, Ahmedabad One Mall, Vastrapur,
Ahmedabad, Gujarat 380015
341KKLAE12K4A1E5
CLIENT INFO
Shree Provision Store
1. 1st Floor, 123, Ashram Road,
Ahmedabad, 380009
+91 98765 43210
Date: 31-07-2024 RECIEPT NO: 1
| HSN | DESCRIPTION UNIT PRICE TOTAL
1234 Aashirvaad Atta = 250.00 1,250.00
5689 150 6 = 150,00 = 450.00
SUB TOTAL X 1,700.00
DISCOUNT(15%) = 255.00
GST(18%) % 306.00
TOTAL X 1,751.00
"
17-D-MART PVT LTD.pdf,"D-MART PVT LTD NI 07-23-24
35/2867, B & B2, Bypass Road, Opp. Oberon Mall,
Edappally, Kochi, Kerala 682024 CUSTOMER NO. 1144
CLIENT
41HHLWE12K4A1Q6
SALESPERSON Anukul Roy Ebin Mathew
ee 2 Cela b te. 4539 1488 0343 6467 Seaside Villa, 23/12, Kovalam, Thiruvananthapuram, Kerala
aby DESCRIPTION UNIT (elm 4 UNIT PRICE TOTAL
2346 KitKat 5 Pack Z 120.00 Z 120.00
6801 Nestlé Munch 10 Pack 10 Pack z 40.00 z 40.00
Remarks / Instructions: SUBTOTAL = 160.00
DISCOUNT (10%) = 16.00
GST (18%) = 25.92
Please make check payable to Your Company Name. TOTAL = 150.08
THANK YOU
casH [_ | CREDITCARD [_] MONEYORDER [_]
For questions concerning this receipt please contact Name, (321) 456-7890, Email Address
deal SALES RECEIPT
Ebin Mathew
Seaside Villa, 23/12, Kovalam, Thiruvananthapuram, Kerala AS 07-23-24
+91 87654 54321 AMOUNT PAID = 150.08
D-MART PVT LTD 35/2867, B & B2, Bypass Road, Opp. Oberon Mall, 41HHLWE12K4A1Q6
Edappally, Kochi, Kerala 682024
"
101-CROMA PVT LTD.pdf,"Receipt No.: 101
Payment date: 12-08-2024
Payment Type: UPI
From: —CSCd(éBid' To:
CROMA PVT LTD Name: __|TechHub Electronics
Address: Ground Floor, Skyzone, High Street Address: 12/3, Shree Apartment, 1st Floor, Near Tulsipipe,
Phoenix, Senapati Bapat Marg, Lower Andheri West, Mumbai 400058
Parel, Mumbai, Maharashtra 400013 +91 98765 43210
Phone No: _[87BBAQE12K4P106 a
DESCRIPTION UNIT PRICE Amount (in Rs)
1001 Apple iPhone 14 Pro 10 2 = 1,29,999.00 = 2,59,998.00
4580 Apple iPhone 14 10 1 = 1,19,999.00 = 1,19,999.00
Sub-Total  3,79,997.00
Amount in Words: Discount(30%) = 1,13,999.10
GST(18%) = 68,399.46
Total Amount: X 3,34,397.36
re ee
Terms & Condition:
Seal & Signature
Thank you for Business !!! Visit us Again !!!
"
80-CROMA PVT LTD.pdf,"Receipt No.: 80
Payment date: 12-08-2024
Payment Type: UPI
From: ——SCSCSCSC*dCéBiL TZ
Name: [CROMA PVT LTD
Address: Ground Floor, Skyzone, High Street Address:
Phoenix, Senapati Bapat Marg, Lower 11, Crest Heights, Andheri West, Mumbai 400058
Parel, Mumbai, Maharashtra 400013 +91 56789 01267

Phone No: _[87BBAQE12K4P106 a
DESCRIPTION UNIT PRICE Amount (in Rs)
9812 Garmin Venu 2 10 1 = 34,999.00 = 34,999.00
9148 Huawei Watch GT Runner 10 1 X 22,999.00 ® 22,999.00
Sub-Total % 57,998.00
Amount in Words: Discount(30%) = 17,399.40

GST(18%) ® 10,439.64

Total Amount: X 51,038.24
eee
Terms & Condition:
Seal & Signature
Thank you for Business !!! Visit us Again !!!
"
51-CROMA PVT LTD.pdf,"Receipt No.: 51
Payment date: 12-08-2024
Payment Type: UPI
From: —CSCd(éBid' To:
Name: [ROMA PVTLTD Name: [GadgetWay
Address: Ground Floor, Skyzone, High Street Address: 41, Summit Residences, Bandra East, Mumbai
Phoenix, Senapati Bapat Marg, Lower 400051
Parel, Mumbai, Maharashtra 400013 +91 41234 56780
Phone No: |87BBAQE12K4P106 PTT
DESCRIPTION UNIT PRICE Amount (in Rs)
6542 Google Pixel 7 Pro 10 1 = 72,999.00 = 72,999.00
4702 Motorola Moto G62 10 5 = 19,999.00 99,995.00
Sub-Total ¥ 1,72,994.00
Amount in Words: Discount(30%) = 51,898.20
GST(18%) X 31,138.92
Total Amount: X 1,52,234.72
re ee
Terms & Condition:
Seal & Signature
Thank you for Business !!! Visit us Again !!!
"
120-CROMA PVT LTD.pdf,"Receipt No.: 120
Payment date: 12-08-2024
Payment Type: UPI
From: —CSCd(éBid' To:
Name: [CROMA PVT LTD
Address: Ground Floor, Skyzone, High Street Address:
Phoenix, Senapati Bapat Marg, Lower 71, Meadow View, MIRA Road, Mumbai 401107
Parel, Mumbai, Maharashtra 400013 +91 23456 78901

Phone No: _[87BBAQE12K4P106 a
DESCRIPTION UNIT PRICE Amount (in Rs)
2931 Sony WH-1000XM4 10 1 = 29,999.00 = 29,999.00
6924 Sony WH-1000XM5 10 1 = 34,999.00 = 34,999.00
Sub-Total ¥ 64,998.00
Amount in Words: Discount(30%) = 19,499.40

GST(18%) = 11,699.64

Total Amount: X 57,198.24
re ee
Terms & Condition:
Seal & Signature
Thank you for Business !!! Visit us Again !!!
"
SinghReceipt_2024-07-24_18-41-19_64.pdf,"Receipt Voucher
Name: Singh Electronics
Address: 890 Gandhi Nagar, Bangalore, Karnataka, 560007
GSTIN: O9AAACNO189C1ZH
S.No: 8202
Date of Issue:18-04-2023
Details of Receiver (Billed to) Details of Receiver (Shipped to)
Name: Goldman Sachs Services Pvt Ltd Name: Goldman Sachs Services Pvt Ltd
Address: Goldman Sachs Office, Outer Ring Road, Bengaluru, Karnataka, Address: | Goldman Sachs Office, Outer Ring Road, Bengaluru, Karnataka,
State: Karnataka State: Karnataka
State code: 03 State code: 03
GSTIN/ UIN (if registered):24CRKKV3925J1Z6 GSTIN/ UIN (if registered):24CRKKV3925J1Z6
| SNo Description of goods/service HSN/SAC Amount of Advance CGST SGsT IGsT
Dyson V11 Torque Drive Vacuum 3106 23265.00 2093.85 2093.85 | 0% | 0.00 |
Total Value (in Rs.) 27452.70
Advance Amount received subject to reverse charge Yes No

Signature of Supplier
"
SinghReceipt_2024-07-24_18-40-16_1.pdf,"Receipt Voucher
Name: Singh Electronics
Address: 890 Gandhi Nagar, Bangalore, Karnataka, 560007
GSTIN: O9AAACNO189C1ZH
S.No: 5492
Date of Issue:20-07-2023
Details of Receiver (Billed to) Details of Receiver (Shipped to)
Name: Tata Elxsi Ltd Name: Tata Elxsi Ltd
Address: Tata Elxsi Office, Whitefield, Bengaluru, Karnataka, 560066 Address: Tata Elxsi Office, Whitefield, Bengaluru, Karnataka, 560066
State: Karnataka State: Karnataka
State code: 66 State code: 66
GSTIN/ UIN (if registered):24JVZBP919811Z9 GSTIN/ UIN (if registered):24JVZBP919811Z9
| SNo Description of goods/service HSN/SAC Amount of Advance CGST SGsT IGsT
Canon PowerShot G7 X Mark III 2526 5722.00 514.98 51498 | 0% | 000 |
Total Value (in Rs.) 6751.96
Advance Amount received subject to reverse charge Yes No

Signature of Supplier
"
21-BIG BAZAAR PVT LTD.pdf,"BIG BAZAAR PVT LTD
1st Floor, Ahmedabad One Mall, Vastrapur,
Ahmedabad, Gujarat 380015
341KKLAE12K4A1E5
CLIENT INFO
Renu Provision Store
21. 909, Bapunagar, Ahmedabad,
380024
+91 76543 21098
Date: 31-07-2024 RECIEPT NO: 21
| HSN | DESCRIPTION UNIT PRICE TOTAL
9125 Nivea Body Lotion 400 ml = 180.00 = 180.00
4580 Tropicana Essentials 500g = 500.00 = 500.00
SUB TOTAL = 680.00
DISCOUNT(15%) = 102.00
GST(18%) = 122.40
TOTAL = 700.40
"
113-CROMA PVT LTD.pdf,"Receipt No.: 113
Payment date: 12-08-2024
Payment Type: UPI
From: —C—C—CSCSCdiéGL TZ
Name: [CROMA PVT LTD
Address: Ground Floor, Skyzone, High Street Address:

Phoenix, Senapati Bapat Marg, Lower 33, Royal Crest, Lower Parel, Mumbai 400013

Parel, Mumbai, Maharashtra 400013 +91 49876 54321
Phone No: _[87BBAQE12K4P106 a
DESCRIPTION UNIT PRICE Amount (in Rs)
4212 Lenovo Tab P11 10 5 % 29,999.00 ® 1,49,995.00
8812 Lenovo Tab P11 Pro 10 3 % 37,999.00 = 1,13,997.00
Sub-Total ¥ 2,63,992.00
Amount in Words: Discount(30%) = 79,197.60

GST(18%) = 47,518.56
Total Amount: X 2,32,312.96
eee
Terms & Condition:
Seal & Signature
Thank you for Business !!! Visit us Again !!!
"
24-CROMA PVT LTD.pdf,"Receipt No.: 24
Payment date: 12-08-2024
Payment Type: UPI
From: CB To:
CROMA PVT LTD ByteCity Electronics
Address: Ground Floor, Skyzone, High Street Address:
Phoenix, Senapati Bapat Marg, Lower 16, Blissful Heights, Goregaon East, Mumbai 400063
Parel, Mumbai, Maharashtra 400013 +91 67890 12345

Phone No: _[87BBAQE12K4P106 a
DESCRIPTION UNIT PRICE Amount (in Rs)
6375 Samsung Galaxy Buds Pro 10 1 = 15,999.00 = 15,999.00
2369 Samsung Galaxy Buds2 10 5 = 15,999.00 = 79,995.00
Sub-Total ¥ 95,994.00
Amount in Words: Discount(30%) = 28,798.20

GST(18%) 17,278.92

Total Amount: X 84,474.72
re ee
Terms & Condition:
Seal & Signature
Thank you for Business !!! Visit us Again !!!
"
43-CROMA PVT LTD.pdf,"Receipt No.: 43
Payment date: 12-08-2024
Payment Type: UPI
From: —CSCd(éBid' To:
CROMA PVT LTD Gadget Shoppe
Address: Ground Floor, Skyzone, High Street Address: 63, Bluebell Apartments, Goregaon West, Mumbai
Phoenix, Senapati Bapat Marg, Lower 400104
Parel, Mumbai, Maharashtra 400013 +91 67890 12356

Phone No: _[87BBAQE12K4P106 a
DESCRIPTION UNIT PRICE Amount (in Rs)
7634 Sennheiser HD 450BT 10 3 % 8,499.00 = 25,497.00
5924] Sennheiser Momentum Wireless 10 3 = 11,999.00 = 35,997.00
Sub-Total ¥ 61,494.00
Amount in Words: Discount(30%) = 18,448.20

GST(18%) = 11,068.92

Total Amount: X 54,114.72
re ee
Terms & Condition:
Seal & Signature
Thank you for Business !!! Visit us Again !!!
"
121-ITC Limited.pdf,"Reciept No: 121 Date: 31-07-2024
Company's Info: Customer's Info:
ITC Limited Dutta & Das Provision Store
37 J.L.Nehru Road,
Kolkata 700 071 40, Bagbazar Street,
Kolkata - 700003
29ABCDE1234F1Z5 O4AABCT1234E127
Payment Detail:
HSN DESCRIPTION UNIT QTY PRICE AMOUNT
1256 Wheat Flour 400g 10 = 60.00 = 600.00
#N/A Vegetable Soups 75g 2 % 80.00 = 160.00
SUBTOTAL = 760.00
DISCOUNT(20%) = 220.40
GST(18%) = 136.80
TOTAL = 676.40
PAYMENT METHOD: [cash,card,online,check or etc]
Check/Transaction No [if applicable]
"
2731260-Kavita-Patel.pdf,"No. 124, ist Main, 7th Block, Koramangala, Bangalore - 560095
Bill To Invoice # Invoice Date
Kavita Patel 2731260 10/12/2023
88, Orchid Avenue, Baroda,
Guarat,Incla a ae...
8380
ohn) Description Unit Price Amount
2 Calvin Klein Aviator Sunglasses 2,799.00 5,598.00
2 Ray-Ban Round Metal Sunglasses 3,299.00 6,598.00
SS Subtotal 12,196.00
GST 18.0% 2,195.28
Invoice Total = 14,391.28
ee lial eS
ee ail
Powered by Invoice Home
"
PerfectVisionInvoice_2024-07-08_18-33-16_45.pdf,"INVOICE . .
Perfect Vision Opticals
28, 1st Floor, 2nd Cross, 1st Block, RT Nagar, Mumbai-400050
GSTIN: 28AJHCU1234L1ZA PAN: RFRBG5397G
Invoice No: 39787 BILL TO
Invoice Date: 25-11-2021 Deepa Patel
P.O.No: 3888 73, Pine Boulevard
P.O.Date: 23-11-2021 Mangalore
Ref No: 5984 Pan No: EXTQG2481B
Ref Date: 25-11-2021 Mobile No: 9855902017
Email: deepapatel@gmail.com
GSTIN: 24GRZOB1843N1Z5
Description In Detail Code Qty Price IGST Discount Total
Polarized Wrap Around Sports) gag 3 3479.00 18% 521.85 9915.15
Sunglasses
Ray-Ban Aviator Classic 9005 2 2957.00 18% 295.70 5618.30
Sunglasses
Bobster Eyewear Fuel 6
Photochromic Goggles 9006 1 2684.00 18% 134.20 2549.80
TOTAL 951.75 18083.25
Sub Total 18083.25
IGST @ 18% 3254.99
Grand Total 21338.24
PAYMENT METHOD
we Accept the PayPal, Master Card, VISA and E- Wallets
Terms & Condition:
1. Goods Once Sold Will Not be Taken Back
2. Goods Can be Exchanged During 2:00 pm to 4:00 pm
Thank you for business & visit Again
"
Invoice_2024-06-24_11-25-48_50.pdf,"Invoice details:
Invoice no.: 842
Date issued: 01-05-2020
Invoice From :
Specsworld Opticians
45, 4th Main, Jayamahal Extension, Mumbai - 400005 GSTIN: 29AADCS3456G1ZR
specsworldopticians@gmail.com Pan: RFRBG7060G
Contact no.: 9900232338 State: Maharashtra
Invoice To:
Shruti Shah
66, Tulip Path GSTIN: 24YNOPP85411121
Hubli Pan: CICQW 1344G
Contact no.: 9127358171 Email: shrutishah@gmail.com State: Karnataka
Item Name HSN/SAC Qty Unit Price IGST Amount
Emporio Armani
Unisex-Adult
Sunglasses 9008 2 3003.00 18% 6006.00
Fitovers Polarized
Sunglasses 9007 1 4640.00 18% 4640.00
Calvin Klein Square
Sunglasses 9004 2 3461.00 18% 6922.00
Sub total 17568.00
IGST 18% 3162.24
Grand Total 20730.24
Terms & Conditions
1. Payment terms are valid thirty (20) days from the date of this invoice, subject to a Y2 of 2%
discount if paid within ten (10) days of the date of this invoice.
2. 30 days limited warranty unless stated otherwise in this invoice.
3. Balance due within 15 days of Invoice date. There shall be 10% Interest per Month thereafter.
4. A copy of this invoice is required, otherwise the warranty process stated herein will be delayed.
"
002670-Rahul-Bhardwaj.pdf,"No 20, Ground Floor, Brigade Road, Bangalore - 560001

Bill To Invoice # 002670

Rahul Bhardwaj Invoice Date 10/06/2023

12, Maple Drive, Trivandrum, P.O# 2440
Kerala, India

Olin Description Unit Price Amount

2 Bobster Phoenix OTG Goggles 2,399.00 4,798.00

3 Puma Cat Eye Sunglasses 1,899.00 5,697.00

Subtotal 10,495.00

GST 18.0% 1,889.10

TOTAL V/s // dh X 12,384.10
"
OpticalInvoice_2024-07-18_18-29-51_56.pdf,"Plot No. 45, GIDC Industrial Estate, Vatva, Ahmedabad, Gujarat
OPTICAL GLASSES GSTIN: 27AJHCU1234L1ZA
PERFECTING YOUR EYE PAN: RTRBG5397G
SN CeomA Invoice Date Order No Order Date Ref No Ref Date SDYocreTiPLaCIyIy Dispatch Through
1896 08-04-2023 EC1406 06-04-2023 1269 08-04-2023
Bill To Ship To
Meera Nair Meera Nair
78 Crystal Park, O.P. Road, Near Vadodara Central Mall, Gujarat-390012 78 Crystal Park, O.P. Road, Near Vadodara Central Mall, Gujarat-390012
State: Maharashtra State: Maharashtra
GSTIN: 24WTZSK7485A1Z3 PAN: CRTMB7699Z GSTIN: 2€2WTZSK7485A1Z3_ PAN: CRTMB7699Z
| Sr.no_| Item Description | HSN | Rate | Batch ~—|_ Qty | CGST sestT_ | Amount
1 . . 8636 3077.00 20230408-468 18 4984.74 4984.74 65355.48
Calvin Klein Square Sunglasses
Prada Women’s Round
2 8515 1482.00 20230408-069 13 1733.94 1733.94 22733.88
Sunglasses
3 . 7738 4074.00 20230408-611 16 5866.56 5866.56 76917.12
Gucci Men’s Square Sunglasses
SUB TOTAL 165006.48
Discount 8250.32
GRAND TOTAL 156756.16
Terms & Condition
1) Goods once sold will not be taken back or exchanged
2) Any warranty claim will not be accepted without warranty card
3) Payment to be made within 30 days
"
OpticalInvoice_2024-07-18_18-29-00_5.pdf,"Plot No. 45, GIDC Industrial Estate, Vatva, Ahmedabad, Gujarat
OPTICAL GLASSES GSTIN: 27AJHCU1234L1ZA
PERFECTING YOUR EYE PAN: RTRBG5397G
SN CeomA Invoice Date Order No Order Date Ref No Ref Date SDYocreTiPLaCIyIy Dispatch Through
1336 23-06-2023 EC1611 21-06-2023 1624 23-06-2023
Bill To Ship To
Vinod Rao Vinod Rao
67 Diamond Palace, Ghod Dod Road, Near Magdalla Port, Gujarat-395007 67 Diamond Palace, Ghod Dod Road, Near Magdalla Port, Gujarat-395007
State: Maharashtra State: Maharashtra
GSTIN: 2€4VOHEE8147H1Z1 PAN: OXUJB2385L GSTIN: 2€4VOHEE8147H1Z1 PAN: OXUJB2385L
| Sr.no_| Item Description | HSN | Rate ~—|_—Batch_~—s|_ Qty (| CGST scst_ | Amount
1 Diesel Women’s Square 8446 3850.00 20230623-401 11 3811.50 | 3811.50 49973.00
Sunglasses
2 Carrera Unisex-Adult 7875 680.00 20230623-665 15 918.00 918.00 12036.00
Rectangular Sunglasses
Oakley Men’s Rectangular
3 8559 1944.00 20230623-769 10 1749.60 1749.60 22939.20
Sunglasses
SUB TOTAL 84948.20
Discount 4247.41
GRAND TOTAL 80700.79
Terms & Condition
1) Goods once sold will not be taken back or exchanged
2) Any warranty claim will not be accepted without warranty card
3) Payment to be made within 30 days
"
OpticalInvoice_2024-07-18_18-29-55_60.pdf,"Plot No. 45, GIDC Industrial Estate, Vatva, Ahmedabad, Gujarat
OPTICAL GLASSES GSTIN: 27AJHCU1234L1ZA
PERFECTING YOUR EYE PAN: RTRBG5397G
SN CeomA Invoice Date Order No Order Date Ref No Ref Date SDYocreTiPLaCIyIy Dispatch Through
1889 06-11-2023 EC1541 04-11-2023 1051 06-11-2023
Bill To Ship To
Neha Desai Neha Desai
12 Sapphire Heights, Prahladnagar Road, Near Prahladnagar Garden, Gujarat- 12 Sapphire Heights, Prahladnagar Road, Near Prahladnagar Garden, Gujarat-380015
380015
State: Maharashtra State: Maharashtra
GSTIN: 24XCJGB3192B1Z5_ PAN: NTIIT9466Q GSTIN: 24XCJGB3192B1Z5 PAN: NTIIT9466Q
| Sr.no_| Item Description | HSN | Rate ~—|_—Batch_~—s|_ Qty (| CGST scst_ | Amount
1 . . 8912 1190.00 20231106-340 13 1392.30 1392.30 18254.60
Fitovers Polarized Sunglasses
2 8802 2861.00 20231106-599 12 3089.88 3089.88 40511.76
Persol Rectangular Sunglasses
3 Vogue Eyewear Women's 8377 4109.00 20231106-617 10 3698.10 | 3698.10 48486.20
Round Sunglasses
SUB TOTAL 107252.56
Discount 5362.63
GRAND TOTAL 101889.93
Terms & Condition
1) Goods once sold will not be taken back or exchanged
2) Any warranty claim will not be accepted without warranty card
3) Payment to be made within 30 days
"
Invoice_2024-06-24_11-26-19_81.pdf,"Invoice details:
Invoice no.: 776
Date issued: 22-07-2020
Invoice From :
Specsworld Opticians
45, 4th Main, Jayamahal Extension, Mumbai - 400005 GSTIN: 29AADCS3456G1ZR
specsworldopticians@gmail.com Pan: RFRBG7060G
Contact no.: 9900232338 State: Maharashtra
Invoice To:
Preeti Malhotra
49, Pine Boulevard GSTIN: 24QOROE7073B1Z2
Hubli Pan: SRBCD2931S
Contact no.: 9736973822 Email: preetimalhotra@gmail.com State: Karnataka
Item Name HSN/SAC Qty Unit Price IGST Amount
Calvin Klein Square
Sunglasses 9004 1 3402.00 18% 3402.00
Polarized Wrap
Around Sports
Sunglasses 9004 1 4795.00 18% 4795.00
Fastrack Gradient
Wayfarer Sunglasses 9006 2 4495.00 18% 8990.00
Sub total 17187.00
IGST 18% 3093.66
Grand Total 20280.66
Terms & Conditions
1. Payment terms are valid thirty (20) days from the date of this invoice, subject to a Y2 of 2%
discount if paid within ten (10) days of the date of this invoice.
2. 30 days limited warranty unless stated otherwise in this invoice.
3. Balance due within 15 days of Invoice date. There shall be 10% Interest per Month thereafter.
4. A copy of this invoice is required, otherwise the warranty process stated herein will be delayed.
"
ApexInvoice_2024-07-18_18-27-46_59.pdf,"APEX WEAR
New Hind House, Narottam Morarjee Marg, Ballard Estate, Tax Invoice
Mumbai, Maharashtra
GSTIN: 27AAACR7147G1ZQ
Bill To Invoice Details
GST No. 24SWGJJ7873C1Z8 27-03-2023
ship To [station (surat
[Name | Priya Sharma Blue Dart
56 Diamond Tower, Varachha Road, Near Kailash Nagar, Gujarat-395006 Terms of
Address 30Days
Payment
GST No. 24SWGJJ7873C1Z8 9378
[em ”™~*~<~drtCSCS<iSYT «dC | Pee | rT | To
Police UV Protected Square Sunglasses 398.00 9392.80
Oakley Women’s Rectangular Sunglasses 199.00 19959.70
Calvin Klein Men's Rectangular Sunglasses | 7634 | 18.00% | 60 | 145.00 | 1566.00] 10266.00
Sub Total 51925.90
Terms & Conditions Discount 2596.30
1. Goods once sold will not be taken back or exchanged.
2. Please make the payment within 30 days. Grand Total 49329.61
Authorised signature Lo
"
ApexInvoice_2024-07-18_18-27-50_63.pdf,"Wo APEX EYEWEAR
APEX WEAR
New Hind House, Narottam Morarjee Marg, Ballard Estate, Tax Invoice
Mumbai, Maharashtra
GSTIN: 27AAACR7147G1ZQ
[Name] ___—Rohitchawla |S tvoleeNo [1465
sete [Carat
Pano | cescpaezis «CSC RefNo
station ‘surat
[Name] _____Rohitchawa
Gujarat-380015 Payment
sete [Cat
Panne. [| ——S—C sae
[em ”™~*~<~drtCSCS<iSYT «dC | Pee | rT | To
es
es es
Sub Total 61643.20
Terms & Conditions Discount 3082.16
1. Goods once sold will not be taken back or exchanged.
2. Please make the payment within 30 days. Grand Total 58561.04
[Authorised signature] OOOOOSCSCSCS
"
141494-Sneha-Kapoor.pdf,"Lawrence and Mayo

4, Near MG Road Metro Station, MG Road, Bangalore - 560001

BILL TO INVOICE # 141494

Sneha Kapoor INVOICE DATE 04/10/2023

8, Jasmine Court, Ludhiana, PO# 7303

Punjab, India

i X¥ 10,615.2

Invoice Total 0,615.28

QTY DESCRIPTION UNIT PRICE AMOUNT

2 Carrera Unisex-Adult Rectangular Sunglasses 2,099.00 4,198.00

2 Vincent Chase Blue Cut Computer Glasses 2,399.00 4,798.00

Subtotal 8,996.00

GST 18.0% 1,619.28
"
Invoice_2024-06-24_11-25-02_4.pdf,"Invoice details:
Invoice no.: 398
Date issued: 27-10-2020
Invoice From :
Specsworld Opticians
45, 4th Main, Jayamahal Extension, Mumbai - 400005 GSTIN: 29AADCS3456G1ZR
specsworldopticians@gmail.com Pan: RFRBG7060G
Contact no.: 9900232338 State: Maharashtra
Invoice To:
Ritu Kapoor
18, Cedar Boulevard GSTIN: 24EDMEL2356S12Z2
Bangalore Pan: URPUN4974E
Contact no.: 9307313912 Email: ritukapoor@gmail.com State: Karnataka
Item Name HSN/SAC Qty Unit Price IGST Amount
Emporio Armani
Unisex-Adult
Sunglasses 9006 1 4387.00 18% 4387.00
Ray-Ban Aviator
Classic Sunglasses 9005 1 1258.00 18% 1258.00
Vogue Eyewear
Women’s Round
Sunglasses 9007 1 2894.00 18% 2894.00
Sub total 8539.00
IGST 18% 1537.02
Grand Total 10076.02
Terms & Conditions
1. Payment terms are valid thirty (20) days from the date of this invoice, subject to a %2 of 2%
discount if paid within ten (10) days of the date of this invoice.
2. 30 days limited warranty unless stated otherwise in this invoice.
3. Balance due within 15 days of Invoice date. There shall be 10% Interest per Month thereafter.
4. A copy of this invoice is required, otherwise the warranty process stated herein will be delayed.
"
Invoice_2024-06-24_11-25-45_47.pdf,"Invoice details:
Invoice no.: 899
Date issued: 30-01-2020
Invoice From :
Specsworld Opticians
45, 4th Main, Jayamahal Extension, Mumbai - 400005 GSTIN: 29AADCS3456G1ZR
specsworldopticians@gmail.com Pan: RFRBG7060G
Contact no.: 9900232338 State: Maharashtra
Invoice To:
Arun Kapoor
48, Olive Boulevard GSTIN: 24HAZXP1761012Z6
Bangalore Pan: YZYTF1177M
Contact no.: 9506638599 Email: arunkapoor@gmail.com State: Karnataka
Item Name HSN/SAC Qty Unit Price IGST Amount
Puma Men’s
Wayfarer Sunglasses 9007 3 3281.00 18% 9843.00
Polarized Wrap
Around Sports
Sunglasses 9008 2 4313.00 18% 8626.00
Vincent Chase Blue
Cut Computer
Glasses 9004 2 4217.00 18% 8434.00
Sub total 26903.00
IGST 18% 4842.54
Grand Total 31745.54
Terms & Conditions
1. Payment terms are valid thirty (20) days from the date of this invoice, subject to a %2 of 2%
discount if paid within ten (10) days of the date of this invoice.
2. 30 days limited warranty unless stated otherwise in this invoice.
3. Balance due within 15 days of Invoice date. There shall be 10% Interest per Month thereafter.
4. A copy of this invoice is required, otherwise the warranty process stated herein will be delayed.
"
OpticalInvoice_2024-07-18_18-29-58_63.pdf,"Plot No. 45, GIDC Industrial Estate, Vatva, Ahmedabad, Gujarat
OPTICAL GLASSES GSTIN: 27AJHCU1234L1ZA
PERFECTING YOUR EYE PAN: RTRBG5397G
SN CeomA Invoice Date Order No Order Date Ref No Ref Date SDYocreTiPLaCIyIy Dispatch Through
1164 07-01-2023 EC1750 05-01-2023 1296 07-01-2023
Bill To Ship To
Simran Desai Simran Desai
56 Diamond Plaza, Ghod Dod Road, Near VR Mall, Gujarat-395007 56 Diamond Plaza, Ghod Dod Road, Near VR Mall, Gujarat-395007
State: Maharashtra State: Maharashtra
GSTIN: 24FEKEJ6872X1Z2 PAN: NOHCO1620H GSTIN: 24FEKEJ6872X1Z2 PAN: NOHCO1620H
| Sr.no_| Item Description | HSN [| Rate — || Batch ~— || Qty | CGST scsT_ | Amount
1 Nova Bluecut Eyeglasses (Zero | 4578 2607.00 20230107-611 19 4457.97 4457.97 58448.94
Power)
2 Ray-Ban Men’s Wayfarer 7365 3820.00 20230107-774 16 5500.80 5500.80 72121.60
Sunglasses
3 Prada Women’s Round 7244 3484.00 20230107-127 16 5016.96 5016.96 65777.92
Sunglasses
SUB TOTAL 196348.46
Discount 9817.42
GRAND TOTAL 186531.04
Terms & Condition
1) Goods once sold will not be taken back or exchanged
2) Any warranty claim will not be accepted without warranty card
3) Payment to be made within 30 days
"
OpticalInvoice_2024-07-18_18-30-40_105.pdf,"Plot No. 45, GIDC Industrial Estate, Vatva, Ahmedabad, Gujarat
OPTICAL GLASSES GSTIN: 27AJHCU1234L1ZA
PERFECTING YOUR EYE PAN: RTRBG5397G
SN CeomA Invoice Date Order No Order Date Ref No Ref Date SDYocreTiPLaCIyIy Dispatch Through
1174 11-10-2023 EC1537 09-10-2023 1591 11-10-2023
Bill To Ship To
Rajesh Verma Rajesh Verma
45 Sapphire Plaza, Adalaj Road, Near Adalaj Stepwell, Gujarat-382421 45 Sapphire Plaza, Adalaj Road, Near Adalaj Stepwell, Gujarat-382421
State: Maharashtra State: Maharashtra
GSTIN: 24FTWMW5497X1Z7_—- PAN: XYCXZ6105D GSTIN: 24FTWMW5497X1Z7_ PAN: XYCXZ6105D
| Sr.no_| Item Description | HSN | Rate | Batch ~—|_ Qty | CGST sestT_ | Amount
1 . 7046 4501.00 20231011-636 16 6481.44 6481.44 84978.88
Prada Men’s Aviator Sunglasses
2 . 8342 573.00 20231011-982 18 928.26 928.26 12170.52
Diesel UV Protected Sunglasses
Gucci Women’s Wayfarer
3 7128 633.00 20231011-023 20 1139.40 1139.40 14938.80
Sunglasses
SUB TOTAL 112088.20
Discount 5604.41
GRAND TOTAL 106483.79
Terms & Condition
1) Goods once sold will not be taken back or exchanged
2) Any warranty claim will not be accepted without warranty card
3) Payment to be made within 30 days
"
OpticalInvoice_2024-07-18_18-29-02_7.pdf,"Plot No. 45, GIDC Industrial Estate, Vatva, Ahmedabad, Gujarat
OPTICAL GLASSES GSTIN: 27AJHCU1234L1ZA
PERFECTING YOUR EYE PAN: RTRBG5397G
SN CeomA Invoice Date Order No Order Date Ref No Ref Date SDYocreTiPLaCIyIy Dispatch Through
1597 03-04-2023 EC1809 01-04-2023 1210 03-04-2023
Bill To Ship To
Mohit Gupta Mohit Gupta
45 Ruby Residency, Infocity Road, Near GMDC Ground, Gujarat-382421 45 Ruby Residency, Infocity Road, Near GMDC Ground, Gujarat-382421
State: Maharashtra State: Maharashtra
GSTIN: 24USCON2516S1Z9 PAN: TTUGD53151 GSTIN: 24USCON2516S1Z9 PAN: TTUGD53151
| Sr.no_| Item Description | HsN | Rate = | Batch_~—|_ Qty _—(| —CGsT scst_ | Amount
1 Calvin Klein Women’s Oval 7854 1252.00 20230403-495 13 1464.84 1464.84 19205.68
Sunglasses
2 Armani Exchange Rectangular | soe. 1982.00 20230403-036 17 3032.46 | 3032.46 39758.92
Sunglasses
3 Ray-Ban Aviator Classic 8288 874.00 20230403-885 13 1022.58 1022.58 13407.16
Sunglasses
SUB TOTAL 72371.76
Discount 3618.59
GRAND TOTAL 68753.17
Terms & Condition
1) Goods once sold will not be taken back or exchanged
2) Any warranty claim will not be accepted without warranty card
3) Payment to be made within 30 days
"
ApexInvoice_2024-07-18_18-28-19_92.pdf,"APEX WEAR
New Hind House, Narottam Morarjee Marg, Ballard Estate, Tax Invoice
Mumbai, Maharashtra
GSTIN: 27AAACR7147G1ZQ
Bill To Invoice Details
GST No. 24RDNMS1128K1Z6 26-07-2023
Ship To [station ‘(surat
Payment
GST No. 24RDNMS1128K1Z6 9621
| Pan No. _| HXBTJ1601X 28-08-2023
[em ”™~*~<~drtCSCS<iSYT «dC | Pee | rT | To
Diesel Unisex Aviator Sunglasses 8908 103.00 4861.60
Sub Total 51259.20
Terms & Conditions Discount 2562.96
1. Goods once sold will not be taken back or exchanged.
2. Please make the payment within 30 days. Grand Total 48696.24
Authorised signature Lo
"
OpticalInvoice_2024-07-18_18-29-14_19.pdf,"Plot No. 45, GIDC Industrial Estate, Vatva, Ahmedabad, Gujarat
OPTICAL GLASSES GSTIN: 27AJHCU1234L1ZA
PERFECTING YOUR EYE PAN: RTRBG5397G
SN CeomA Invoice Date Order No Order Date Ref No Ref Date SDYocreTiPLaCIyIy Dispatch Through
1623 04-06-2023 EC1913 02-06-2023 1276 04-06-2023
Bill To Ship To
Vinod Rao Vinod Rao
67 Diamond Palace, Ghod Dod Road, Near Magdalla Port, Gujarat-395007 67 Diamond Palace, Ghod Dod Road, Near Magdalla Port, Gujarat-395007
State: Maharashtra State: Maharashtra
GSTIN: 24URPVN6503X1Z2 PAN: YYTSP6513Q GSTIN: 24URPVN6503X1Z2 PAN: YYTSP6513Q
| Sr.no_| Item Description | HSN | Rate ~—|_—Batch_~—s|_ Qty (| CGST scst_ | Amount
1 7216 4061.00 20230604-023 16 5847.84 5847.84 76671.68
Persol Rectangular Sunglasses
2 Tommy Hilfiger Mens 7289 3342.00 20230604-016 19 5714.82 | 5714.82 74927.64
Rectangular Sunglasses
3 Calvin Klein Polarized 7403 637.00 20230604-909 20 1146.60 | 1146.60 15033.20
Sunglasses
SUB TOTAL 166632.52
Discount 8331.63
GRAND TOTAL 158300.89
Terms & Condition
1) Goods once sold will not be taken back or exchanged
2) Any warranty claim will not be accepted without warranty card
3) Payment to be made within 30 days
"
1441-Amit-Singh.pdf,"FROM BILL T0
Specsmakers Opticians Amit Singh
1075, 12th Main, HAL 2nd Stage, 55, Carnation Road, Jaipur,
Indiranagar, Bangalore - 560008 Rajasthan, India
INVOICE # INVOICE DATE P.0.#
1441 02/02/2023 94821
ary DESCRIPTION UNIT PRICE AMOUNT
2 Vogue Women’s Oversized Sunglasses 2,899.00 5,798.00
2 Carrera Polarized Rectangular Sunglasses 3,099.00 6,198.00
Subtotal 11,996.00
GST 18.0% 2,159.28
Total = 14,155.28
Powered. by Invoice Home
"
Invoice_2024-06-24_11-25-20_22.pdf,"Invoice details:
Invoice no.: 956
Date issued: 09-09-2020
Invoice From :
Specsworld Opticians
45, 4th Main, Jayamahal Extension, Mumbai - 400005 GSTIN: 29AADCS3456G1ZR
specsworldopticians@gmail.com Pan: RFRBG7060G
Contact no.: 9900232338 State: Maharashtra
Invoice To:
Sneha Verma
93, Ivy Path GSTIN: 24VGZY12489X1Z5
Hubli Pan: NBBBP5450R
Contact no.: 9440438546 Email: snehaverma@gmail.com State: Karnataka
Item Name HSN/SAC Qty Unit Price IGST Amount
Vincent Chase Blue
Cut Computer
Glasses 9007 2 3171.00 18% 6342.00
Lenskart Air Wrap-
Around Sunglasses 9005 2 2180.00 18% 4360.00
Emporio Armani
Unisex-Adult
Sunglasses 9008 2 1462.00 18% 2924.00
Sub total 13626.00
IGST 18% 2452.68
Grand Total 16078.68
Terms & Conditions
1. Payment terms are valid thirty (20) days from the date of this invoice, subject to a Y2 of 2%
discount if paid within ten (10) days of the date of this invoice.
2. 30 days limited warranty unless stated otherwise in this invoice.
3. Balance due within 15 days of Invoice date. There shall be 10% Interest per Month thereafter.
4. A copy of this invoice is required, otherwise the warranty process stated herein will be delayed.
"
135-Rakesh-Sharma.pdf,"FROM BILL TO
Vision Express Rakesh Sharma
1st Floor, Phoenix Marketcity, 67, Violet Avenue, Kolkata, West
Whitefield Main Road, Bangalore - Bengal, India
560066
INVOICE # INVOICE DATE P.0.#
135 25/01/2023 0225
ary DESCRIPTION UNIT PRICE AMOUNT
2 Oakley Frogskins Sunglasses 2,999.00 5,998.00
2 Vogue Eyewear Cat Eye Glasses 3,799.00 7,098.00
Subtotal 13,596.00
GST 18.0% 2,447.28
Total = 16,043.28
Powered. by Invoice Home
"
PerfectVisionInvoice_2024-07-08_18-32-42_11.pdf,"INVOICE os
Perfect Vision Opticals
28, 1st Floor, 2nd Cross, 1st Block, RT Nagar, Mumbai-400050
GSTIN: 28AJHCU1234L1ZA PAN: RFRBG5397G
Invoice No: 69625 BILL TO
Invoice Date: 04-06-2021 Preeti Malhotra
P.O.No: 5250 49, Pine Boulevard
P.O.Date: 02-06-2021 Hubli
Ref No: 6557 Pan No: XLJSF1485N
Ref Date: 04-06-2021 Mobile No: 9406872564
Email: preetimalhotra@gmail.com
GSTIN: 24WKTPJ4461A1Z4
Description In Detail Code Qty Price IGST Discount Total
Fastrack UV Protected Aviator 3
Sunglasses 9007 2 3165.00 18% 316.50 6013.50
Oakley Men’s Rectangular 3
Sunglasses 9004 3 4632.00 18% 694.80 13201.20
Calvin Klein Square Sunglasses || 9008 2 4720.00 18% 472.00 8968.00
TOTAL 1483.30 28182.70
Sub Total 28182.70
IGST @ 18% 5072.89
Grand Total 33255.59
PAYMENT METHOD
we Accept the PayPal, Master Card, VISA and E- Wallets
Terms & Condition:
1. Goods Once Sold Will Not be Taken Back
2. Goods Can be Exchanged During 2:00 pm to 4:00 pm
Thank you for business & visit Again
"
1446-Priya-Nair.pdf,"FROM BILL TO
Specsmakers Opticians Priya Nair
1075, 12th Main, HAL 2nd Stage, 41, Orchid Circle, Kochi, Kerala,
Indiranagar, Bangalore - 560008 India
INVOICE # INVOICE DATE P.O.#
1446 06/02/2023 94826
ary DESCRIPTION UNIT PRICE AMOUNT
3 Nova Anti-Glare Computer Glasses 2,599.00 7,797.00
3 Fitovers Polarized Cat Eye Sunglasses 2,299.00 6,897.00
Subtotal 14,694.00
GST 18.0% 2,644.92
Total = 17,338.92
Powered. by Invoice Home
"
Invoice_2024-06-24_11-25-07_9.pdf,"Invoice details:
Invoice no.: 439
Date issued: 22-11-2020
Invoice From :
Specsworld Opticians
45, 4th Main, Jayamahal Extension, Mumbai - 400005 GSTIN: 29AADCS3456G1ZR
specsworldopticians@gmail.com Pan: RFRBG7060G
Contact no.: 9900232338 State: Maharashtra
Invoice To:
Tanvi Kapoor
77, Hibiscus Street GSTIN: 24DLBQL5285V1Z3
Mangalore Pan: MWFSN5025R
Contact no.: 9284305314 Email: tanvikapoor@gmail.com State: Karnataka
Item Name HSN/SAC Qty Unit Price IGST Amount
Vogue Eyewear
Women’s Round
Sunglasses 9006 1 1202.00 18% 1202.00
Nova Bluecut
Eyeglasses (Zero
Power) 9008 2 3055.00 18% 6110.00
Carrera Unisex-Adult
Rectangular
Sunglasses 9006 3 666.00 18% 1998.00
Sub total 9310.00
IGST 18% 1675.80
Grand Total 10985.80
Terms & Conditions
1. Payment terms are valid thirty (20) days from the date of this invoice, subject to a Y2 of 2%
discount if paid within ten (10) days of the date of this invoice.
2. 30 days limited warranty unless stated otherwise in this invoice.
3. Balance due within 15 days of Invoice date. There shall be 10% Interest per Month thereafter.
4. A copy of this invoice is required, otherwise the warranty process stated herein will be delayed.
"
Invoice_2024-06-24_11-25-16_18.pdf,"Invoice details:
Invoice no.: 553
Date issued: 26-08-2020
Invoice From :
Specsworld Opticians
45, 4th Main, Jayamahal Extension, Mumbai - 400005 GSTIN: 29AADCS3456G1ZR
specsworldopticians@gmail.com Pan: RFRBG7060G
Contact no.: 9900232338 State: Maharashtra
Invoice To:
Archana Sharma
69, Palm Street GSTIN: 24QFZHZ1379U1Z5
Mangalore Pan: NNZUU5573F
Contact no.: 9791458114 Email: archanasharma@gmail.com State: Karnataka
Item Name HSN/SAC Qty Unit Price IGST Amount
Ray-Ban Aviator
Classic Sunglasses 9005 3 3787.00 18% 11361.00
Carrera Unisex-Adult
Rectangular
Sunglasses 9008 3 1770.00 18% 5310.00
Tommy Hilfiger UV
Protected Square
Sunglasses 9008 3 3497.00 18% 10491.00
Sub total 27162.00
IGST 18% 4889.16
Grand Total 32051.16
Terms & Conditions
1. Payment terms are valid thirty (20) days from the date of this invoice, subject to a Y2 of 2%
discount if paid within ten (10) days of the date of this invoice.
2. 30 days limited warranty unless stated otherwise in this invoice.
3. Balance due within 15 days of Invoice date. There shall be 10% Interest per Month thereafter.
4. A copy of this invoice is required, otherwise the warranty process stated herein will be delayed.
"
ApexInvoice_2024-07-18_18-28-30_103.pdf,"Wo APEX EYEWEAR
APEX WEAR
New Hind House, Narottam Morarjee Marg, Ballard Estate, Tax Invoice
Mumbai, Maharashtra
GSTIN: 27AAACR7147G1ZQ
[Name] AkGuptan (|S vole No [1603
rsete [Carat
Pano. | __—ukiwvsaeax Si RefNo
station ‘surat
[Name ARGupta
Gujarat-360001 Payment
sete [Cat
Panne. ————CUKIVSRGAK
[em ”™~*~<~drtCSCS<iSYT «dC | Pee | rT | To
es
es es
Sub Total 25688.60
Terms & Conditions Discount 1284.43
1. Goods once sold will not be taken back or exchanged.
2. Please make the payment within 30 days. Grand Total 24404.17
[Authorised signature] OOOOOSCSCSCS
"
Invoice_2024-06-24_11-26-31_93.pdf,"Invoice details:
Invoice no.: 635
Date issued: 05-08-2020
Invoice From :
Specsworld Opticians
45, 4th Main, Jayamahal Extension, Mumbai - 400005 GSTIN: 29AADCS3456G1ZR
specsworldopticians@gmail.com Pan: RFRBG7060G
Contact no.: 9900232338 State: Maharashtra
Invoice To:
Meenakshi Jain
12, Palm Drive GSTIN: 24MMVZW7220K1Z0
Hubli Pan: XLLQX3277P
Contact no.: 9754108425 Email: meenakshijain@gmail.com State: Karnataka
Item Name HSN/SAC Qty Unit Price IGST Amount
Ray-Ban Aviator
Classic Sunglasses 9008 2 2929.00 18% 5858.00
Emporio Armani
Unisex-Adult
Sunglasses 9007 2 691.00 18% 1382.00
Vogue Eyewear
Women’s Round
Sunglasses 9006 3 3391.00 18% 10173.00
Sub total 17413.00
IGST 18% 3134.34
Grand Total 20547.34
Terms & Conditions
1. Payment terms are valid thirty (20) days from the date of this invoice, subject to a %2 of 2%
discount if paid within ten (10) days of the date of this invoice.
2. 30 days limited warranty unless stated otherwise in this invoice.
3. Balance due within 15 days of Invoice date. There shall be 10% Interest per Month thereafter.
4. A copy of this invoice is required, otherwise the warranty process stated herein will be delayed.
"
ApexInvoice_2024-07-18_18-28-40_113.pdf,"APEX WEAR
New Hind House, Narottam Morarjee Marg, Ballard Estate, Tax Invoice
Mumbai, Maharashtra
GSTIN: 27AAACR7147G1ZQ
Bill To Invoice Details
pState [Gujrat E1083
GST No. 24WQPPG9557H1Z9 14-03-2023
| Pan No. | WYHGK7009W P RefNo [119
17-03-2023
Ship To | Station [Surat
| Name | Shruti Shah Blue Dart
78 Crystal View, Old Padra Road, Near Inox Multiplex, Gujarat-390020 Terms of
Address 30Days
Payment
GST No. 24WQPPG9557H1Z9 9055
[em ”™~*~<~drtCSCS<iSYT «dC | Pee | rT | To
Oakley Polarized Sports Sunglasses 583.00 | 8919.90
Emporio Armani Women’s Aviator Sunglasses 6820.40
Sub Total 84411.30
Terms & Conditions Discount 4220.57
1. Goods once sold will not be taken back or exchanged.
2. Please make the payment within 30 days. Grand Total 80190.74
Authorised signature Lo
"
OpticalInvoice_2024-07-18_18-29-33_38.pdf,"Plot No. 45, GIDC Industrial Estate, Vatva, Ahmedabad, Gujarat
OPTICAL GLASSES GSTIN: 27AJHCU1234L1ZA
PERFECTING YOUR EYE PAN: RTRBG5397G
SN CeomA Invoice Date Order No Order Date Ref No Ref Date SDYocreTiPLaCIyIy Dispatch Through
1685 21-04-2023 EC1152 19-04-2023 1772 21-04-2023
Bill To Ship To
Swati Kapoor Swati Kapoor
12 Sapphire Park, Ambli Road, Near Anandnagar Cross Road, Gujarat-380015 12 Sapphire Park, Ambli Road, Near Anandnagar Cross Road, Gujarat-380015
State: Maharashtra State: Maharashtra
GSTIN: 24PXNUU7447B1Z0 PAN: NSHJR4308U GSTIN: 24PXNUU7447B1Z0 PAN: NSHJR4308U
| Sr.no_| Item Description | HSN | Rate ~—|_—Batch_~—s|_ Qty (| CGST scst_ | Amount
1 . 7034 3052.00 20230421-388 12 3296.16 3296.16 43216.32
Gucci Men’s Square Sunglasses
2 Fastrack UV Protected Aviator | 7aq. 4075.00 20230421-494 15 5501.25 | 5501.25 72127.50
Sunglasses
3 Prada Polarized Round 7271 1095.00 20230421-251 10 985.50 985.50 12921.00
Sunglasses
SUB TOTAL 128264.82
Discount 6413.24
GRAND TOTAL 121851.58
Terms & Condition
1) Goods once sold will not be taken back or exchanged
2) Any warranty claim will not be accepted without warranty card
3) Payment to be made within 30 days
"
Invoice_2024-06-24_11-25-59_61.pdf,"Invoice details:
Invoice no.: 141
Date issued: 03-05-2020
Invoice From :
Specsworld Opticians
45, 4th Main, Jayamahal Extension, Mumbai - 400005 GSTIN: 29AADCS3456G1ZR
specsworldopticians@gmail.com Pan: RFRBG7060G
Contact no.: 9900232338 State: Maharashtra
Invoice To:
Sangeeta Rao
21, Marigold Drive GSTIN: 24PJGJG6058E1Z1
Bangalore Pan: INSXJ4682P
Contact no.: 9790416498 Email: sangeetarao@gmail.com State: Karnataka
Item Name HSN/SAC Qty Unit Price IGST Amount
Persol Rectangular
Sunglasses 9005 2 4822.00 18% 9644.00
Nova Bluecut
Eyeglasses (Zero
Power) 9006 3 4443.00 18% 13329.00
Police Men’s Round
Sunglasses 9006 2 1601.00 18% 3202.00
Sub total 26175.00
IGST 18% 4711.50
Grand Total 30886.50
Terms & Conditions
1. Payment terms are valid thirty (20) days from the date of this invoice, subject to a %2 of 2%
discount if paid within ten (10) days of the date of this invoice.
2. 30 days limited warranty unless stated otherwise in this invoice.
3. Balance due within 15 days of Invoice date. There shall be 10% Interest per Month thereafter.
4. A copy of this invoice is required, otherwise the warranty process stated herein will be delayed.
"
19003-Karan-Joshi.pdf,"INVOICE # 19003
NN VO ( = INVOICE DATE Weave
P.O.# 0833
FROM BILL TO INVOICE TOTAL
Lenskart.com Karan Joshi
98, 27th Main Rd, ‘st 34, Lotus Lane, Pune, x 1 9,099.28
Sector, HSR Layout, Maharashtra, India
Bangalore - 560102
DESCRIPTION UNIT PRICE QTY AMOUNT
Vincent Chase Blue Cut Computer Glasses 3,399.00 2 6,798.00
Carrera Unisex-Adult Rectangular Sunglasses 2,999.00 2 5,998.00
SUBTOTAL 12,796.00
GST 18.0% 2,303.28
TOTAL = 15,099.28
Powered by Invoice Home
"
2731261-Suman-Mishra.pdf,"No. 124, ist Main, 7th Block, Koramangala, Bangalore - 560095
Bill To Invoice # Invoice Date
Suman Mishra 2731261 11/12/2023
65, Poppy Path, Ranchi,
Jharkhand, Indl a ae...
8381
ohn) Description Unit Price Amount
3 Fastrack Women’s Oval Sunglasses 1,799.00 5,397.00
2 Police Wrap Around Sports Sunglasses 3,599.00 7,198.00
SS Subtotal 12,595.00
GST 18.0% 2,267.10
Invoice Total = 14,862.10
ee lial eS
ee ail
Powered by Invoice Home
"
ApexInvoice_2024-07-18_18-28-23_96.pdf,"Wo APEX EYEWEAR
APEX WEAR

New Hind House, Narottam Morarjee Marg, Ballard Estate, Tax Invoice

Mumbai, Maharashtra

GSTIN: 27AAACR7147G1ZQ

[Name | ____—AbhishekRoy |S volo [555

rsete [Carat

pPanNow | caspas7ig | RefNo SO

station (surat

[Name [Abhishek Roy

380015 Payment

a

Panne. [| _——~=CicaSpASTIG

[em ”™~*~<~drtCSCS<iSYT «dC | Pee | rT | To

[__Ftovers Polarized Sunglasses____(| 8742 | 100% | 60 | 23500 | 253800] 1663600

es

es es
Sub Total 42232.20

Terms & Conditions Discount 2111.61

1. Goods once sold will not be taken back or exchanged.

2. Please make the payment within 30 days. Grand Total 40120.59

[Authorised signature] OOOOOSCSCSCS
"
27045-Rakesh-Sharma.pdf,"INVOICE # 27045
NN VO ( = INVOICE DATE 15/04/2023
P.O.# 83205
FROM BILL TO INVOICE TOTAL
Gangar Eyenation Rakesh Sharma
No. 50, MG Road, Near 67, Violet Avenue, x 1 2,266.1 0
Trinity Circle, Bangalore - Kolkata, West Bengal,
560001 India
DESCRIPTION UNIT PRICE QTY AMOUNT
Carrera Men’s Pilot Sunglasses 2,799.00 2 5,598.00
Vincent Chase Full Rim Spectacle Frames 1,599.00 3 4,797.00
SUBTOTAL 10,395.00
GST 18.0% 1,871.10
TOTAL X 12,266.10
Powered by Invoice Home
"
12094-Sneha-Kapoor.pdf,"LensCrafters
No. 25, 3rd Floor, Orion Mall, Brigade Gateway, Dr. Rajkumar Road,
Malleshwaram, Bangalore - 560055

Bill To Invoice # 12094

Sneha Kapoor Invoice Date 04/12/2023
8, Jasmine Court, Ludhiana,

Punjab, India P.O.# a

2 Police Aviator Sunglasses 2,199.00 4,398.00

3 IDEAL Blue Cut Reading Glasses 899.00 2,697.00

Subtotal 7,095.00

GST 18.0% 1,277.10

TOTAL tll X 8,372.10
"
PerfectVisionInvoice_2024-07-08_18-32-40_9.pdf,"INVOICE . .
Perfect Vision Opticals
28, 1st Floor, 2nd Cross, 1st Block, RT Nagar, Mumbai-400050
GSTIN: 28AJHCU1234L1ZA PAN: RFRBG5397G
Invoice No: 64644 BILL TO
Invoice Date: 28-11-2021 Swati Kapoor
P.O.No: 5606 17, Olive Drive
P.O.Date: 26-11-2021 Mangalore
Ref No: 5593 Pan No: QRRMY5351C
Ref Date: 28-11-2021 Mobile No: 9786060955
Email: swatikapoor@gmail.com
GSTIN: 24WVOFQ3821U1Z6
Description In Detail Code Qty Price IGST Discount Total
Oakley Men’s Rectangular 3
Sunglasses 9005 2 4006.00 18% 400.60 7611.40
Fastrack UV Protected Aviator 3
Sunglasses 9006 1 4921.00 18% 246.05 4674.95
Police Men’s Round Sunglasses)} 9006 3 4149.00 18% 622.35 11824.65
TOTAL 1269.00 24111.00
Sub Total 24111.00
IGST @ 18% 4339.98
Grand Total 28450.98
PAYMENT METHOD
we Accept the PayPal, Master Card, VISA and E- Wallets
Terms & Condition:
1. Goods Once Sold Will Not be Taken Back
2. Goods Can be Exchanged During 2:00 pm to 4:00 pm
Thank you for business & visit Again
"
PerfectVisionInvoice_2024-07-08_18-33-21_50.pdf,"INVOICE os
Perfect Vision Opticals
28, 1st Floor, 2nd Cross, 1st Block, RT Nagar, Mumbai-400050
GSTIN: 28AJHCU1234L1ZA PAN: RFRBG5397G
Invoice No: 53201 BILL TO
Invoice Date: 16-06-2021 Preeti Malhotra
P.O.No: 6009 49, Pine Boulevard
P.O.Date: 14-06-2021 Hubli
Ref No: 6033 Pan No: VWSAE9602H
Ref Date: 16-06-2021 Mobile No: 9718933864
Email: preetimalhotra@gmail.com
GSTIN: 24HJNOB4677Z1 Z6
Description In Detail Code Qty Price IGST Discount Total
Carrera Unisex-Adult 9008 2 2875.00 18% 287.50 5462.50
Rectangular Sunglasses
Bobster Eyewear Fuel 9004 3 2198.00 18% 329.70 6264.30
Photochromic Goggles
Persol Rectangular Sunglasses 9005 3 2266.00 18% 339.90 6458.10
TOTAL 957.10 18184.90
Sub Total 18184.90
IGST @ 18% 3273.28
Grand Total 21458.18
PAYMENT METHOD
we Accept the PayPal, Master Card, VISA and E- Wallets
Terms & Condition:
1. Goods Once Sold Will Not be Taken Back
2. Goods Can be Exchanged During 2:00 pm to 4:00 pm
Thank you for business & visit Again
"
PerfectVisionInvoice_2024-07-08_18-33-30_59.pdf,"INVOICE os
Perfect Vision Opticals
28, 1st Floor, 2nd Cross, 1st Block, RT Nagar, Mumbai-400050
GSTIN: 28AJHCU1234L1ZA PAN: RFRBG5397G
Invoice No: 26497 BILL TO
Invoice Date: 24-04-2021 Vikash Mehta
P.O.No: 5534 28, Lotus Drive
P.O.Date: 22-04-2021 Belgaum
Ref No: 6399 Pan No: PQLIJ9324H
Ref Date: 24-04-2021 Mobile No: 9602605536
Email: vikashmehta@gmail.com
GSTIN: 24DLSPZ4012B1Z5
Description In Detail Code Qty Price IGST Discount Total
Nova Bluecut Eyeglasses (Zero) gqo4 2 4484.00 18% 448.40 8519.60
Power)
Lenskart Air Wrap-Around 9004 3 2283.00 18% 342.45 6506.55
Sunglasses
Calvin Klein Square Sunglasses || 9007 2 2320.00 18% 232.00 4408.00
TOTAL 1022.85 19434.15
Sub Total 19434.15
IGST @ 18% 3498.15
Grand Total 22932.30
PAYMENT METHOD
we Accept the PayPal, Master Card, VISA and E- Wallets
Terms & Condition:
1. Goods Once Sold Will Not be Taken Back
2. Goods Can be Exchanged During 2:00 pm to 4:00 pm
Thank you for business & visit Again
"
27044-Neha-Gupta.pdf,"INVOICE # Pah
NN VO ( = INVOICE DATE 14/04/2023
P.O.# 83204
FROM BILL TO INVOICE TOTAL
Gangar Eyenation Neha Gupta
No. 50, MG Road, Near 23, Hibiscus Street, x 1 4,1 04.1 0
Trinity Circle, Bangalore - Bhopal, Madhya
560001 Pradesh, India
DESCRIPTION UNIT PRICE QTY AMOUNT
Oakley Flak 2.0 XL Sunglasses 2,099.00 2 4,198.00
Vogue Women’s Cat Eye Sunglasses 2,599.00 3 7,797.00
SUBTOTAL 11,995.00
GST 18.0% 2,159.10
TOTAL = 14,154.10
Powered by Invoice Home
"
OpticalInvoice_2024-07-18_18-29-01_6.pdf,"TAX INVOICE
OPTICAL GLASSES
Plot No. 45, GIDC Industrial Estate, Vatva, Ahmedabad, Gujarat
OPTICAL GLASSES GSTIN: 27AJHCU1234L1ZA
Ein ae re ene erento PAN: RTRBG5397G
SN CeomA Invoice Date Order No Order Date Ref No Ref Date SDYocreTiPLaCIyIy Dispatch Through
|
Bill To Ship To
Alok Gupta Alok Gupta
89 Sapphire Enclave, Race Course Ring Road, Near Kuvadava Road, Gujarat- 89 Sapphire Enclave, Race Course Ring Road, Near Kuvadava Road, Gujarat-360001
360001
State: Maharashtra State: Maharashtra
GSTIN: 24NAJIE5148X1Z7 PAN: GTAUL9083S GSTIN: 24NAJIE5148X1Z7 PAN: GTAUL9083S
a
| Srno | ItemDescription | HSN | Rate || Batch_ | Qty | cast | sast_ | Amount
Sunglasses
|? | nccungirsinguses | 72° | 200800 | aomororser | ae | easera | casaza | sense
2 7130 2888.00 20230707-387 16 4158.72 4158.72 54525.44
Rectangular Sunglasses
po | MNase!” [8 [| son | amomrse | a7 | sionss | sionss | sssooso
3 8535 3335.00 20230707-348 17 5102.55 5102.55 66900.10
Sunglasses
PC
SUB TOTAL 187287.24
Discount 9364.36
GRAND TOTAL 177922.88
Terms & Condition
1) Goods once sold will not be taken back or exchanged
2) Any warranty claim will not be accepted without warranty card
3) Payment to be made within 30 days
"
OpticalInvoice_2024-07-18_18-30-24_89.pdf,"Plot No. 45, GIDC Industrial Estate, Vatva, Ahmedabad, Gujarat
OPTICAL GLASSES GSTIN: 27AJHCU1234L1ZA
PERFECTING YOUR EYE PAN: RTRBG5397G
SN CeomA Invoice Date Order No Order Date Ref No Ref Date SDYocreTiPLaCIyIy Dispatch Through
1567 02-03-2023 EC1381 28-02-2023 1222 02-03-2023
Bill To Ship To
Nikhil Bhatt Nikhil Bhatt
34 Emerald Residency, Vasna Road, Near Navrachna University, Gujarat-390007 34 Emerald Residency, Vasna Road, Near Navrachna University, Gujarat-390007
State: Maharashtra State: Maharashtra
GSTIN: 24WZRXE2709F1Z6 PAN: AMWGC8017F GSTIN: 24WZRXE2709F1Z6 PAN: AMWGC8017F
| Sr.no_| Item Description | HSN | Rate ~—|_—Batch_~—s|_ Qty (| CGST scst_ | Amount
1 Gucci Women’s Wayfarer 7575 4874.00 20230302-572 18 7895.88 | 7895.88 103523.76
Sunglasses
2 . . 8013 3241.00 20230302-688 16 4667.04 4667.04 61190.08
Maui Jim Polarized Sunglasses
3 Armani Exchange Rectangular | 44 2848.00 20230302-818 19 4870.08 | 4870.08 63852.16
Sunglasses
SUB TOTAL 228566.00
Discount 11428.30
GRAND TOTAL 217137.70
Terms & Condition
1) Goods once sold will not be taken back or exchanged
2) Any warranty claim will not be accepted without warranty card
3) Payment to be made within 30 days
"
Invoice_2024-06-24_11-25-36_38.pdf,"Invoice details:
Invoice no.: 713
Date issued: 19-11-2020
Invoice From :
Specsworld Opticians
45, 4th Main, Jayamahal Extension, Mumbai - 400005 GSTIN: 29AADCS3456G1ZR
specsworldopticians@gmail.com Pan: RFRBG7060G
Contact no.: 9900232338 State: Maharashtra
Invoice To:
Neeraj Sethi
27, Cedar Crescent GSTIN: 24BFAVV309001Z1
Hubli Pan: CFBQA9894D
Contact no.: 9328112609 Email: neerajsethi@gmail.com State: Karnataka
Item Name HSN/SAC Qty Unit Price IGST Amount
Fastrack Gradient
Wayfarer Sunglasses 9005 2 2815.00 18% 5630.00
IDEAL Spectacle
Frames for Men &
Women 9005 2 847.00 18% 1694.00
Police Men’s Round
Sunglasses 9006 3 3569.00 18% 10707.00
Sub total 18031.00
IGST 18% 3245.58
Grand Total 21276.58
Terms & Conditions
1. Payment terms are valid thirty (20) days from the date of this invoice, subject to a Y2 of 2%
discount if paid within ten (10) days of the date of this invoice.
2. 30 days limited warranty unless stated otherwise in this invoice.
3. Balance due within 15 days of Invoice date. There shall be 10% Interest per Month thereafter.
4. A copy of this invoice is required, otherwise the warranty process stated herein will be delayed.
"
Invoice_2024-06-24_11-25-17_19.pdf,"Invoice details:
Invoice no.: 309
Date issued: 30-08-2020
Invoice From :
Specsworld Opticians
45, 4th Main, Jayamahal Extension, Mumbai - 400005 GSTIN: 29AADCS3456G1ZR
specsworldopticians@gmail.com Pan: RFRBG7060G
Contact no.: 9900232338 State: Maharashtra
Invoice To:
Pooja Mehta
67, Hibiscus Crescent GSTIN: 24GBDRD7719N1Z1
Belgaum Pan: DQBPX8283K
Contact no.: 9264017468 Email: poojamehta@gmail.com State: Karnataka
Item Name HSN/SAC Qty Unit Price IGST Amount
Puma Men’s
Wayfarer Sunglasses 9004 2 1387.00 18% 2774.00
Fastrack Gradient
Wayfarer Sunglasses 9007 1 1153.00 18% 1153.00
Nova Bluecut
Eyeglasses (Zero
Power) 9005 1 2394.00 18% 2394.00
Sub total 6321.00
IGST 18% 1137.78
Grand Total 7458.78
Terms & Conditions
1. Payment terms are valid thirty (20) days from the date of this invoice, subject to a %2 of 2%
discount if paid within ten (10) days of the date of this invoice.
2. 30 days limited warranty unless stated otherwise in this invoice.
3. Balance due within 15 days of Invoice date. There shall be 10% Interest per Month thereafter.
4. A copy of this invoice is required, otherwise the warranty process stated herein will be delayed.
"
OpticalInvoice_2024-07-18_18-29-17_22.pdf,"Plot No. 45, GIDC Industrial Estate, Vatva, Ahmedabad, Gujarat
OPTICAL GLASSES GSTIN: 27AJHCU1234L1ZA
PERFECTING YOUR EYE PAN: RTRBG5397G
SN CeomA Invoice Date Order No Order Date Ref No Ref Date SDYocreTiPLaCIyIy Dispatch Through
1029 05-05-2023 EC1589 03-05-2023 1390 05-05-2023
Bill To Ship To
Suraj Kumar Suraj Kumar
67 Diamond Heights, Athwalines Road, Near Kargil Chowk, Gujarat-395007 67 Diamond Heights, Athwalines Road, Near Kargil Chowk, Gujarat-395007
State: Maharashtra State: Maharashtra
GSTIN: 24WLUNM4336P1Z6 PAN: HSUBI9781E GSTIN: 24WLUNM4336P1Z6 PAN: HSUBI9781E
| Sr.no_| Item Description | HSN | Rate ~—|_—Batch_~—s|_ Qty (| CGST scst_ | Amount
1 Police Polarized Sports 7853 951.00 20230505-886 18 1540.62 1540.62 20199.24
Sunglasses
2 Lenskart Air Wrap-Around 7306 1126.00 20230505-745 15 1520.10 1520.10 19930.20
Sunglasses
3 ; 7774 1630.00 20230505-198 17 2493.90 2493.90 32697.80
Prada Men’s Aviator Sunglasses
SUB TOTAL 72827.24
Discount 3641.36
GRAND TOTAL 69185.88
Terms & Condition
1) Goods once sold will not be taken back or exchanged
2) Any warranty claim will not be accepted without warranty card
3) Payment to be made within 30 days
"
OpticalInvoice_2024-07-18_18-29-48_53.pdf,"Plot No. 45, GIDC Industrial Estate, Vatva, Ahmedabad, Gujarat
OPTICAL GLASSES GSTIN: 27AJHCU1234L1ZA
PERFECTING YOUR EYE PAN: RTRBG5397G
SN CeomA Invoice Date Order No Order Date Ref No Ref Date SDYocreTiPLaCIyIy Dispatch Through
1943 05-01-2023 BC1023 03-01-2023 1569 05-01-2023
Bill To Ship To
Alok Gupta Alok Gupta
89 Sapphire Enclave, Race Course Ring Road, Near Kuvadava Road, Gujarat- 89 Sapphire Enclave, Race Course Ring Road, Near Kuvadava Road, Gujarat-360001
360001
State: Maharashtra State: Maharashtra
GSTIN: 24HYBSX3636A1Z6 PAN: AVFXH4901E GSTIN: 24HYBSX3636A1Z6 PAN: AVFXH4901E
| Sr.no_| Item Description | HSN | Rate | Batch ~—|_ Qty | CGST sestT_ | Amount
1 Emporio Armani Women's 7432 1239.00 20230105-865 14 1561.14 1561.14 20468.28
Aviator Sunglasses
2 . 8153 1156.00 20230105-809 10 1040.40 1040.40 13640.80
Fossil Men’s Square Sunglasses
3 Tommy Hilfiger Women's 8079 2852.00 20230105-749 11 2823.48 | 2823.48 37018.96
Aviator Sunglasses
SUB TOTAL 71128.04
Discount 3556.40
GRAND TOTAL 67571.64
Terms & Condition
1) Goods once sold will not be taken back or exchanged
2) Any warranty claim will not be accepted without warranty card
3) Payment to be made within 30 days
"
7323-Aakash-Mehta.pdf,"John Jacobs Eyewear INVOICE
2nd Floor, Garuda Mall, Magrath Road, Ashok Nagar, Bangalore - 560025
Bill To Invoice # 7323
Aakash Mehta Invoice Date 03/08/2023
28, Sunflower Street, Mumbai,
Maharashtra, India P.O# 243
DESCRIPTION UNIT PRICE AMOUNT
Lenskart Clip-On Sunglasses 1,999.00 5,997.00
Tommy Hilfiger Wayfarer Sunglasses 2,199.00 4,398.00
Subtotal 10,395.00
GST 18.0% 1,871.10
Powered by Invoice Home
"
04355-Poonam-Singh.pdf,"Trendy Eyes INVOICE
No 324, 1st Floor, 9th Main, 1st Block, HRBR Layout, Bangalore - 560043
Bill To Invoice # 04355
Poonam Singh Invoice Date 05/07/2023
56, Bluebell Boulevard, Chandigarh,
Haryana, India P.O# 2935
DESCRIPTION UNIT PRICE AMOUNT
Fastrack Women’s Oval Sunglasses 1,499.00 4,497.00
Oakley Frogskins Sunglasses 3,799.00 7,598.00
Subtotal 12,095.00
GST 18.0% 2,177.10
TOTAL 14,272.10
Powered by Invoice Home
"
OpticalInvoice_2024-07-18_18-30-34_99.pdf,"Plot No. 45, GIDC Industrial Estate, Vatva, Ahmedabad, Gujarat
OPTICAL GLASSES GSTIN: 27AJHCU1234L1ZA
PERFECTING YOUR EYE PAN: RTRBG5397G
SN CeomA Invoice Date Order No Order Date Ref No Ref Date SDYocreTiPLaCIyIy Dispatch Through
1943 15-07-2023 EC1004 13-07-2023 1361 15-07-2023
Bill To Ship To
Poonam Singh Poonam Singh
89 Ruby Residency, Gondal Road, Near Galaxy Cinema, Gujarat-360001 89 Ruby Residency, Gondal Road, Near Galaxy Cinema, Gujarat-360001
State: Maharashtra State: Maharashtra
GSTIN: 24WMKZB6333X1Z8 PAN: ABETJ1972D GSTIN: 24WMKZB6333X1Z8 PAN: ABETJ1972D
| Sr.no_| Item Description | HSN | Rate | Batch ~—|_ Qty | CGST sestT_ | Amount
1 . 8666 3482.00 20230715-197 16 5014.08 5014.08 65740.16
Police Men’s Round Sunglasses
2 | Calvinklein Men's Rectangular | 74,4 2191.00 20230715-055 11 2169.09 | 2169.09 28439.18
Sunglasses
3 . 8494 4213.00 20230715-978 19 7204.23 7204.23 94455.46
Prada Men’s Aviator Sunglasses
SUB TOTAL 188634.80
Discount 9431.74
GRAND TOTAL 179203.06
Terms & Condition
1) Goods once sold will not be taken back or exchanged
2) Any warranty claim will not be accepted without warranty card
3) Payment to be made within 30 days
"
1448-Snehal-Mehta.pdf,"FROM BILL T0
Specsmakers Opticians Snehal Mehta
1075, 12th Main, HAL 2nd Stage, 15, Tulip Road, Chandigarh,
Indiranagar, Bangalore - 560008 Haryana, India
INVOICE # INVOICE DATE P.O.#
1448 08/02/2023 94828
ary DESCRIPTION UNIT PRICE AMOUNT
2 Persol Classic Round Sunglasses 3,599.00 7,198.00
2 Fastrack Unisex Round Sunglasses 1,799.00 3,598.00
Subtotal 10,796.00
GST 18.0% 1,943.28
Total = 12,739.28
Powered. by Invoice Home
"
PerfectVisionInvoice_2024-07-08_18-33-42_71.pdf,"INVOICE - .
Perfect Vision Opticals
28, 1st Floor, 2nd Cross, 1st Block, RT Nagar, Mumbai-400050
GSTIN: 28AJHCU1234L1ZA PAN: RFRBG5397G
Invoice No: 60255 BILL TO
Invoice Date: 01-10-2021 Anuja lyer
P.O.No: 5200 31, Palm Lane
P.O.Date: 29-09-2021 Bangalore
Ref No: 5514 Pan No: IKXQM9825V
Ref Date: 01-10-2021 Mobile No: 9475698033
Email: anujaiyer@gmail.com
GSTIN: 24FAZWH3462B1Z6
Description In Detail Code Qty Price IGST Discount Total
Nova Bluecut Eyeglasses (Zero | nog 2 4563.00 18% 456.30 8669.70
Power)
Bobster Eyewear Fuel 9006 3 3638.00 18% 545.70 10368.30
Photochromic Goggles
Vogue Eyewear Women's 9007 2 1949.00 18% 194.90 3703.10
Round Sunglasses
TOTAL 1196.90 22741.10
Sub Total 22741.10
IGST @ 18% 4093.40
Grand Total 26834.50
PAYMENT METHOD
we Accept the PayPal, Master Card, VISA and E- Wallets
Terms & Condition:
1. Goods Once Sold Will Not be Taken Back
2. Goods Can be Exchanged During 2:00 pm to 4:00 pm
Thank you for business & visit Again
"
ApexInvoice_2024-07-18_18-27-57_70.pdf,"APEX WEAR
New Hind House, Narottam Morarjee Marg, Ballard Estate, Tax Invoice
Mumbai, Maharashtra
GSTIN: 27AAACR7147G1ZQ
Bill To Invoice Details
|State | Gujarat E1908
GST No. 24SPBZR3576R1Z5 19-05-2023
| Pan No. | MxSUG8524I | RefNo [149
ship To [station (surat
45 Ruby Residency, Sector 29, Near Adalaj Stepwell, Gujarat-382421 Terms of
Address 30Days
Payment
GST No. 24SPBZR3576R1Z5 9951
[em ”™~*~<~drtCSCS<iSYT «dC | Pee | rT | To
Police UV Protected Aviator Sunglasses 3087.00 20237.00
Calvin Klein Polarized Sunglasses 363.00 29983.80
Sub Total 108365.30
Terms & Conditions Discount 5418.27
1. Goods once sold will not be taken back or exchanged.
2. Please make the payment within 30 days. Grand Total 102947.04
Authorised signature Lo
"
Invoice_2024-06-24_11-26-09_71.pdf,"Invoice details:
Invoice no.: 269
Date issued: 15-02-2020
Invoice From :
Specsworld Opticians
45, 4th Main, Jayamahal Extension, Mumbai - 400005 GSTIN: 29AADCS3456G1ZR
specsworldopticians@gmail.com Pan: RFRBG7060G
Contact no.: 9900232338 State: Maharashtra
Invoice To:
Pooja Mehta
67, Hibiscus Crescent GSTIN: 24DJGUO2856W1Z9
Belgaum Pan: STMHN6985V
Contact no.: 9194287516 Email: poojamehta@gmail.com State: Karnataka
Item Name HSN/SAC Qty Unit Price IGST Amount
Calvin Klein Square
Sunglasses 9008 1 3045.00 18% 3045.00
Fitovers Polarized
Sunglasses 9008 3 1466.00 18% 4398.00
Tommy Hilfiger UV
Protected Square
Sunglasses 9004 1 1251.00 18% 1251.00
Sub total 8694.00
IGST 18% 1564.92
Grand Total 10258.92
Terms & Conditions
1. Payment terms are valid thirty (20) days from the date of this invoice, subject to a Y2 of 2%
discount if paid within ten (10) days of the date of this invoice.
2. 30 days limited warranty unless stated otherwise in this invoice.
3. Balance due within 15 days of Invoice date. There shall be 10% Interest per Month thereafter.
4. A copy of this invoice is required, otherwise the warranty process stated herein will be delayed.
"
Invoice_2024-06-24_11-25-47_49.pdf,"Invoice details:
Invoice no.: 925
Date issued: 20-12-2020
Invoice From :
Specsworld Opticians
45, 4th Main, Jayamahal Extension, Mumbai - 400005 GSTIN: 29AADCS3456G1ZR
specsworldopticians@gmail.com Pan: RFRBG7060G
Contact no.: 9900232338 State: Maharashtra
Invoice To:
Anil Sharma
66, Hibiscus Avenue GSTIN: 24QKIAD71790121
Belgaum Pan: SDJVO6869T
Contact no.: 9362020496 Email: anilsharma@gmail.com State: Karnataka
Item Name HSN/SAC Qty Unit Price IGST Amount
Fitovers Polarized
Sunglasses 9007 3 4155.00 18% 12465.00
Ray-Ban Aviator
Classic Sunglasses 9008 1 3390.00 18% 3390.00
Fastrack Gradient
Wayfarer Sunglasses 9008 1 4720.00 18% 4720.00
Sub total 20575.00
IGST 18% 3703.50
Grand Total 24278.50
Terms & Conditions
1. Payment terms are valid thirty (20) days from the date of this invoice, subject to a Y2 of 2%
discount if paid within ten (10) days of the date of this invoice.
2. 30 days limited warranty unless stated otherwise in this invoice.
3. Balance due within 15 days of Invoice date. There shall be 10% Interest per Month thereafter.
4. A copy of this invoice is required, otherwise the warranty process stated herein will be delayed.
"
002676-Anushka-Rao.pdf,"No 20, Ground Floor, Brigade Road, Bangalore - 560001

Bill To Invoice # 002676

Anushka Rao Invoice Date 06/06/2023
14, Cedar Road, Udaipur,

Rajasthan, India P.O.# a

Olin Description Unit Price Amount

2 Ray-Ban Aviator Classic Sunglasses 3,599.00 7,198.00

3 Fastrack UV Protected Aviator Sunglasses 2,199.00 6,597.00

Subtotal 13,795.00

GST 18.0% 2,483.10

TOTAL 4444 X 16,278.10
"
OpticalInvoice_2024-07-18_18-30-38_103.pdf,"Plot No. 45, GIDC Industrial Estate, Vatva, Ahmedabad, Gujarat
OPTICAL GLASSES GSTIN: 27AJHCU1234L1ZA
PERFECTING YOUR EYE PAN: RTRBG5397G
SN CeomA Invoice Date Order No Order Date Ref No Ref Date SDYocreTiPLaCIyIy Dispatch Through
1646 04-10-2023 EC1306 02-10-2023 1612 04-10-2023
Bill To Ship To
Veena Kapoor Veena Kapoor
56 Diamond Plaza, Athwalines Road, Near Kargil Chowk, Gujarat-395007 56 Diamond Plaza, Athwalines Road, Near Kargil Chowk, Gujarat-395007
State: Maharashtra State: Maharashtra
GSTIN: 2€2WVEUE3832G1Z9 PAN: IESYL1711V GSTIN: 2€4WVEUE3832G1Z9 PAN: IESYL1711V
| Sr.no_| Item Description | HSN | Rate | Batch ~—|_ Qty | CGST sestT_ | Amount
1 Fossil Men’s Polarized 8860 876.00 20231004-253 14 1103.76 | 1103.76 14471.52
Sunglasses
2 . 8922 2933.00 20231004-010 11 2903.67 2903.67 38070.34
Fossil Men’s Square Sunglasses
3 Diesel Women’s Square 8464 3926.00 20231004-475 16 5653.44 | 5653.44 74122.88
Sunglasses
SUB TOTAL 126664.74
Discount 6333.24
GRAND TOTAL 120331.50
Terms & Condition
1) Goods once sold will not be taken back or exchanged
2) Any warranty claim will not be accepted without warranty card
3) Payment to be made within 30 days
"
OpticalInvoice_2024-07-18_18-28-59_4.pdf,"Plot No. 45, GIDC Industrial Estate, Vatva, Ahmedabad, Gujarat
OPTICAL GLASSES GSTIN: 27AJHCU1234L1ZA
PERFECTING YOUR EYE PAN: RTRBG5397G
SN CeomA Invoice Date Order No Order Date Ref No Ref Date SDYocreTiPLaCIyIy Dispatch Through
1033 06-10-2023 EC1015 04-10-2023 1494 06-10-2023
Bill To Ship To
Sunil Verma Sunil Verma
45 Ruby Residency, Gandhinagar Road, Near Adalaj Stepwell, Gujarat-382421 45 Ruby Residency, Gandhinagar Road, Near Adalaj Stepwell, Gujarat-382421
State: Maharashtra State: Maharashtra
GSTIN: 2€4TWFHZ8242E1Z1 PAN: FVWTB7473L GSTIN: 24TWFHZ8242E1Z1 PAN: FVWTB7473L
| Sr.no_| Item Description | HSN | Rate ~—|_—Batch_~—s|_ Qty (| CGST scst_ | Amount
1 . 8424 4920.00 20231006-269 13 5756.40 5756.40 75472.80
Fossil Men’s Square Sunglasses
2 Fossil UV Protected Wayfarer | 7754 4057.00 20231006-731 17 6207.21 6207.21 81383.42
Sunglasses
Bobster Eyewear Fuel
3 . 7602 3196.00 20231006-519 20 5752.80 5752.80 75425.60
Photochromic Goggles
SUB TOTAL 232281.82
Discount 11614.09
GRAND TOTAL 220667.73
Terms & Condition
1) Goods once sold will not be taken back or exchanged
2) Any warranty claim will not be accepted without warranty card
3) Payment to be made within 30 days
"
ApexInvoice_2024-07-18_18-27-42_55.pdf,"Wo APEX EYEWEAR
APEX WEAR

New Hind House, Narottam Morarjee Marg, Ballard Estate, Tax Invoice

Mumbai, Maharashtra

GSTIN: 27AAACR7147G1ZQ

[Name [Vinod Rao «|S vole [16

395007

a

PPanNo. | SSSscuaeeac «CSC RefNo

station ——_—isurat—

[Name [Vinod Rao

395007 Payment

sete [Cat

| PanNo. | Fspcuse64c

[em ”™~*~<~drtCSCS<iSYT «dC | Pee | rT | To

[Carrera UnisexcAdult Rectangular Sunglasses | 0542 | Ta00% | 90] 16500 | 2997.00 1964700_|

es

es es
Sub Total 114336.10

Terms & Conditions Discount 5716.81

1. Goods once sold will not be taken back or exchanged.

2. Please make the payment within 30 days. Grand Total 108619.30

[Authorised signature] OOOOOSCSCSCS
"
OpticalInvoice_2024-07-18_18-29-43_48.pdf,"Plot No. 45, GIDC Industrial Estate, Vatva, Ahmedabad, Gujarat
OPTICAL GLASSES GSTIN: 27AJHCU1234L1ZA
PERFECTING YOUR EYE PAN: RTRBG5397G
SN CeomA Invoice Date Order No Order Date Ref No Ref Date SDYocreTiPLaCIyIy Dispatch Through
1121 16-01-2023 EC1757 14-01-2023 1650 16-01-2023
Bill To Ship To
Naveen Singh Naveen Singh
78 Sapphire Residency, Waghodia Road, Near Ambe Vidyalaya, Gujarat-390019 78 Sapphire Residency, Waghodia Road, Near Ambe Vidyalaya, Gujarat-390019
State: Maharashtra State: Maharashtra
GSTIN: 24GPSOW9064Y1Z0 PAN: BKWTW6848H GSTIN: 24GPSOW9064Y1Z0 PAN: BKWTW6848H
| Sr.no_| Item Description | HSN | Rate ~—|_—Batch_~—s|_ Qty (| CGST scst_ | Amount
1 Tommy Hilfiger Men's 8913 1236.00 20230116-383 12 1334.88 1334.88 17501.76
Rectangular Sunglasses
2 Diesel Unisex Aviator 7206 1027.00 20230116-118 14 1294.02 1294.02 16966.04
Sunglasses
3 Oakley Men’s Rectangular 8250 692.00 20230116-469 10 622.80 622.80 8165.60
Sunglasses
SUB TOTAL 42633.40
Discount 2131.67
GRAND TOTAL 40501.73
Terms & Condition
1) Goods once sold will not be taken back or exchanged
2) Any warranty claim will not be accepted without warranty card
3) Payment to be made within 30 days
"
23029-Mira-Sethi.pdf,"Titan Eyeplus
No 13, 3rd Block, 12th Main, Koramangala, Bangalore - 560034
BILL TO INVOICE # 23029
Mira Sethi INVOICE DATE 09/06/2023
6, Sunflower Street, Amritsar,
; ; P.O.# 23839
Punjab, India
Invoice Total ¥ 17,692.92
QTY DESCRIPTION UNIT PRICE AMOUNT
3 Ray-Ban Wayfarer Sunglasses 2,099.00 6,297.00
3 Oakley Flak 2.0 XL Sunglasses 2,899.00 8,697.00
Subtotal 14,994.00
GST 18.0% 2,698.92
"
27048-Snehal-Mehta.pdf,"INVOICE # 27048
iN VO ( = INVOICE DATE 18/04/2023
P.O.# 83208
FROM BILL TO INVOICE TOTAL
Gangar Eyenation Snehal Mehta
No. 50, MG Road, Near 15, Tulip Road, x 8,608. 1 0
Trinity Circle, Bangalore - | Chandigarh, Haryana,
560001 India
DESCRIPTION UNIT PRICE QTY AMOUNT
Police Aviator Sunglasses 4,099.00 1 4,099.00
IDEAL Blue Cut Reading Glasses 799.00 4 3,196.00
SUBTOTAL 7,295.00
GST 18.0% 1,313.10
TOTAL = 8,608.10
Powered by Invoice Home
"
27043-Karan-Joshi.pdf,"INVOICE # 27043
NN VO ( = INVOICE DATE 13/04/2023
P.O.# 83203
FROM BILL TO INVOICE TOTAL
Gangar Eyenation Karan Joshi
No. 50, MG Road, Near 34, Lotus Lane, Pune, x 1 0,331 14
Trinity Circle, Bangalore - Maharashtra, India
560001
DESCRIPTION UNIT PRICE QTY AMOUNT
Ray-Ban Wayfarer Sunglasses 2,199.00 3 6,597.00
Fastrack Aviator Metal Frame Sunglasses 1,599.00 4 6,396.00
SUBTOTAL 12,993.00
GST 18.0% 2,338.74
TOTAL = 15,331.74
Powered by Invoice Home
"
ApexInvoice_2024-07-18_18-28-01_74.pdf,"APEX WEAR
New Hind House, Narottam Morarjee Marg, Ballard Estate, Tax Invoice
Mumbai, Maharashtra
GSTIN: 27AAACR7147G1ZQ
Bill To Invoice Details
|State | Gujarat E1510
GST No. 24EBYU7672N1Z0 10-09-2023
| Pan No. | TZNQS2599W | RefNo 103
13-09-2023
Ship To | Station [Surat
| Name | Shraddha Joshi Blue Dart
56 Diamond Garden, City Light Road, Near Galaxy Circle, Gujarat-395007 Terms of
Address 30Days
Payment
GST No. 24EBYU7672N1Z0 9409
[em ”™~*~<~drtCSCS<iSYT «dC | Pee | rT | To
Tommy Hilfiger Women’s Oval Sunglasses | 8644 | 18.00% | 90 | 180.00 | 2916.00] 19116.00
Sub Total 131021.30
Terms & Conditions Discount 6551.07
1. Goods once sold will not be taken back or exchanged.
2. Please make the payment within 30 days. Grand Total 124470.24
Authorised signature Lo
"
OpticalInvoice_2024-07-18_18-30-13_78.pdf,"Plot No. 45, GIDC Industrial Estate, Vatva, Ahmedabad, Gujarat
OPTICAL GLASSES GSTIN: 27AJHCU1234L1ZA
PERFECTING YOUR EYE PAN: RTRBG5397G
SN CeomA Invoice Date Order No Order Date Ref No Ref Date SDYocreTiPLaCIyIy Dispatch Through
1805 14-07-2023 EC1002 12-07-2023 1167 14-07-2023
Bill To Ship To
Ravi Verma Ravi Verma
78 Sapphire Springs, Raiya Road, Near Rajkot Junction, Gujarat-360007 78 Sapphire Springs, Raiya Road, Near Rajkot Junction, Gujarat-360007
State: Maharashtra State: Maharashtra
GSTIN: 24DLHTM4726W1Z2 PAN: USHAK3740W GSTIN: 2€4DLHTM4726W1Z2 PAN: USHAK3740W
| Sr.no_| Item Description | HSN | Rate ~—|_—Batch_~—s|_ Qty (| CGST scst_ | Amount
1 . 8632 4621.00 20230714-363 13 5406.57 5406.57 70886.14
Police Men’s Round Sunglasses
2 Police UV Protected Square | 7774 1984.00 20230714-789 19 3392.64 | 3392.64 44481.28
Sunglasses
3 Oakley Men's Rectangular 8994 4809.00 20230714-423 14 6059.34 | 6059.34 79444.68
Sunglasses
SUB TOTAL 194812.10
Discount 9740.61
GRAND TOTAL 185071.50
Terms & Condition
1) Goods once sold will not be taken back or exchanged
2) Any warranty claim will not be accepted without warranty card
3) Payment to be made within 30 days
"
ApexInvoice_2024-07-18_18-28-37_110.pdf,"Wo APEX EYEWEAR
APEX WEAR
New Hind House, Narottam Morarjee Marg, Ballard Estate, Tax Invoice
Mumbai, Maharashtra
GSTIN: 27AAACR7147G1ZQ
[Name [Rakesh Patel] volte No [205
380015
rsete [Carat
pPanNow | HuMHWas74k | RefNo 86
station ‘surat
[Name [Rakesh Patel
380015 Payment
sete [Crt
pPanNow | HUMHWA574K
[em ”™~*~<~drtCSCS<iSYT «dC | Pee | rT | To
[Oakley Women's Rectangular Sunglasses | 7074 | 180% | @0 | 9400 | 135360] 087360
es
es es
Sub Total 56492.50
Terms & Conditions Discount 2824.63
1. Goods once sold will not be taken back or exchanged.
2. Please make the payment within 30 days. Grand Total 53667.88
[Authorised signature] OOOOOSCSCSCS
"
2731256-Poonam-Singh.pdf,"No. 124, ist Main, 7th Block, Koramangala, Bangalore - 560095
Bill To Invoice # Invoice Date
Poonam Singh 2731256 06/12/2023
56, Bluebell Boulevard,
Chandigarh, Haryana Inca ee...
8376
ohn) Description Unit Price Amount
3 Vincent Chase Full Rim Spectacle Frames 1,399.00 4,197.00
3 Lenskart Polarized Wayfarer Sunglasses 1,799.00 5,397.00
SS Subtotal 9,594.00
GST 18.0% 1,726.92
Invoice Total = 11,320.92
ee lial eS
ee ail
Powered by Invoice Home
"
ApexInvoice_2024-07-18_18-27-27_40.pdf,"APEX WEAR
New Hind House, Narottam Morarjee Marg, Ballard Estate, Tax Invoice
Mumbai, Maharashtra
GSTIN: 27AAACR7147G1ZQ
Bill To Invoice Details
|State | Gujarat E1407
GST No. 24EYCZA4429U1Z5 16-06-2023
| Pan No. | MIFLH7538Q P RefNo [112
19-06-2023
Ship To | Station [Surat
|Name | ArunKapoor Blue Dart
45 Ruby Residency, Sector 29, Near Adalaj Stepwell, Gujarat-382421 Terms of
Address 30Days
Payment
GST No. 24EYCZA4429U1Z5 9433
[em ”™~*~<~drtCSCS<iSYT «dC | Pee | rT | To
Vogue Eyewear Women’s Round Sunglasses 533.00 6289.40
Titan Men's Wayfarer Sunglasses 5385.60 35305.60
Sub Total 119091.50
Terms & Conditions Discount 5954.58
1. Goods once sold will not be taken back or exchanged.
2. Please make the payment within 30 days. Grand Total 113136.93
Authorised signature Lo
"
ApexInvoice_2024-07-18_18-28-25_98.pdf,"APEX WEAR
New Hind House, Narottam Morarjee Marg, Ballard Estate, Tax Invoice
Mumbai, Maharashtra
GSTIN: 27AAACR7147G1ZQ
Bill To Invoice Details
pState [Gujrat E1760
GST No. 24LGSCQ1078Q1Z5 08-04-2023
ship To [station (surat
23 Pearl Point, Science City Road, Near SG Highway, Gujarat-380060 Terms of
Address 30Days
Payment
GST No. 24LGSCQ1078Q1Z5 9859
[em ”™~*~<~drtCSCS<iSYT «dC | Pee | rT | To
Oakley Women’s Rectangular Sunglasses | 7370 «| 18.00% | 60 | 285.00 | 3078.00 20178.00
Emporio Armani Unisex-Adult Sunglasses 395.00 23305.00
Calvin Klein Men’s Rectangular Sunglasses 2086.20 13676.20
Sub Total 64841.00
Terms & Conditions Discount 3242.05
1. Goods once sold will not be taken back or exchanged.
2. Please make the payment within 30 days. Grand Total 61598.95
Authorised signature Po
"
PerfectVisionInvoice_2024-07-08_18-33-29_58.pdf,"INVOICE . .
Perfect Vision Opticals
28, 1st Floor, 2nd Cross, 1st Block, RT Nagar, Mumbai-400050
GSTIN: 28AJHCU1234L1ZA PAN: RFRBG5397G
Invoice No: 48602 BILL TO
Invoice Date: 11-05-2021 Manish Sharma
P.O.No: 5436 62, Rosewood Avenue
P.O.Date: 09-05-2021 Belgaum
Ref No: 5343 Pan No: QPVQX7570J
Ref Date: 11-05-2021 Mobile No: 9692775289
Email: manishsharma@gmail.com
GSTIN: 24KPTEW987411Z0
Description In Detail Code Qty Price IGST Discount Total
Lenskart Air Wrap-Around 9005 1 4303.00 18% 215.15 4087.85
Sunglasses
Vogue Eyewear Women's 9008 2 1806.00 18% 180.60 3431.40
Round Sunglasses
Emporio Armani Unisex-Adult | 9997 2 1966.00 18% 196.60 3735.40
Sunglasses
TOTAL 592.35 11254.65
Sub Total 11254.65
IGST @ 18% 2025.84
Grand Total 13280.49
PAYMENT METHOD
we Accept the PayPal, Master Card, VISA and E- Wallets
Terms & Condition:
1. Goods Once Sold Will Not be Taken Back
2. Goods Can be Exchanged During 2:00 pm to 4:00 pm
Thank you for business & visit Again
"
Invoice_2024-06-24_11-26-17_79.pdf,"Invoice details:
Invoice no.: 586
Date issued: 26-02-2020
Invoice From :
Specsworld Opticians
45, 4th Main, Jayamahal Extension, Mumbai - 400005 GSTIN: 29AADCS3456G1ZR
specsworldopticians@gmail.com Pan: RFRBG7060G
Contact no.: 9900232338 State: Maharashtra
Invoice To:
Pooja Gupta
29, Cedar Lane GSTIN: 24ESST16824S129
Mangalore Pan: ZZNKZ8460G
Contact no.: 9192843531 Email: poojagupta@gmail.com State: Karnataka
Item Name HSN/SAC Qty Unit Price IGST Amount
Fitovers Polarized
Sunglasses 9008 2 2246.00 18% 4492.00
Persol Rectangular
Sunglasses 9007 2 4492.00 18% 8984.00
Nova Bluecut
Eyeglasses (Zero
Power) 9006 2 2989.00 18% 5978.00
Sub total 19454.00
IGST 18% 3501.72
Grand Total 22955.72
Terms & Conditions
1. Payment terms are valid thirty (20) days from the date of this invoice, subject to a Y2 of 2%
discount if paid within ten (10) days of the date of this invoice.
2. 30 days limited warranty unless stated otherwise in this invoice.
3. Balance due within 15 days of Invoice date. There shall be 10% Interest per Month thereafter.
4. A copy of this invoice is required, otherwise the warranty process stated herein will be delayed.
"
141493-Siddharth-Sharma.pdf,"Lawrence and Mayo

4, Near MG Road Metro Station, MG Road, Bangalore - 560001

BILL TO INVOICE # 141493

Siddharth Sharma INVOICE DATE 03/10/2023

19, Lily Lane, Kanpur, Uttar

Pradesh, India P.O.# 7330

i X 10,143.2

Invoice Total 0,143.28

QTY DESCRIPTION UNIT PRICE AMOUNT

2 Lenskart Air Wrap-Around Sunglasses 1,999.00 3,998.00

2 Tommy Hilfiger UV Protected Square Sunglasses 2,299.00 4,598.00

Subtotal 8,596.00

GST 18.0% 1,547.28
"
OpticalInvoice_2024-07-18_18-29-40_45.pdf,"Plot No. 45, GIDC Industrial Estate, Vatva, Ahmedabad, Gujarat
OPTICAL GLASSES GSTIN: 27AJHCU1234L1ZA
PERFECTING YOUR EYE PAN: RTRBG5397G
SN CeomA Invoice Date Order No Order Date Ref No Ref Date SDYocreTiPLaCIyIy Dispatch Through
1866 23-06-2023 EC1020 21-06-2023 1389 23-06-2023
Bill To Ship To
Mohit Gupta Mohit Gupta
45 Ruby Residency, Infocity Road, Near GMDC Ground, Gujarat-382421 45 Ruby Residency, Infocity Road, Near GMDC Ground, Gujarat-382421
State: Maharashtra State: Maharashtra
GSTIN: 24XLCRG1790V1Z0 PAN: UIKST7148Q GSTIN: 24XLCRG1790V1Z0 PAN: UIKST7148Q
| Sr.no_| Item Description | HSN | Rate ~—|_—Batch_~—s|_ Qty (| CGST scst_ | Amount
1 Fossil Women’s Rectangular | po54 3054.00 20230623-818 15 4122.90 | 4122.90 54055.80
Sunglasses
2 . 8750 1456.00 20230623-006 14 1834.56 1834.56 24053.12
Fossil Men’s Square Sunglasses
3 Vogue Eyewear Women's 8413 4090.00 20230623-163 15 5521.50 }| 5521.50 72393.00
Round Sunglasses
SUB TOTAL 150501.92
Discount 7525.10
GRAND TOTAL 142976.82
Terms & Condition
1) Goods once sold will not be taken back or exchanged
2) Any warranty claim will not be accepted without warranty card
3) Payment to be made within 30 days
"
PerfectVisionInvoice_2024-07-08_18-33-35_64.pdf,"INVOICE . .
Perfect Vision Opticals
28, 1st Floor, 2nd Cross, 1st Block, RT Nagar, Mumbai-400050
GSTIN: 28AJHCU1234L1ZA PAN: RFRBG5397G
Invoice No: 67363 BILL TO
Invoice Date: 15-03-2021 Veena Kapoor
P.O.No: 6725 47, Maple Boulevard
P.O.Date: 13-03-2021 Mangalore
Ref No: 6144 Pan No: NNPDL7984R
Ref Date: 15-03-2021 Mobile No: 9491445666
Email: veenakapoor@gmail.com
GSTIN: 24AXBHY5132A1Z5
Description In Detail Code Qty Price IGST Discount Total
Calvin Klein Square Sunglasses ||} 9004 2 4091.00 18% 409.10 7772.90
Oakley Men's Rectangular 9007 3 1822.00 18% 273.30 5192.70
Sunglasses
Tommy Hilfiger UV Protected | agg¢ 3 2061.00 18% 309.15 5873.85
Square Sunglasses
TOTAL 991.55 18839.45
Sub Total 18839.45
IGST @ 18% 3391.10
Grand Total 22230.55
PAYMENT METHOD
we Accept the PayPal, Master Card, VISA and E- Wallets
Terms & Condition:
1. Goods Once Sold Will Not be Taken Back
2. Goods Can be Exchanged During 2:00 pm to 4:00 pm
Thank you for business & visit Again
"
Invoice_2024-06-24_11-25-33_35.pdf,"Invoice details:
Invoice no.: 812
Date issued: 17-03-2020
Invoice From :
Specsworld Opticians
45, 4th Main, Jayamahal Extension, Mumbai - 400005 GSTIN: 29AADCS3456G1ZR
specsworldopticians@gmail.com Pan: RFRBG7060G
Contact no.: 9900232338 State: Maharashtra
Invoice To:
Vikash Mehta
28, Lotus Drive GSTIN: 24RVFLP5141X12Z2
Belgaum Pan: NUOEE5278R
Contact no.: 9500590205 Email: vikashmehta@gmail.com State: Karnataka
Item Name HSN/SAC Qty Unit Price IGST Amount
Polarized Wrap
Around Sports
Sunglasses 9004 2 4431.00 18% 8862.00
Police Men’s Round
Sunglasses 9005 1 1618.00 18% 1618.00
Tommy Hilfiger UV
Protected Square
Sunglasses 9008 3 3456.00 18% 10368.00
Sub total 20848.00
IGST 18% 3752.64
Grand Total 24600.64
Terms & Conditions
1. Payment terms are valid thirty (20) days from the date of this invoice, subject to a Y2 of 2%
discount if paid within ten (10) days of the date of this invoice.
2. 30 days limited warranty unless stated otherwise in this invoice.
3. Balance due within 15 days of Invoice date. There shall be 10% Interest per Month thereafter.
4. A copy of this invoice is required, otherwise the warranty process stated herein will be delayed.
"
ApexInvoice_2024-07-18_18-28-34_107.pdf,"Wo APEX EYEWEAR
APEX WEAR
New Hind House, Narottam Morarjee Marg, Ballard Estate, Tax Invoice
Mumbai, Maharashtra
GSTIN: 27AAACR7147G1ZQ
[Name [| _—_——MansiGupta || tvoleeNo [1039
sete [Carat
pPanNo. | vsMoazosoT. | SL RefNo SS
station —_—isurat—
[Name MansiGupia
360005 Payment
sete [Cat
Pano. | ____—VSMOAR08OT
[em ”™~*~<~drtCSCS<iSYT «dC | Pee | rT | To
[Emporio Armani Unisex-Adult Sunglasses | 6935 | Taoo% | 80 | 5000 | 72000 | 472000_|
es
es
Sub Total 29423.30
Terms & Conditions Discount 1471.17
1. Goods once sold will not be taken back or exchanged.
2. Please make the payment within 30 days. Grand Total 27952.14
[Authorised signature] OOOOOSCSCSCS
"
ApexInvoice_2024-07-18_18-26-56_9.pdf,"APEX WEAR
New Hind House, Narottam Morarjee Marg, Ballard Estate, Tax Invoice
Mumbai, Maharashtra
GSTIN: 27AAACR7147G1ZQ
Bill To Invoice Details
382421
GST No. 24SGUCO4208S1Z7 25-09-2023
ship To [station (surat
45 Ruby Residency, Gandhinagar Road, Near Adalaj Stepwell, Gujarat- Terms of
GST No. 24SGUCO4208S1Z7 9188
[em ”™~*~<~drtCSCS<iSYT «dC | Pee | rT | To
Police UV Protected Square Sunglasses 169.00 5982.60
Nova Bluecut Eyeglasses (Zero Power) 3723.30 24408.30
Vincent Chase Blue Cut Computer Glasses 496.00 892.80
Sub Total 51524.70
Terms & Conditions Discount 2576.24
1. Goods once sold will not be taken back or exchanged.
2. Please make the payment within 30 days. Grand Total 48948.47
Authorised signature Lo
"
Invoice_2024-06-24_11-25-40_42.pdf,"Invoice details:
Invoice no.: 575
Date issued: 04-06-2020
Invoice From :
Specsworld Opticians
45, 4th Main, Jayamahal Extension, Mumbai - 400005 GSTIN: 29AADCS3456G1ZR
specsworldopticians@gmail.com Pan: RFRBG7060G
Contact no.: 9900232338 State: Maharashtra
Invoice To :
Anil Sharma
66, Hibiscus Avenue GSTIN: 24PUXWU8529X1Z3
Belgaum Pan: LACDV5529J
Contact no.: 9244735817 Email: anilsharma@gmail.com State: Karnataka
Item Name HSN/SAC Qty Unit Price IGST Amount
IDEAL Spectacle
Frames for Men &
Women 9006 2 4603.00 18% 9206.00
John Jacobs Gold-
Rimmed Aviator
Sunglasses 9004 2 4343.00 18% 8686.00
Nova Bluecut
Eyeglasses (Zero
Power) 9008 1 3998.00 18% 3998.00
Sub total 21890.00
IGST 18% 3940.20
Grand Total 25830.20
Terms & Conditions
1. Payment terms are valid thirty (20) days from the date of this invoice, subject to a Y2 of 2%
discount if paid within ten (10) days of the date of this invoice.
2. 30 days limited warranty unless stated otherwise in this invoice.
3. Balance due within 15 days of Invoice date. There shall be 10% Interest per Month thereafter.
4. A copy of this invoice is required, otherwise the warranty process stated herein will be delayed.
"
2459-Kavita-Patel.pdf,"Optik Eyewear
No 22, 4th Cross, Sampige Road, Malleswaram, Bangalore - 560003
Bill To Invoice # Invoice Date
Kavita Patel 2459 09/10/2023
88, Orchid Avenue, Baroda,
5299
ohn) Description Unit Price Amount
2 Bobster Eyewear Fuel Photochromic Goggles 3,599.00 7,198.00
2 Fitovers Polarized Sunglasses 2,899.00 5,798.00
SS Subtotal 12,996.00
GST 18.0% 2,339.28
Invoice Total X 15,335.28
EEE eS
ee ail
Powered by Invoice Home
"
Invoice_2024-06-24_11-25-49_51.pdf,"Invoice details:
Invoice no.: 275
Date issued: 28-08-2020
Invoice From :
Specsworld Opticians
45, 4th Main, Jayamahal Extension, Mumbai - 400005 GSTIN: 29AADCS3456G1ZR
specsworldopticians@gmail.com Pan: RFRBG7060G
Contact no.: 9900232338 State: Maharashtra
Invoice To:
Suresh Sharma
12, Palm Drive GSTIN: 240UUPW4767R1Z2
Bangalore Pan: TBYUA1659K
Contact no.: 9758522252 Email: sureshsharma@gmail.com State: Karnataka
Item Name HSN/SAC Qty Unit Price IGST Amount
Puma Men’s
Wayfarer Sunglasses 9007 3 4951.00 18% 14853.00
Calvin Klein Square
Sunglasses 9004 2 1851.00 18% 3702.00
Bobster Eyewear
Fuel Photochromic
Goggles 9005 2 2824.00 18% 5648.00
Sub total 24203.00
IGST 18% 4356.54
Grand Total 28559.54
Terms & Conditions
1. Payment terms are valid thirty (20) days from the date of this invoice, subject to a Y2 of 2%
discount if paid within ten (10) days of the date of this invoice.
2. 30 days limited warranty unless stated otherwise in this invoice.
3. Balance due within 15 days of Invoice date. There shall be 10% Interest per Month thereafter.
4. A copy of this invoice is required, otherwise the warranty process stated herein will be delayed.
"
12096-Anushka-Rao.pdf,"LensCrafters
No. 25, 3rd Floor, Orion Mall, Brigade Gateway, Dr. Rajkumar Road,
Malleshwaram, Bangalore - 560055

Bill To Invoice # 12096

Anushka Rao Invoice Date 06/12/2023
14, Cedar Road, Udaipur,

Rajasthan, India P.O. oo

2 Fitovers Polarized Wrap-Around Sunglasses 2,199.00 4,398.00

2 Bobster Phoenix OTG Goggles 1,999.00 3,998.00

Subtotal 8,396.00

GST 18.0% 1,511.28

TOTAL /// dh % 9,907.28
"
OpticalInvoice_2024-07-18_18-29-52_57.pdf,"Plot No. 45, GIDC Industrial Estate, Vatva, Ahmedabad, Gujarat
OPTICAL GLASSES GSTIN: 27AJHCU1234L1ZA
PERFECTING YOUR EYE PAN: RTRBG5397G
SN CeomA Invoice Date Order No Order Date Ref No Ref Date SDYocreTiPLaCIyIy Dispatch Through
1069 01-10-2023 EC1156 29-09-2023 1394 01-10-2023
Bill To Ship To
Suraj Kumar Suraj Kumar
67 Diamond Heights, Athwalines Road, Near Kargil Chowk, Gujarat-395007 67 Diamond Heights, Athwalines Road, Near Kargil Chowk, Gujarat-395007
State: Maharashtra State: Maharashtra
GSTIN: 24PYKMT4660Y1Z2_ PAN: SJSHV5461V GSTIN: 24PYKMT4660Y1Z2_ PAN: SJSHV5461V
| Sr.no_| Item Description | HSN | Rate ~—|_—Batch_~—s|_ Qty (| CGST scst_ | Amount
1 [Tommy Hilfiger Men’s Wayfarer) 5446 4849.00 20231001-697 15 6546.15 6546.15 85827.30
Sunglasses
2 Police UV Protected Square | Fo4y 3111.00 20231001-555 16 4479.84 | 4479.84 58735.68
Sunglasses
Calvin Klein Polarized
3 8117 1377.00 20231001-138 18 2230.74 2230.74 29247.48
Sunglasses
SUB TOTAL 173810.46
Discount 8690.52
GRAND TOTAL 165119.94
Terms & Condition
1) Goods once sold will not be taken back or exchanged
2) Any warranty claim will not be accepted without warranty card
3) Payment to be made within 30 days
"
04358-Manish-Joshi.pdf,"Trendy Eyes INVOICE
No 324, 1st Floor, 9th Main, 1st Block, HRBR Layout, Bangalore - 560043
Bill To Invoice # 04358
Manish Joshi Invoice Date 08/07/2023
47, Lily Lane, Jaipur, Rajasthan,
; P.0O.# 2938
India
DESCRIPTION UNIT PRICE AMOUNT
Lenskart Air Round Sunglasses 2,099.00 6,297.00
Vincent Chase Full Rim Wayfarer Frames 1,499.00 4,497.00
Subtotal 10,794.00
GST 18.0% 1,942.92
TOTAL X 12,736.92
Powered by Invoice Home
"
ApexInvoice_2024-07-18_18-28-14_87.pdf,"APEX WEAR
New Hind House, Narottam Morarjee Marg, Ballard Estate, Tax Invoice
Mumbai, Maharashtra
GSTIN: 27AAACR7147G1ZQ
Bill To Invoice Details
GST No. 24LRXZE2836Y1Z5 06-10-2023
| Pan No. | FKOTRE024H | RefNo [144
ship To [station (surat
Payment
GST No. 24LRXZE2836Y1Z5 9550
| Pan No. _| FKOTRE024H 08-11-2023
[em ”™~*~<~drtCSCS<iSYT «dC | Pee | rT | To
Oakley Women’s Rectangular Sunglasses 266.00 10985.80
Tommy Hilfiger Men’s Wayfarer Sunglasses | 84388 | 18.00% | 60 | 117.00 | 1263.60 8283.60
Sub Total 45347.40
Terms & Conditions Discount 2267.37
1. Goods once sold will not be taken back or exchanged.
2. Please make the payment within 30 days. Grand Total 43080.03
Authorised signature Lo
"
ApexInvoice_2024-07-18_18-27-17_30.pdf,"Wo APEX EYEWEAR
APEX WEAR
New Hind House, Narottam Morarjee Marg, Ballard Estate, Tax Invoice
Mumbai, Maharashtra
GSTIN: 27AAACR7147G1ZQ
[Name [| _————ViayMehta || vole No [1983
rsete [Carat
pPanNow | RQSGLI2088 | RefNo
station ‘surat
[Name [Vey Mehta
Gujarat-360005 Payment
sete [Cat
Panne. [| ——=—C*RSGLI2O
[em ”™~*~<~drtCSCS<iSYT «dC | Pee | rT | To
es
es es
Sub Total 83662.00
Terms & Conditions Discount 4183.10
1. Goods once sold will not be taken back or exchanged.
2. Please make the payment within 30 days. Grand Total 79478.90
[Authorised signature] OOOOOSCSCSCS
"
OpticalInvoice_2024-07-18_18-29-23_28.pdf,"Plot No. 45, GIDC Industrial Estate, Vatva, Ahmedabad, Gujarat
OPTICAL GLASSES GSTIN: 27AJHCU1234L1ZA
PERFECTING YOUR EYE PAN: RTRBG5397G
SN CeomA Invoice Date Order No Order Date Ref No Ref Date SDYocreTiPLaCIyIy Dispatch Through
1840 25-12-2023 EC1778 23-12-2023 1479 25-12-2023
Bill To Ship To
Reema Patel Reema Patel
12 Sapphire Park, Ambli Road, Near Anandnagar Cross Road, Gujarat-380015 12 Sapphire Park, Ambli Road, Near Anandnagar Cross Road, Gujarat-380015
State: Maharashtra State: Maharashtra
GSTIN: 24LALKS4353V1Z4 PAN: JIDBY3916S GSTIN: 24LALKS4353V1Z4 PAN: JIDBY3916S
| Sr.no_| Item Description | HSN | Rate ~—|_—Batch_~—s|_ Qty (| CGST scst_ | Amount
1 Carrera Unisex-Adult 7297 2848.00 20231225-023 17 4357.44 | 4357.44 57130.88
Rectangular Sunglasses
2 . 8820 2757.00 20231225-278 17 4218.21 4218.21 55305.42
Prada Men’s Aviator Sunglasses
3 a . 8640 580.00 20231225-695 10 522.00 522.00 6844.00
Maui Jim Polarized Sunglasses
SUB TOTAL 119280.30
Discount 5964.02
GRAND TOTAL 113316.29
Terms & Condition
1) Goods once sold will not be taken back or exchanged
2) Any warranty claim will not be accepted without warranty card
3) Payment to be made within 30 days
"
ApexInvoice_2024-07-18_18-28-00_73.pdf,"APEX WEAR
New Hind House, Narottam Morarjee Marg, Ballard Estate, Tax Invoice
Mumbai, Maharashtra
GSTIN: 27AAACR7147G1ZQ
Bill To Invoice Details
|State | Gujarat E1148
GST No. 24SIETJ9250X1Z0 08-01-2023
| Pan No. | LPRHA2902H PRefNo [187
11-01-2023
Ship To | Station [Surat
| Name | Ashok Kumar Blue Dart
23 Pearl Point, Science City Road, Near SG Highway, Gujarat-380060 Terms of
Address 30Days
Payment
GST No. 24SIETJ9250X1Z0 9483
[em ”™~*~<~drtCSCS<iSYT «dC | Pee | rT | To
Emporio Armani Women's Aviator Sunglasses 336.00
Emporio Armani Unisex-Adult Sunglasses 2406 60
Tommy Hilfiger Women’s Aviator Sunglasses | 7123, | 18.00% | 90 | 165.00 | 2673.00
Maui Jim Polarized Sunglasses 369.00 | 1660.50] 10885.50
Sub Total 46179.30
Terms & Conditions Discount 2308.97
1. Goods once sold will not be taken back or exchanged.
2. Please make the payment within 30 days. Grand Total 43870.34
Authorised signature Lo
"
OpticalInvoice_2024-07-18_18-28-55_1.pdf,"Plot No. 45, GIDC Industrial Estate, Vatva, Ahmedabad, Gujarat
OPTICAL GLASSES GSTIN: 27AJHCU1234L1ZA
PERFECTING YOUR EYE PAN: RTRBG5397G
SN CeomA Invoice Date Order No Order Date Ref No Ref Date SDYocreTiPLaCIyIy Dispatch Through
1027 30-10-2023 EC1910 28-10-2023 1056 30-10-2023
Bill To Ship To
Kavita Patel Kavita Patel
56 Diamond Park, Udhna Magdalla Road, Near VR Surat, Gujarat-395007 56 Diamond Park, Udhna Magdalla Road, Near VR Surat, Gujarat-395007
State: Maharashtra State: Maharashtra
GSTIN: 24KPAOI9194V1Z6 PAN: TLWEC6310F GSTIN: 24KPAOI9194V1Z6 PAN: TLWEC6310F
| Sr.no_| Item Description | HSN | Rate ~—|_—Batch_~—s|_ Qty (| CGST scst_ | Amount
1 Tommy Hilfiger Women’s 8004 1545.00 20231030-479 11 1529.55 1529.55 20054.10
Aviator Sunglasses
2 Oakley Polarized Sports 8720 4801.00 20231030-662 19 8209.71 | 8209.71 107638.42
Sunglasses
3 Calvin Klein Women’s Oval 7645 3742.00 20231030-929 18 6062.04 | 6062.04 79480.08
Sunglasses
SUB TOTAL 207172.60
Discount 10358.63
GRAND TOTAL 196813.97
Terms & Condition
1) Goods once sold will not be taken back or exchanged
2) Any warranty claim will not be accepted without warranty card
3) Payment to be made within 30 days
"
002673-Siddharth-Sharma.pdf,"No 20, Ground Floor, Brigade Road, Bangalore - 560001

Bill To Invoice # 002673

Siddharth Sharma Invoice Date 03/06/2023
19, Lily Lane, Kanpur, Uttar

Pradesh, India P.O.# ame

Qty Description Unit Price Amount

3 Carrera Oversized Sunglasses 2,599.00 7,797.00

3 Vincent Chase Full Rim Wayfarer Frames 1,799.00 5,397.00

Subtotal 13,194.00

GST 18.0% 2,374.92

TOTAL 444 = 15,568.92
"
OpticalInvoice_2024-07-18_18-29-41_46.pdf,"Plot No. 45, GIDC Industrial Estate, Vatva, Ahmedabad, Gujarat
OPTICAL GLASSES GSTIN: 27AJHCU1234L1ZA
PERFECTING YOUR EYE PAN: RTRBG5397G
SN CeomA Invoice Date Order No Order Date Ref No Ref Date SDYocreTiPLaCIyIy Dispatch Through
1460 09-04-2023 EC1645 07-04-2023 1581 09-04-2023
Bill To Ship To
Shreya Das Shreya Das
78 Crystal View, Old Padra Road, Near Inox Multiplex, Gujarat-390020 78 Crystal View, Old Padra Road, Near Inox Multiplex, Gujarat-390020
State: Maharashtra State: Maharashtra
GSTIN: 24VAAVB5339A1Z0 PAN: GYOVQ9396A GSTIN: 24VAAVB5339A1Z0 PAN: GYOVQ9396A
| Sr.no_| Item Description | HSN | Rate | Batch ~—|_ Qty | CGST sestT_ | Amount
1 Fastrack Gradient Wayfarer | 3474 2368.00 20230409-372 16 3409.92 3409.92 44707.84
Sunglasses
2 Fossil UV Protected Wayfarer | 2759 2680.00 20230409-144 19 4582.80 4582.80 60085.60
Sunglasses
3 a . 8241 3877.00 20230409-707 20 6978.60 6978.60 91497.20
Maui Jim Polarized Sunglasses
SUB TOTAL 196290.64
Discount 9814.53
GRAND TOTAL 186476.11
Terms & Condition
1) Goods once sold will not be taken back or exchanged
2) Any warranty claim will not be accepted without warranty card
3) Payment to be made within 30 days
"
ApexInvoice_2024-07-18_18-27-34_47.pdf,"APEX WEAR
New Hind House, Narottam Morarjee Marg, Ballard Estate, Tax Invoice
Mumbai, Maharashtra
GSTIN: 27AAACR7147G1ZQ
Bill To Invoice Details
GST No. 24ANQWU4053D1Z0 05-05-2023
ship To [station (surat
| Name | Preeti Malhotra Blue Dart
91 Ruby Residency, Infocity Road, Near GMDC Ground, Gujarat-382421 Terms of
Address 30Days
Payment
GST No. 24ANQWU4053D1Z0 9209
[em ”™~*~<~drtCSCS<iSYT «dC | Pee | rT | To
Carrera Women’s Aviator Sunglasses 8008 335.00
Fossil UV Protected Wayfarer Sunglasses 403.00 | 3627.00
Armani Exchange Rectangular Sunglasses 6850.40
Sub Total 65200.90
Terms & Conditions Discount 3260.05
1. Goods once sold will not be taken back or exchanged.
2. Please make the payment within 30 days. Grand Total 61940.86
Authorised signature Lo
"
7326-Rajesh-Verma.pdf,"John Jacobs Eyewear INVOICE
2nd Floor, Garuda Mall, Magrath Road, Ashok Nagar, Bangalore - 560025
Bill To Invoice # 7326
Rajesh Verma Invoice Date 06/08/2023
12, Pine Crescent, Indore, Madhya
Pradesh, India P.O# 246
DESCRIPTION UNIT PRICE AMOUNT
Nova Anti-Glare Computer Glasses 2,599.00 5,198.00
IDEAL Full Rim Spectacle Frames 999.00 2,997.00
Subtotal 8,195.00
GST 18.0% 1,475.10
TOTAL = 9,670.10
Powered by Invoice Home
"
B-4701-Amit-Singh.pdf,"INVOICE # B/4701 INVOICE DATE 01/07/2023
P.0.# 09481
BILL TO Ben Franklin Opticians
Amit Singh 438, 17th Main, 4th T Block,
55, Carnation Road, Jaipur, Jayanagar, Bangalore - 560041
Rajasthan, India
oun 4 DESCRIPTION UNIT PRICE AMOUNT
2 Ray-Ban Aviator Classic Sunglasses 3,599.00 7,198.00
3 Fastrack UV Protected Aviator Sunglasses 1,299.00 3,897.00
Subtotal 11,095.00
GST 18.0% 1,997.10
INVOICE TOTAL X 13,092.10
Powered by Invoice Home
"
Invoice_2024-06-24_11-26-13_75.pdf,"Invoice details:
Invoice no.: 440
Date issued: 13-12-2020
Invoice From :
Specsworld Opticians
45, 4th Main, Jayamahal Extension, Mumbai - 400005 GSTIN: 29AADCS3456G1ZR
specsworldopticians@gmail.com Pan: RFRBG7060G
Contact no.: 9900232338 State: Maharashtra
Invoice To:
Reena Das
85, Rosewood Lane GSTIN: 24HPSTM6428Q1Z9
Hubli Pan: YIBWN1613J
Contact no.: 9285750017 Email: reenadas@gmail.com State: Karnataka
Item Name HSN/SAC Qty Unit Price IGST Amount
Polarized Wrap
Around Sports
Sunglasses 9008 3 3726.00 18% 11178.00
Lenskart Air Wrap-
Around Sunglasses 9007 3 1693.00 18% 5079.00
Ray-Ban Aviator
Classic Sunglasses 9008 2 3425.00 18% 6850.00
Sub total 23107.00
IGST 18% 4159.26
Grand Total 27266.26
Terms & Conditions
1. Payment terms are valid thirty (20) days from the date of this invoice, subject to a Y2 of 2%
discount if paid within ten (10) days of the date of this invoice.
2. 30 days limited warranty unless stated otherwise in this invoice.
3. Balance due within 15 days of Invoice date. There shall be 10% Interest per Month thereafter.
4. A copy of this invoice is required, otherwise the warranty process stated herein will be delayed.
"
OpticalInvoice_2024-07-18_18-29-46_51.pdf,"Plot No. 45, GIDC Industrial Estate, Vatva, Ahmedabad, Gujarat
OPTICAL GLASSES GSTIN: 27AJHCU1234L1ZA
PERFECTING YOUR EYE PAN: RTRBG5397G
Invoice No Invoice Date Order No Order Date Ref No Ref Date Destination Dispatch Through
1991 22-04-2023 EC1697 20-04-2023 1967 22-04-2023
Bill To Ship To
Sanjay Jha Sanjay Jha
45 Ruby Residency, Gandhinagar Road, Near Adalaj Stepwell, Gujarat-382421 45 Ruby Residency, Gandhinagar Road, Near Adalaj Stepwell, Gujarat-382421
State: Maharashtra State: Maharashtra
GSTIN: 24RSDZH907111Z7 PAN: ZVEWM1793M GSTIN: 24RSDZH907111Z7 PAN: ZVEWM1793M
| Sr.no_| Item Description | HSN | Rate ~—|_—Batch_~—s|_ Qty (| CGST scst_ | Amount
1 Fastrack Gradient Wayfarer | 355 528.00 20230422-947 15 712.80 712.80 9345.60
Sunglasses
2 Prada Polarized Round 8610 3483.00 20230422-155 14 4388.58 | 4388.58 57539.16
Sunglasses
Carrera Women’s Aviator
3 8188 808.00 20230422-329 18 1308.96 1308.96 17161.92
Sunglasses
SUB TOTAL 84046.68
Discount 4202.33
GRAND TOTAL 79844.35
Terms & Condition
1) Goods once sold will not be taken back or exchanged
2) Any warranty claim will not be accepted without warranty card
3) Payment to be made within 30 days
"
OpticalInvoice_2024-07-18_18-29-42_47.pdf,"Plot No. 45, GIDC Industrial Estate, Vatva, Ahmedabad, Gujarat
OPTICAL GLASSES GSTIN: 27AJHCU1234L1ZA
PERFECTING YOUR EYE PAN: RTRBG5397G
SN CeomA Invoice Date Order No Order Date Ref No Ref Date SDYocreTiPLaCIyIy Dispatch Through
1070 14-05-2023 EC1469 12-05-2023 1099 14-05-2023
Bill To Ship To
Vijay Sethi Vijay Sethi
34 Emerald Enclave, Alkapuri Main Road, Near Inorbit Mall, Gujarat-390007 34 Emerald Enclave, Alkapuri Main Road, Near Inorbit Mall, Gujarat-390007
State: Maharashtra State: Maharashtra
GSTIN: 24LAO0GA6013Q1Z2 PAN: RNLBU42370 GSTIN: 24LA0GA6013Q1Z2 PAN: RNLBU42370
| Sr.no_| Item Description | HsN | Rate = | Batch_~—|_ Qty _—(| —CGsT scst_ | Amount
1 Oakley Polarized Sports 7525 2512.00 20230514-633 15 3391.20 3391.20 44462.40
Sunglasses
2 | Tommy Hilfiger Men's Wayfarer) 5,7, 2702.00 20230514-304 16 3890.88 3890.88 51013.76
Sunglasses
3 Oakley Women’s Rectangular | pao. 732.00 20230514-632 14 922.32 922.32 12092.64
Sunglasses
SUB TOTAL 107568.80
Discount 5378.44
GRAND TOTAL 102190.36
Terms & Condition
1) Goods once sold will not be taken back or exchanged
2) Any warranty claim will not be accepted without warranty card
3) Payment to be made within 30 days
"
Invoice_2024-06-24_11-25-35_37.pdf,"Invoice details:
Invoice no.: 110
Date issued: 20-08-2020
Invoice From :
Specsworld Opticians
45, 4th Main, Jayamahal Extension, Mumbai - 400005 GSTIN: 29AADCS3456G1ZR
specsworldopticians@gmail.com Pan: RFRBG7060G
Contact no.: 9900232338 State: Maharashtra
Invoice To:
Vishal Desai
43, Pine Boulevard GSTIN: 24EKVTV7044J124
Mysore Pan: PZERP38890
Contact no.: 9576278758 Email: vishaldesai@gmail.com State: Karnataka
Item Name HSN/SAC Qty Unit Price IGST Amount
Fitovers Polarized
Sunglasses 9008 2 1623.00 18% 3246.00
Fastrack Gradient
Wayfarer Sunglasses 9005 3 829.00 18% 2487.00
John Jacobs Gold-
Rimmed Aviator
Sunglasses 9006 2 1223.00 18% 2446.00
Sub total 8179.00
IGST 18% 1472.22
Grand Total 9651.22
Terms & Conditions
1. Payment terms are valid thirty (20) days from the date of this invoice, subject to a %2 of 2%
discount if paid within ten (10) days of the date of this invoice.
2. 30 days limited warranty unless stated otherwise in this invoice.
3. Balance due within 15 days of Invoice date. There shall be 10% Interest per Month thereafter.
4. A copy of this invoice is required, otherwise the warranty process stated herein will be delayed.
"
ApexInvoice_2024-07-18_18-28-33_106.pdf,"APEX WEAR
New Hind House, Narottam Morarjee Marg, Ballard Estate, Tax Invoice
Mumbai, Maharashtra
GSTIN: 27AAACR7147G1ZQ
Bill To Invoice Details
GST No. 24DVUXH2926L1Z4 06-02-2023
ship To [station (surat
78 Crystal View, Old Padra Road, Near Inox Multiplex, Gujarat-390020 Terms of
Address 30Days
Payment
GST No. 24DVUXH2926L1Z4 9670
[em ”™~*~<~drtCSCS<iSYT «dC | Pee | rT | To
Sub Total 43170.30
Terms & Conditions Discount 2158.52
1. Goods once sold will not be taken back or exchanged.
2. Please make the payment within 30 days. Grand Total 41011.79
Authorised signature Lo
"
ApexInvoice_2024-07-18_18-28-36_109.pdf,"APEX WEAR
New Hind House, Narottam Morarjee Marg, Ballard Estate, Tax Invoice
Mumbai, Maharashtra
GSTIN: 27AAACR7147G1ZQ
Bill To Invoice Details
| Name | Tanya Gupta | InvoiceNo [1464
GST No. 24LZVVR2875P1Z4 07-08-2023
| Pan No. | PNOKK3895R | RefNo {162
ship To [station surat
Payment
GST No. 24LZVVR2875P1Z4 9891
| Pano. | PNOKK3895R 09-09-2023
[em ”™~*~<~drtCSCS<iSYT «dC | Pee | rT | To
Diesel Women’s Square Sunglasses 160.00 | 1008.00 | 6608.00
Fastrack UV Protected Aviator Sunglasses | 7643. =| 18.00% | 90 | 433.00 45984.60
John Jacobs Gold-Rimmed Aviator Sunglasses | 682, | 18.00% | 80 | 108.00
Sub Total 66168.50
Terms & Conditions Discount 3308.43
1. Goods once sold will not be taken back or exchanged.
2. Please make the payment within 30 days. Grand Total 62860.08
Authorised signature Lo
"
ApexInvoice_2024-07-18_18-26-47_1.pdf,"APEX WEAR
New Hind House, Narottam Morarjee Marg, Ballard Estate, Tax Invoice
Mumbai, Maharashtra
GSTIN: 27AAACR7147G1ZQ
Bill To Invoice Details
GST No. 24BSUGC4345Z1Z4 06-11-2023
ship To [station (surat
91 Ruby Residency, Infocity Road, Near GMDC Ground, Gujarat-382421 Terms of
Address 30Days
Payment
GST No. 24BSUGC4345Z1Z4 9117
[em ”™~*~<~drtCSCS<iSYT «dC | Pee | rT | To
Polarized Wrap Around Sports Sunglasses 8208.00 53808.00
Sub Total 111881.70
Terms & Conditions Discount 5594.09
1. Goods once sold will not be taken back or exchanged.
2. Please make the payment within 30 days. Grand Total 106287.62
Authorised signature Lo
"
1442-Nisha-Verma.pdf,"FROM BILL T0
Specsmakers Opticians Nisha Verma
1075, 12th Main, HAL 2nd Stage, 88, Marigold Boulevard, Patna,
Indiranagar, Bangalore - 560008 Bihar, India
INVOICE # INVOICE DATE P.0.#
1442 02/02/2023 94822
ary DESCRIPTION UNIT PRICE AMOUNT
4 Vincent Chase Rimless Spectacle Frames 1,099.00 4,396.00
3 Lenskart Clip-On Sunglasses 1,999.00 5,997.00
Subtotal 10,393.00
GST 18.0% 1,870.74
Total = 12,263.74
Powered. by Invoice Home
"
OpticalInvoice_2024-07-18_18-29-24_29.pdf,"Plot No. 45, GIDC Industrial Estate, Vatva, Ahmedabad, Gujarat
OPTICAL GLASSES GSTIN: 27AJHCU1234L1ZA
PERFECTING YOUR EYE PAN: RTRBG5397G
SN CeomA Invoice Date Order No Order Date Ref No Ref Date SDYocreTiPLaCIyIy Dispatch Through
1615 15-06-2023 EC1557 13-06-2023 1116 15-06-2023
Bill To Ship To
Neha Jain Neha Jain
91 Ruby Regency, Sardar Patel Ring Road, Near GIDC Estate, Gujarat-382415 91 Ruby Regency, Sardar Patel Ring Road, Near GIDC Estate, Gujarat-382415
State: Maharashtra State: Maharashtra
GSTIN: 24RAQKO7048H1Z4 PAN: EEWDA6297G GSTIN: 24RAQKO7048H1Z4 PAN: EEWDA6297G
| Sr.no_| Item Description | HSN | Rate ~—|_—Batch_~—s|_ Qty (| CGST scst_ | Amount
1 . 8674 515.00 20230615-815 12 556.20 556.20 7292.40
Fossil Men’s Square Sunglasses
2 Diesel Women’s Square 7593 4040.00 20230615-212 17 6181.20 | 6181.20 81042.40
Sunglasses
Armani Exchange Rectangular | 76-5 3076.00 20230615-869 3875.76 | 3875.76 50815.52
Sunglasses
SUB TOTAL 139150.32
Discount 6957.52
GRAND TOTAL 132192.80
Terms & Condition
1) Goods once sold will not be taken back or exchanged
2) Any warranty claim will not be accepted without warranty card
3) Payment to be made within 30 days
"
133-Karan-Joshi.pdf,"FROM BILL TO
Vision Express Karan Joshi
1st Floor, Phoenix Marketcity, 34, Lotus Lane, Pune,
Whitefield Main Road, Bangalore - Maharashtra, India
560066
INVOICE # INVOICE DATE P.0.#
133 23/01/2023 0223
ary DESCRIPTION UNIT PRICE AMOUNT
2 Calvin Klein Aviator Sunglasses 2,199.00 5,598.00
2 Emporio Armani Round Sunglasses 3,199.00 6,398.00
Subtotal 11,996.00
GST 18.0% 2,159.28
Total = 14,155.28
Powered. by Invoice Home
"
ApexInvoice_2024-07-18_18-27-52_65.pdf,"APEX WEAR
New Hind House, Narottam Morarjee Marg, Ballard Estate, Tax Invoice
Mumbai, Maharashtra
GSTIN: 27AAACR7147G1ZQ
Bill To Invoice Details
|State | Gujrat £1926
GST No. 24BZWZL5462T1Z4 03-08-2023
| Pan No. | UAKGR7948L p RefNo [116
06-08-2023
Ship To | Station [Surat
| Name | Aakash Mehta Blue Dart
12 Diamond Enclave, Ambawadi Road, Near Ambli BRTS, Gujarat-380015 Terms of
Address 30Days
Payment
GST No. 24BZWZL5462T1Z4 9506
[em ”™~*~<~drtCSCS<iSYT «dC | Pee | rT | To
Fossil Men's Aviator Sunglasses 819.00 5369.00
John Jacobs Gold-Rimmed Aviator Sunglasses 7290.00 47790.00
Fastrack Gradient Wayfarer Sunglasses 9186.30
Sub Total 83160.50
Terms & Conditions Discount 4158.03
1. Goods once sold will not be taken back or exchanged.
2. Please make the payment within 30 days. Grand Total 79002.48
Authorised signature Lo
"
PerfectVisionInvoice_2024-07-08_18-33-18_47.pdf,"INVOICE . .
Perfect Vision Opticals
28, 1st Floor, 2nd Cross, 1st Block, RT Nagar, Mumbai-400050
GSTIN: 28AJHCU1234L1ZA PAN: RFRBG5397G
Invoice No: 30593 BILL TO
Invoice Date: 14-01-2021 Ankita Verma
P.O.No: 4326 36, Cedar Street
P.O.Date: 12-01-2021 Mysore
Ref No: 5551 Pan No: UDDJA8551V
Ref Date: 14-01-2021 Mobile No: 9277117978
Email: ankitaverma@gmail.com
GSTIN: 24PRFQK9652U1Z9
Description In Detail Code Qty Price IGST Discount Total
Fastrack UV Protected Aviator 3
Sunglasses 9004 1 2554.00 18% 127.70 2426.30
Fastrack Gradient Wayfarer 3
Sunglasses 9005 2 3006.00 18% 300.60 5711.40
Ray-Ban Aviator Classic °
Sunglasses 9008 1 4395.00 18% 219.75 4175.25
TOTAL 648.05 12312.95
Sub Total 12312.95
IGST @ 18% 2216.33
Grand Total 14529.28
PAYMENT METHOD
we Accept the PayPal, Master Card, VISA and E- Wallets
Terms & Condition:
1. Goods Once Sold Will Not be Taken Back
2. Goods Can be Exchanged During 2:00 pm to 4:00 pm
Thank you for business & visit Again
"
ApexInvoice_2024-07-18_18-26-52_5.pdf,"VW APEX EYEWEAR
APEX WEAR

New Hind House, Narottam Morarjee Marg, Ballard Estate, Tax Invoice

Mumbai, Maharashtra

GSTIN: 27AAACR7147G1ZQ

[Name] ——CNilesh Desi «|S tvoleeNo [ITI

Psete [Carat

pPanNow | vorDaastiF | RefNo 03

station (surat

[Name] ————SNilesh Desh

390018 Payment

sete [Cat

Panne. | ——~—=SVOFDASTIE

[em ”™~*~<~drtCSCS<iSYT «dC | Pee | rT | To

es

es es
Sub Total 102819.30

Terms & Conditions Discount 5140.97

1. Goods once sold will not be taken back or exchanged.

2. Please make the payment within 30 days. Grand Total 97678.34

[Authorised signature] OOOOOSCSCSCS
"
19008-Snehal-Mehta.pdf,"INVOICE # 19008
iN VO ( = INVOICE DATE 08/05/2023
P.O.# 0838
FROM BILL TO INVOICE TOTAL
Lenskart.com Snehal Mehta
98, 27th Main Rd, 1st 15, Tulip Road, x 8,294.1 0
Sector, HSR Layout, Chandigarh, Haryana,
Bangalore - 560102 India
DESCRIPTION UNIT PRICE QTY AMOUNT
Fitovers Polarized Sunglasses 2,299.00 2 4,598.00
Nova Bluecut Eyeglasses (Zero Power) 799.00 3 2,397.00
SUBTOTAL 6,995.00
GST 18.0% 1,259.10
TOTAL % 8,254.10
Powered by Invoice Home
"
OpticalInvoice_2024-07-18_18-29-03_8.pdf,"Plot No. 45, GIDC Industrial Estate, Vatva, Ahmedabad, Gujarat
OPTICAL GLASSES GSTIN: 27AJHCU1234L1ZA
PERFECTING YOUR EYE PAN: RTRBG5397G
SN CeomA Invoice Date Order No Order Date Ref No Ref Date SDYocreTiPLaCIyIy Dispatch Through
1795 09-04-2023 EC1786 07-04-2023 1746 09-04-2023
Bill To Ship To
Reema Patel Reema Patel
12 Sapphire Park, Ambli Road, Near Anandnagar Cross Road, Gujarat-380015 12 Sapphire Park, Ambli Road, Near Anandnagar Cross Road, Gujarat-380015
State: Maharashtra State: Maharashtra
GSTIN: 24VRALS5292Y1Z6 PAN: NTGGN8366K GSTIN: 24VRALS5292Y1Z6 PAN: NTGGN8366K
| Sr.no_| Item Description | HSN | Rate | Batch ~—|_ Qty | CGST sestT_ | Amount
1 . 7282 2011.00 20230409-103 14 2533.86 2533.86 33221.72
Prada Men’s Aviator Sunglasses
2 Fossil Women’s Rectangular | 7745 702.00 20230409-090 16 1010.88 1010.88 13253.76
Sunglasses
3 . . 8801 920.00 20230409-045 19 1573.20 1573.20 20626.40
Calvin Klein Square Sunglasses
SUB TOTAL 67101.88
Discount 3355.09
GRAND TOTAL 63746.79
Terms & Condition
1) Goods once sold will not be taken back or exchanged
2) Any warranty claim will not be accepted without warranty card
3) Payment to be made within 30 days
"
04360-Vikram-Sethi.pdf,"Trendy Eyes INVOICE
No 324, 1st Floor, 9th Main, 1st Block, HRBR Layout, Bangalore - 560043
Bill To Invoice # 04360
Vikram Sethi Invoice Date 10/07/2023
23, Hibiscus Boulevard, Chennai,
Tamil Nadu, India P.0.# 2940
DESCRIPTION UNIT PRICE AMOUNT
Fastrack Polarized Aviator Sunglasses 3,199.00 6,398.00
Oakley Holbrook Square Sunglasses 3,499.00 6,998.00
Subtotal 13,396.00
GST 18.0% 2,411.28
TOTAL X 15,807.28
Powered by Invoice Home
"
7632358-Manish-Joshi.pdf,"INVOICE # 7632358 INVOICE DATE 08/06/2023
P.O.# 7308
BILL TO Vasan Eye Care
Manish Joshi 44, 3rd Floor, JNC Road,
47, Lily Lane, Jaipur, Rajasthan, Koramangala 5th Block, Bangalore
India - 560095
QTY DESCRIPTION UNIT PRICE AMOUNT
2 Tommy Hilfiger Aviator Sunglasses 2,899.00 5,798.00
3 Polarized Sports Sunglasses for Men & Women 1,399.00 4,197.00
Subtotal 9,995.00
GST 18.0% 1,799.10
INVOICE TOTAL < 11,794.10
Powered by Invoice Home
"
Invoice_2024-06-24_11-25-04_6.pdf,"Invoice details:
Invoice no.: 772
Date issued: 18-12-2020
Invoice From :
Specsworld Opticians
45, 4th Main, Jayamahal Extension, Mumbai - 400005 GSTIN: 29AADCS3456G1ZR
specsworldopticians@gmail.com Pan: RFRBG7060G
Contact no.: 9900232338 State: Maharashtra
Invoice To:
Kunal Sharma
59, Cedar Path GSTIN: 24KSUZT5829N1Z1
Belgaum Pan: RVSAU1164G
Contact no.: 9548455849 Email: kunalsharma@gmail.com State: Karnataka
Item Name HSN/SAC Qty Unit Price IGST Amount
Fitovers Polarized
Sunglasses 9006 2 1782.00 18% 3564.00
Vogue Eyewear
Women’s Round
Sunglasses 9008 3 4264.00 18% 12792.00
Ray-Ban Aviator
Classic Sunglasses 9006 1 1263.00 18% 1263.00
Sub total 17619.00
IGST 18% 3171.42
Grand Total 20790.42
Terms & Conditions
1. Payment terms are valid thirty (20) days from the date of this invoice, subject to a %2 of 2%
discount if paid within ten (10) days of the date of this invoice.
2. 30 days limited warranty unless stated otherwise in this invoice.
3. Balance due within 15 days of Invoice date. There shall be 10% Interest per Month thereafter.
4. A copy of this invoice is required, otherwise the warranty process stated herein will be delayed.
"
002674-Sneha-Kapoor.pdf,"No 20, Ground Floor, Brigade Road, Bangalore - 560001

Bill To Invoice # 002674

Sneha Kapoor Invoice Date 04/06/2023

8, Jasmine Court, Ludhiana, P.O# AAA
Punjab, India

Olin Description Unit Price Amount

2 Lenskart Air Round Sunglasses 2,199.00 4,398.00

3 Vincent Chase Full Rim Wayfarer Frames 1,099.00 3,297.00

Subtotal 7,695.00

GST 18.0% 1,385.10

TOTAL 444 = 9,080.10
"
19006-Priya-Nair.pdf,"INVOICE # 19006
iN VO ( = INVOICE DATE Wo esIPLIPx
P.O.# 0836
FROM BILL TO INVOICE TOTAL
Lenskart.com Priya Nair
98, 27th Main Rd, ‘st 41, Orchid Circle, Kochi, x 9,435.28
Sector, HSR Layout, Kerala, India
Bangalore - 560102
DESCRIPTION UNIT PRICE QTY AMOUNT
Police Men’s Round Sunglasses 1,899.00 2 3,798.00
John Jacobs Gold-Rimmed Aviator Sunglasses 2,099.00 2 4,198.00
SUBTOTAL 7,996.00
GST 18.0% 1,439.28
TOTAL X 9,435.28
Powered by Invoice Home
"
OpticalInvoice_2024-07-18_18-30-37_102.pdf,"Plot No. 45, GIDC Industrial Estate, Vatva, Ahmedabad, Gujarat
OPTICAL GLASSES GSTIN: 27AJHCU1234L1ZA
PERFECTING YOUR EYE PAN: RTRBG5397G
SN CeomA Invoice Date Order No Order Date Ref No Ref Date SDYocreTiPLaCIyIy Dispatch Through
1087 20-01-2023 EC1756 18-01-2023 1314 20-01-2023
Bill To Ship To
Preeti Agarwal Preeti Agarwal
12 Sapphire Heights, Prahladnagar Road, Near Prahladnagar Garden, Gujarat- 12 Sapphire Heights, Prahladnagar Road, Near Prahladnagar Garden, Gujarat-380015
380015
State: Maharashtra State: Maharashtra
GSTIN: 24JNMDX3297P1Z2 PAN: JBLRM2764F GSTIN: 24JNMDX3297P1Z2_ PAN: JBLRM2764F
| Sr.no_| Item Description | HSN | Rate ~—|_—Batch_~—s|_ Qty (| CGST scst_ | Amount
1 Puma Men's Wayfarer 8983 4531.00 20230120-212 10 4077.90 | 4077.90 53465.80
Sunglasses
2 . 8191 2952.00 20230120-485 11 2922.48 2922.48 38316.96
Diesel UV Protected Sunglasses
3 Fossil Men’s Polarized 8979 915.00 20230120-416 13 1070.55 1070.55 14036.10
Sunglasses
SUB TOTAL 105818.86
Discount 5290.94
GRAND TOTAL 100527.92
Terms & Condition
1) Goods once sold will not be taken back or exchanged
2) Any warranty claim will not be accepted without warranty card
3) Payment to be made within 30 days
"
ApexInvoice_2024-07-18_18-27-43_56.pdf,"VW APEX EYEWEAR
APEX WEAR
New Hind House, Narottam Morarjee Marg, Ballard Estate, Tax Invoice
Mumbai, Maharashtra
GSTIN: 27AAACR7147G1ZQ
[Name [ _______AmitKapoor |= No [1970
rsete [Carat
pPanNow | xBYUEAITU | RefNo
station surat
[Name [Amit Kapoor
Gujarat-360001 Payment
a
Panne. [SCOUT
[em ”™~*~<~drtCSCS<iSYT «dC | Pee | rT | To
es
es es
Sub Total 57949.80
Terms & Conditions Discount 2897.49
1. Goods once sold will not be taken back or exchanged.
2. Please make the payment within 30 days. Grand Total 55052.31
[Authorised signature] OOOOOSCSCSCS
"
PerfectVisionInvoice_2024-07-08_18-33-41_70.pdf,"INVOICE .
Perfect Vision Opticals
28, 1st Floor, 2nd Cross, 1st Block, RT Nagar, Mumbai-400050
GSTIN: 28AJHCU1234L1ZA PAN: RFRBG5397G
Invoice No: 24541 BILL TO
Invoice Date: 14-06-2021 Ashok Kumar
P.O.No: 6087 19, Olive Lane
P.O.Date: 12-06-2021 Mysore
Ref No: 6226 Pan No: ZUYYV2193E
Ref Date: 14-06-2021 Mobile No: 9380247773
Email: ashokkumar@gmail.com
GSTIN: 24RJFBO2993A1Z0
Description In Detail Code Qty Price IGST Discount Total
Vincent Chase Blue Cut 9008 3 4233.00 18% 634.95 12064.05
Computer Glasses
Ray-Ban Aviator Classic 9008 2 4362.00 18% 436.20 8287.80
Sunglasses
Lenskart Air Wrap-Around 9006 3 1924.00 18% 288.60 5483.40
Sunglasses
TOTAL 1359.75 25835.25
Sub Total 25835.25
IGST @ 18% 4650.35
Grand Total 30485.60
PAYMENT METHOD
we Accept the PayPal, Master Card, VISA and E- Wallets
Terms & Condition:
1. Goods Once Sold Will Not be Taken Back
2. Goods Can be Exchanged During 2:00 pm to 4:00 pm
Thank you for business & visit Again
"
139-Arvind-Kumar.pdf,"FROM BILL TO
Vision Express Arvind Kumar
1st Floor, Phoenix Marketcity, 98, Lavender Path, Ranchi,
Whitefield Main Road, Bangalore - Jharkhand, India
560066
INVOICE # INVOICE DATE P.0.#
139 29/01/2023 0229
ary DESCRIPTION UNIT PRICE AMOUNT
3 Tommy Hilfiger Sports Sunglasses 2,599.00 7,797.00
2 Ray-Ban Clubmaster Classic Sunglasses 3,599.00 7,198.00
Subtotal 14,995.00
GST 18.0% 2,699.10
Total = 17,694.10
Powered. by Invoice Home
"
1443-Karan-Joshi.pdf,"FROM BILL T0
Specsmakers Opticians Karan Joshi
1075, 12th Main, HAL 2nd Stage, 34, Lotus Lane, Pune,
Indiranagar, Bangalore - 560008 Maharashtra, India
INVOICE # INVOICE DATE P.0.#
1443 03/02/2023 94823
ary DESCRIPTION UNIT PRICE AMOUNT
2 Tommy Hilfiger Wayfarer Sunglasses 2,099.00 4,198.00
3 Lenskart Clip-On Sunglasses 1,899.00 5,697.00
Subtotal 9,895.00
GST 18.0% 1,781.10
Total = 11,676.10
Powered. by Invoice Home
"
ApexInvoice_2024-07-18_18-27-07_20.pdf,"APEX WEAR
New Hind House, Narottam Morarjee Marg, Ballard Estate, Tax Invoice
Mumbai, Maharashtra
GSTIN: 27AAACR7147G1ZQ
Bill To Invoice Details
|State | Gujarat E1289
GST No. 24ITNXS8490S1Z1 25-01-2023
| Pan No. | }ZXOM3383Y P RefNo [135
28-01-2023
ship To [station (surat
56 Diamond Garden, City Light Road, Near Galaxy Circle, Gujarat-395007 Terms of
Address 30Days
Payment
GST No. 241TNXS8490S1Z1 9374
[em ”™~*~<~drtCSCS<iSYT «dC | Pee | rT | To
Fossil Men's Aviator Sunglasses | 7898 =| 18.00% | 90 | 543.00 | 8796.60 57666.60
Calvin Klein Polarized Sunglasses s609 | = 18.00% | 60 | 133.00
Police UV Protected Square Sunglasses 333.00 3929.40
Sub Total 101279.40
Terms & Conditions Discount 5063.97
1. Goods once sold will not be taken back or exchanged.
2. Please make the payment within 30 days. Grand Total 96215.43
Authorised signature Lo
"
ApexInvoice_2024-07-18_18-27-41_54.pdf,"Wo APEX EYEWEAR
APEX WEAR
New Hind House, Narottam Morarjee Marg, Ballard Estate, Tax Invoice
Mumbai, Maharashtra
GSTIN: 27AAACR7147G1ZQ
[Name [Vinod Rao «|S volte [265
395007
a
Pano. | ____—Nvzwbaseim Si RefNo
station —_—isurat—
[Name [Vinod Rao
395007 Payment
a
[Panne [| __——=sNYZMD2S6IM
[em ”™~*~<~drtCSCS<iSYT «dC | Pee | rT | To
es
es es
Sub Total 96665.60
Terms & Conditions Discount 4833.28
1. Goods once sold will not be taken back or exchanged.
2. Please make the payment within 30 days. Grand Total 91832.32
[Authorised signature] OOOOOSCSCSCS
"
OpticalInvoice_2024-07-18_18-30-55_120.pdf,"Plot No. 45, GIDC Industrial Estate, Vatva, Ahmedabad, Gujarat
OPTICAL GLASSES GSTIN: 27AJHCU1234L1ZA
PERFECTING YOUR EYE PAN: RTRBG5397G
SN CeomA Invoice Date Order No Order Date Ref No Ref Date SDYocreTiPLaCIyIy Dispatch Through
1592 11-04-2023 EC1186 09-04-2023 1738 11-04-2023
Bill To Ship To
Amit Kapoor Amit Kapoor
89 Sapphire Enclave, Race Course Ring Road, Near Kuvadava Road, Gujarat- 89 Sapphire Enclave, Race Course Ring Road, Near Kuvadava Road, Gujarat-360001
360001
State: Maharashtra State: Maharashtra
GSTIN: 24AKXVO2319C1Z8 PAN: OKSRH5744K GSTIN: 24AKXVO2319C1Z8 PAN: OKSRH5744K
| Sr.no_| Item Description | HSN | Rate | Batch ~—|_ Qty | CGST sestT_ | Amount
1 . . 7310 3923.00 20230411-615 18 6355.26 6355.26 83324.52
Calvin Klein Square Sunglasses
Vogue Women’s Wayfarer
2 7397 1263.00 20230411-851 19 2159.73 2159.73 28316.46
Sunglasses
3 . 7295 4936.00 20230411-690 14 6219.36 6219.36 81542.72
Puma Men’s Aviator Sunglasses
SUB TOTAL 193183.70
Discount 9659.19
GRAND TOTAL 183524.52
Terms & Condition
1) Goods once sold will not be taken back or exchanged
2) Any warranty claim will not be accepted without warranty card
3) Payment to be made within 30 days
"
PerfectVisionInvoice_2024-07-08_18-33-22_51.pdf,"INVOICE . .
Perfect Vision Opticals
28, 1st Floor, 2nd Cross, 1st Block, RT Nagar, Mumbai-400050
GSTIN: 28AJHCU1234L1ZA PAN: RFRBG5397G
Invoice No: 66536 BILL TO
Invoice Date: 06-12-2021 Manish Joshi
P.O.No: 6631 47, Lily Lane
P.O.Date: 04-12-2021 Mysore
Ref No: 6843 Pan No: JNJPH16420
Ref Date: 06-12-2021 Mobile No: 9384275969
Email: manishjoshi@gmail.com
GSTIN: 24BRLBG5621L1Z2
Description In Detail Code Qty Price IGST Discount Total
Persol Rectangular Sunglasses 9008 1 1417.00 18% 70.85 1346.15
Carrera Unisex-Adult °
Rectangular Sunglasses 9006 1 2023.00 18% 101.15 1921.85
Oakley Men's Rectangular 9007 3 1232.00 18% 184.80 3511.20
Sunglasses
TOTAL 356.80 6779.20
Sub Total 6779.20
IGST @ 18% 1220.26
Grand Total 7999.46
PAYMENT METHOD
we Accept the PayPal, Master Card, VISA and E- Wallets
Terms & Condition:
1. Goods Once Sold Will Not be Taken Back
2. Goods Can be Exchanged During 2:00 pm to 4:00 pm
Thank you for business & visit Again
"
OpticalInvoice_2024-07-18_18-30-29_94.pdf,"Plot No. 45, GIDC Industrial Estate, Vatva, Ahmedabad, Gujarat
OPTICAL GLASSES GSTIN: 27AJHCU1234L1ZA
PERFECTING YOUR EYE PAN: RTRBG5S397G
SN CeomA Invoice Date Order No Order Date Ref No Ref Date SDYocreTiPLaCIyIy Dispatch Through
1257 27-04-2023 EC1108 25-04-2023 1800 27-04-2023
Bill To Ship To
Archana Sharma Archana Sharma
56 Diamond Plaza, Athwalines Road, Near Kargil Chowk, Gujarat-395007 56 Diamond Plaza, Athwalines Road, Near Kargil Chowk, Gujarat-395007
State: Maharashtra State: Maharashtra
GSTIN: 24STLAB9786R1Z9_ PAN: BEVGN4169Y GSTIN: 24STLAB9786R1Z9_ PAN: BEVGN4169Y
| Sr.no_| Item Description | HSN | Rate | Batch ~—|_ Qty | CGST sestT_ | Amount
1 . 7601 1055.00 20230427-594 19 1804.05 1804.05 23653.10
Puma Men’s Aviator Sunglasses
2 . 7083 3219.00 20230427-192 10 2897.10 2897.10 37984.20
Gucci Men’s Square Sunglasses
3 Lenskart Air Wrap-Around 7723 2278.00 20230427-860 20 4100.40 4100.40 53760.80
Sunglasses
SUB TOTAL 115398.10
Discount 5769.91
GRAND TOTAL 109628.20
Terms & Condition
1) Goods once sold will not be taken back or exchanged
2) Any warranty claim will not be accepted without warranty card
3) Payment to be made within 30 days
"
ApexInvoice_2024-07-18_18-27-15_28.pdf,"APEX WEAR
New Hind House, Narottam Morarjee Marg, Ballard Estate, Tax Invoice
Mumbai, Maharashtra
GSTIN: 27AAACR7147G1ZQ
Bill To Invoice Details
GST No. 24NKIUL5774V1Z8 21-01-2023
[Pan No. AWWPKIO7IW Peetno 99
ship To [station (surat
Name | Poonam Singh Blue Dart
89 Ruby Residency, Gondal Road, Near Galaxy Cinema, Gujarat-360001 Terms of
Address 30Days
Payment
GST No. 24NKIUL5774V1Z8 9121
[Pan No. AWWPKTO79W [oue pate (23-02-2023
[em ”™~*~<~drtCSCS<iSYT «dC | Pee | rT | To
Armani Exchange Rectangular Sunglasses 8001.90
Sub Total 162344.40
Terms & Conditions Discount 8117.22
1. Goods once sold will not be taken back or exchanged.
2. Please make the payment within 30 days. Grand Total 154227.18
Authorised signature Po
"
ApexInvoice_2024-07-18_18-27-01_14.pdf,"Wo APEX EYEWEAR
APEX WEAR
New Hind House, Narottam Morarjee Marg, Ballard Estate, Tax Invoice
Mumbai, Maharashtra
GSTIN: 27AAACR7147G1ZQ
[Name [ _____Kavitasharma =| =| [1849—
sete [Carat
pPanNow | cocznsv7aw | RefNo
station ‘surat
[Name] __——__—KevilaShorma
Gujarat-390022 Payment
a
Panne. [| ___——SCDCZNGTIW
[em ”™~*~<~drtCSCS<iSYT «dC | Pee | rT | To
[Ray-Ban Polarized Aviator Sunglasses | 779 | 180% | 60 | 5000 | sao0o | 354000
es
es es
Sub Total 49589.50
Terms & Conditions Discount 2479.48
1. Goods once sold will not be taken back or exchanged.
2. Please make the payment within 30 days. Grand Total 47110.03
[Authorised signature] OOOOOSCSCSCS
"
ApexInvoice_2024-07-18_18-26-49_2.pdf,"APEX WEAR
New Hind House, Narottam Morarjee Marg, Ballard Estate, Tax Invoice
Mumbai, Maharashtra
GSTIN: 27AAACR7147G1ZQ
Bill To Invoice Details
|State | Gujrat E1935
GST No. 24LJZJK8006K1Z7 12-11-2023
| Pan No. | KLZUT9624N P RefNo [153
ship To [station (surat
78 Crystal Park, O.P. Road, Near Vadodara Central Mall, Gujarat-390012 Terms of
Address 30Days
Payment
GST No. 24LJZJK8006K1Z7 9349
[em ”™~*~<~drtCSCS<iSYT «dC | Pee | rT | To
Polarized Wrap Around Sports Sunglasses 539.00 | 4365.90 | 28620.90
Police UV Protected Square Sunglasses 600.00 | 8100.00] 53100.00
Sub Total 134272.20
Terms & Conditions Discount 6713.61
1. Goods once sold will not be taken back or exchanged.
2. Please make the payment within 30 days. Grand Total 127558.59
Authorised signature Lo
"
OpticalInvoice_2024-07-18_18-30-41_106.pdf,"Plot No. 45, GIDC Industrial Estate, Vatva, Ahmedabad, Gujarat
OPTICAL GLASSES GSTIN: 27AJHCU1234L1ZA
PERFECTING YOUR EYE PAN: RTRBG5397G
SN CeomA Invoice Date Order No Order Date Ref No Ref Date SDYocreTiPLaCIyIy Dispatch Through
1007 11-02-2023 EC1869 09-02-2023 1114 11-02-2023
Bill To Ship To
Nilesh Desai Nilesh Desai
34 Emerald Enclave, Karelibaug Main Road, Near Galaxy Cinema, Gujarat-390018 34 Emerald Enclave, Karelibaug Main Road, Near Galaxy Cinema, Gujarat-390018
State: Maharashtra State: Maharashtra
GSTIN: 2€2WCDBA2531K1Z0 PAN: UCFCF5852X GSTIN: 2€4WCDBA2531K1Z0 PAN: UCFCF5852X
| Sr.no_| Item Description | HSN | Rate | Batch ~—|_ Qty | CGST sestT_ | Amount
1 Fastrack Gradient Wayfarer | 73.5 2618.00 20230211-210 15 3534.30 3534.30 46338.60
Sunglasses
Nova Bluecut Eyeglasses (Zero
2 8073 3353.00 20230211-202 14 4224.78 4224.78 55391.56
Power)
Fossil Women’s Rectangular
3 7257 3141.00 20230211-366 18 5088.42 5088.42 66714.84
Sunglasses
SUB TOTAL 168445.00
Discount 8422.25
GRAND TOTAL 160022.75
Terms & Condition
1) Goods once sold will not be taken back or exchanged
2) Any warranty claim will not be accepted without warranty card
3) Payment to be made within 30 days
"
OpticalInvoice_2024-07-18_18-29-07_12.pdf,"Plot No. 45, GIDC Industrial Estate, Vatva, Ahmedabad, Gujarat
OPTICAL GLASSES GSTIN: 27AJHCU1234L1ZA
PERFECTING YOUR EYE PAN: RTRBG5397G
SN CeomA Invoice Date Order No Order Date Ref No Ref Date SDYocreTiPLaCIyIy Dispatch Through
1535 15-05-2023 EC1170 13-05-2023 1189 15-05-2023
Bill To Ship To
Sunil Kumar Sunil Kumar
34 Emerald Valley, Old Padra Road, Near Inox Multiplex, Gujarat-390020 34 Emerald Valley, Old Padra Road, Near Inox Multiplex, Gujarat-390020
State: Maharashtra State: Maharashtra
GSTIN: 24TNSVH1802C1Z5_ PAN: YJXFF6936G GSTIN: 24TNSVH1802C1Z5 PAN: YJXFF6936G
| Sr.no_| Item Description | HSN | Rate | Batch ~—|_ Qty | CGST sestT_ | Amount
1 . 8570 2524.00 20230515-759 16 3634.56 3634.56 47653.12
Gucci Men’s Square Sunglasses
2 . . 7958 702.00 20230515-401 20 1263.60 1263.60 16567.20
Fitovers Polarized Sunglasses
3 Fossil Women's Rectangular | 7647 2690.00 20230515-563 18 4357.80 | 4357.80 57135.60
Sunglasses
SUB TOTAL 121355.92
Discount 6067.80
GRAND TOTAL 115288.12
Terms & Condition
1) Goods once sold will not be taken back or exchanged
2) Any warranty claim will not be accepted without warranty card
3) Payment to be made within 30 days
"
002672-Pooja-Agarwal.pdf,"No 20, Ground Floor, Brigade Road, Bangalore - 560001

Bill To Invoice # 002672

Pooja Agarwal Invoice Date 02/06/2023
47, Daisy Drive, Mysore,

Karnataka, India P.O.# a

Qty Description Unit Price Amount

3 Fastrack Women’s Oval Sunglasses 1,599.00 4,797.00

2 Vogue Eyewear Cat Eye Glasses 2,799.00 5,598.00

Subtotal 10,395.00

GST 18.0% 1,871.10

TOTAL lll X 12,266.10
"
ApexInvoice_2024-07-18_18-27-38_51.pdf,"VW APEX EYEWEAR
APEX WEAR
New Hind House, Narottam Morarjee Marg, Ballard Estate, Tax Invoice
Mumbai, Maharashtra
GSTIN: 27AAACR7147G1ZQ
[Name | ____-Rohanchattejee «|| tvoleeNo [1090
Psete [Carat
Pano. | axa RefNo
station ‘surat
[Name [ ______Rohanchettejee
390018 Payment
a
[Pano | ——S—CXGVHSSBSA
[em ”™~*~<~drtCSCS<iSYT «dC | Pee | rT | To
es
es es
Sub Total 59029.50
Terms & Conditions Discount 2951.48
1. Goods once sold will not be taken back or exchanged.
2. Please make the payment within 30 days. Grand Total 56078.03
[Authorised signature] OOOOOSCSCSCS
"
OpticalInvoice_2024-07-18_18-30-47_112.pdf,"Plot No. 45, GIDC Industrial Estate, Vatva, Ahmedabad, Gujarat
OPTICAL GLASSES GSTIN: 27AJHCU1234L1ZA
PERFECTING YOUR EYE PAN: RTRBG5397G
SN CeomA Invoice Date Order No Order Date Ref No Ref Date SDYocreTiPLaCIyIy Dispatch Through
1777 09-12-2023 EC1547 07-12-2023 1222 09-12-2023
Bill To Ship To
Simran Desai Simran Desai
56 Diamond Plaza, Ghod Dod Road, Near VR Mall, Gujarat-395007 56 Diamond Plaza, Ghod Dod Road, Near VR Mall, Gujarat-395007
State: Maharashtra State: Maharashtra
GSTIN: 24UKEST4721S1Z1 PAN: IPLVR6105J GSTIN: 24UKEST4721S1Z1 PAN: IPLVR6105J
| Sr.no_| Item Description | HSN | Rate ~—|_—Batch_~—s|_ Qty (| CGST scst_ | Amount
1 Diesel Women’s Square 8232 3442.00 20231209-313 19 5885.82 5885.82 77169.64
Sunglasses
2 Police UV Protected Square | 977 637.00 20231209-156 11 630.63 630.63 8268.26
Sunglasses
Carrera Women’s Aviator
3 7358 2645.00 20231209-924 12 2856.60 2856.60 37453.20
Sunglasses
SUB TOTAL 122891.10
Discount 6144.56
GRAND TOTAL 116746.55
Terms & Condition
1) Goods once sold will not be taken back or exchanged
2) Any warranty claim will not be accepted without warranty card
3) Payment to be made within 30 days
"
ApexInvoice_2024-07-18_18-28-31_104.pdf,"APEX WEAR
New Hind House, Narottam Morarjee Marg, Ballard Estate, Tax Invoice
Mumbai, Maharashtra
GSTIN: 27AAACR7147G1ZQ
Bill To Invoice Details
|State | Gujarat E1770
GST No. 24XQRPL2436Z1Z1 16-12-2023
| Pan No. | DECPW6857S | RefNo [102
19-12-2023
Ship To | Station [Surat
| Name | Suresh Sharma Blue Dart
67 Diamond Palace, Parle Point, Near Magdalla Port, Gujarat-395007 Terms of
Address 30Days
Payment
GST No. 24XQRPL2436Z1Z1 9659
[em ”™~*~<~drtCSCS<iSYT «dC | Pee | rT | To
Gucci Men's Aviator Sunglasses 8998 560.00 | 7056.00| 46256.00
Tommy Hilfiger UV Protected Square Sunglasses 30379.10
Sub Total 97509.30
Terms & Conditions Discount 4875.47
1. Goods once sold will not be taken back or exchanged.
2. Please make the payment within 30 days. Grand Total 92633.84
Authorised signature Lo
"
2457-Sunita-Sharma.pdf,"Optik Eyewear
No 22, 4th Cross, Sampige Road, Malleswaram, Bangalore - 560003
Bill To Invoice # Invoice Date
Sunita Sharma 2457 07/10/2023
31, Marigold Drive,
5297
ohn) Description Unit Price Amount
4 IDEAL Spectacle Frames for Men & Women 599.00 2,396.00
3 Polarized Wrap Around Sports Sunglasses 999.00 2,997.00
SS Subtotal 5,393.00
GST 18.0% 970.74
Invoice Total = 6,363.74
ESE eS
ee ail
Powered by Invoice Home
"
04356-Rajesh-Verma.pdf,"Trendy Eyes INVOICE
No 324, 1st Floor, 9th Main, 1st Block, HRBR Layout, Bangalore - 560043
Bill To Invoice # 04356
Rajesh Verma Invoice Date 06/07/2023
12, Pine Crescent, Indore, Madhya
Pradesh, India P.O# 2936
DESCRIPTION UNIT PRICE AMOUNT
Fastrack Women’s Oval Sunglasses 1,599.00 4,797.00
Vogue Eyewear Cat Eye Glasses 2,899.00 5,798.00
Subtotal 10,595.00
GST 18.0% 1,907.10
Powered by Invoice Home
"
ApexInvoice_2024-07-18_18-26-54_7.pdf,"APEX WEAR
New Hind House, Narottam Morarjee Marg, Ballard Estate, Tax Invoice
Mumbai, Maharashtra
GSTIN: 27AAACR7147G1ZQ
Bill To Invoice Details
|State | Gujarat £1306
GST No. 24GNXQN6860U1Z9 07-07-2023
| Pan No. | RCXWZ4397U P RefNo [197
10-07-2023
Ship To | Station [Surat
23 Pearl Paradise, CG Road, Near Law Garden, Gujarat-380009 Terms of
Address 30Days
Payment
GST No. 24GNXQN6860U1Z9 9245
[em ”™~*~<~drtCSCS<iSYT «dC | Pee | rT | To
Fossil Women’s Cat-Eye Sunglasses 3095.10 20290.10
Polarized Wrap Around Sports Sunglasses 9432.00 61832.00
Carrera Men‘s Rectangular Sunglasses 6816.60 44686.60
Sub Total 129711.50
Terms & Conditions Discount 6485.58
1. Goods once sold will not be taken back or exchanged.
2. Please make the payment within 30 days. Grand Total 123225.93
Authorised signature Lo
"
Invoice_2024-06-24_11-26-22_84.pdf,"Invoice details:
Invoice no.: 292
Date issued: 14-05-2020
Invoice From :
Specsworld Opticians
45, 4th Main, Jayamahal Extension, Mumbai - 400005 GSTIN: 29AADCS3456G1ZR
specsworldopticians@gmail.com Pan: RFRBG7060G
Contact no.: 9900232338 State: Maharashtra
Invoice To:
Pooja Mehta
67, Hibiscus Crescent GSTIN: 24HWPGC5410R1Z2
Belgaum Pan: IVWDK2600T
Contact no.: 9542694199 Email: poojamehta@gmail.com State: Karnataka
Item Name HSN/SAC Qty Unit Price IGST Amount
Tommy Hilfiger UV
Protected Square
Sunglasses 9008 1 2324.00 18% 2324.00
Carrera Unisex-Adult
Rectangular
Sunglasses 9007 2 2553.00 18% 5106.00
Oakley Men’s
Rectangular
Sunglasses 9006 3 4948.00 18% 14844.00
Sub total 22274.00
IGST 18% 4009.32
Grand Total 26283.32
Terms & Conditions
1. Payment terms are valid thirty (20) days from the date of this invoice, subject to a Y2 of 2%
discount if paid within ten (10) days of the date of this invoice.
2. 30 days limited warranty unless stated otherwise in this invoice.
3. Balance due within 15 days of Invoice date. There shall be 10% Interest per Month thereafter.
4. A copy of this invoice is required, otherwise the warranty process stated herein will be delayed.
"
Invoice_2024-06-24_11-25-03_5.pdf,"Invoice details:
Invoice no.: 873
Date issued: 22-01-2020
Invoice From :
Specsworld Opticians
45, 4th Main, Jayamahal Extension, Mumbai - 400005 GSTIN: 29AADCS3456G1ZR
specsworldopticians@gmail.com Pan: RFRBG7060G
Contact no.: 9900232338 State: Maharashtra
Invoice To:
Amit Kumar
17, Maple Drive GSTIN: 24NHVPK7842X124
Bangalore Pan: NWXCU3241W
Contact no.: 9168342482 Email: amitkumar@gmail.com State: Karnataka
Item Name HSN/SAC Qty Unit Price IGST Amount
Vogue Eyewear
Women’s Round
Sunglasses 9005 1 1439.00 18% 1439.00
Nova Bluecut
Eyeglasses (Zero
Power) 9006 1 4971.00 18% 4971.00
Police Men’s Round
Sunglasses 9007 3 3532.00 18% 10596.00
Sub total 17006.00
IGST 18% 3061.08
Grand Total 20067.08
Terms & Conditions
1. Payment terms are valid thirty (20) days from the date of this invoice, subject to a %2 of 2%
discount if paid within ten (10) days of the date of this invoice.
2. 30 days limited warranty unless stated otherwise in this invoice.
3. Balance due within 15 days of Invoice date. There shall be 10% Interest per Month thereafter.
4. A copy of this invoice is required, otherwise the warranty process stated herein will be delayed.
"
27042-Nisha-Verma.pdf,"INVOICE # PAA
NN VO ( = INVOICE DATE 12/04/2023
P.O.# 83202
FROM BILL TO INVOICE TOTAL
Gangar Eyenation Nisha Verma
No. 50, MG Road, Near 88, Marigold Boulevard, x 21 ,/06.1 0
Trinity Circle, Bangalore - Patna, Bihar, India
560001
DESCRIPTION UNIT PRICE QTY AMOUNT
Calvin Klein Square Sunglasses 3,199.00 3 9,597.00
Gucci Oversized Square Sunglasses 4,399.00 2 8,798.00
SUBTOTAL 18,395.00
GST 18.0% 3,311.10
TOTAL = 21,706.10
Powered by Invoice Home
"
B-4708-Snehal-Mehta.pdf,"INVOICE # B/4708 INVOICE DATE 08/07/2023
P.O.# 09488
BILL TO Ben Franklin Opticians
Snehal Mehta 438, 17th Main, 4th T Block,
15, Tulip Road, Chandigarh, Jayanagar, Bangalore - 560041
Haryana, India
oun 4 DESCRIPTION UNIT PRICE AMOUNT
2 Fitovers Polarized Sunglasses 2,999.00 5,198.00
2 Bobster Eyewear Fuel Photochromic Goggles 2,099.00 4,198.00
Subtotal 9,396.00
GST 18.0% 1,691.28
INVOICE TOTAL X 11,087.28
Powered by Invoice Home
"
Invoice_2024-06-24_11-26-10_72.pdf,"Invoice details:
Invoice no.: 790
Date issued: 29-05-2020
Invoice From :
Specsworld Opticians
45, 4th Main, Jayamahal Extension, Mumbai - 400005 GSTIN: 29AADCS3456G1ZR
specsworldopticians@gmail.com Pan: RFRBG7060G
Contact no.: 9900232338 State: Maharashtra
Invoice To:
Kavita Patel
88, Orchid Avenue GSTIN: 24MSMKP8561K1Z3
Hubli Pan: LFXCY9178F
Contact no.: 9303689792 Email: kavitapatel@gmail.com State: Karnataka
Item Name HSN/SAC Qty Unit Price IGST Amount
Nova Bluecut
Eyeglasses (Zero
Power) 9006 2 923.00 18% 1846.00
Emporio Armani
Unisex-Adult
Sunglasses 9007 2 2448.00 18% 4896.00
Bobster Eyewear
Fuel Photochromic
Goggles 9004 1 2249.00 18% 2249.00
Sub total 8991.00
IGST 18% 1618.38
Grand Total 10609.38
Terms & Conditions
1. Payment terms are valid thirty (20) days from the date of this invoice, subject to a Y2 of 2%
discount if paid within ten (10) days of the date of this invoice.
2. 30 days limited warranty unless stated otherwise in this invoice.
3. Balance due within 15 days of Invoice date. There shall be 10% Interest per Month thereafter.
4. A copy of this invoice is required, otherwise the warranty process stated herein will be delayed.
"
ApexInvoice_2024-07-18_18-28-42_115.pdf,"Wo APEX EYEWEAR
APEX WEAR

New Hind House, Narottam Morarjee Marg, Ballard Estate, Tax Invoice

Mumbai, Maharashtra

GSTIN: 27AAACR7147G1ZQ

[Name] —CNilesh Desi |S volo [12

Psete [Carat

pPanNow | VMINZ5385H_— | RefNo ft

station surat

[Name] ————SNilesh Desh

390018 Payment

sete [Cat

[Panne [| __——=YMINZS3BSH

[em ”™~*~<~drtCSCS<iSYT «dC | Pee | rT | To

[ohn Jacobs Gold-Rinmed Aviator Sunglasses | 8544 | 1a00% | 60 | 50200 | sazn60| 3554.60 _

es

es es
Sub Total 100311.80

Terms & Conditions Discount 5015.59

1. Goods once sold will not be taken back or exchanged.

2. Please make the payment within 30 days. Grand Total 95296.21

[Authorised signature] OOOOOSCSCSCS
"
Invoice_2024-06-24_11-25-29_31.pdf,"Invoice details:
Invoice no.: 440
Date issued: 29-04-2020
Invoice From :
Specsworld Opticians
45, 4th Main, Jayamahal Extension, Mumbai - 400005 GSTIN: 29AADCS3456G1ZR
specsworldopticians@gmail.com Pan: RFRBG7060G
Contact no.: 9900232338 State: Maharashtra
Invoice To:
Alok Verma
45, Cedar Crescent GSTIN: 24PDPOE3785H1Z3
Mysore Pan: LPCSH2646X
Contact no.: 9878609419 Email: alokverma@gmail.com State: Karnataka
Item Name HSN/SAC Qty Unit Price IGST Amount
John Jacobs Gold-
Rimmed Aviator
Sunglasses 9004 2 3133.00 18% 6266.00
Tommy Hilfiger UV
Protected Square
Sunglasses 9005 2 2174.00 18% 4348.00
Nova Bluecut
Eyeglasses (Zero
Power) 9005 2 4698.00 18% 9396.00
Sub total 20010.00
IGST 18% 3601.80
Grand Total 23611.80
Terms & Conditions
1. Payment terms are valid thirty (20) days from the date of this invoice, subject to a Y2 of 2%
discount if paid within ten (10) days of the date of this invoice.
2. 30 days limited warranty unless stated otherwise in this invoice.
3. Balance due within 15 days of Invoice date. There shall be 10% Interest per Month thereafter.
4. A copy of this invoice is required, otherwise the warranty process stated herein will be delayed.
"
ApexInvoice_2024-07-18_18-27-26_39.pdf,"APEX WEAR
New Hind House, Narottam Morarjee Marg, Ballard Estate, Tax Invoice
Mumbai, Maharashtra
GSTIN: 27AAACR7147G1ZQ
Bill To Invoice Details
GST No. 24BXFKY4905Y1Z5 28-05-2023
ship To [station (surat
Payment
GST No. 24BXFKY4905Y1Z5 9816
[em ”™~*~<~drtCSCS<iSYT «dC | Pee | rT | To
Carrera Men‘s Rectangular Sunglasses 200.00 | 2340.00 15340.00
Police UV Protected Square Sunglasses | 7651 =~ | 18.00% | 80 | 67.00 | 964.80 6324.80
Fitovers Polarized Sunglasses | 8793 =| 18.00% | 90 | 239.00 | 3871.80] 25381.80
Sub Total 62988.40
Terms & Conditions Discount 3149.42
1. Goods once sold will not be taken back or exchanged.
2. Please make the payment within 30 days. Grand Total 59838.98
Authorised signature Lo
"
PerfectVisionInvoice_2024-07-08_18-33-40_69.pdf,"INVOICE os
Perfect Vision Opticals
28, 1st Floor, 2nd Cross, 1st Block, RT Nagar, Mumbai-400050
GSTIN: 28AJHCU1234L1ZA PAN: RFRBG5397G
Invoice No: 63212 BILL TO
Invoice Date: 19-12-2021 Neha Desai
P.O.No: 3785 51, Cedar Path
P.O.Date: 17-12-2021 Hubli
Ref No: 6172 Pan No: FNXRI4063G
Ref Date: 19-12-2021 Mobile No: 9165806904
Email: nehadesai@gmail.com
GSTIN: 240GWEC8964Y 124
Description In Detail Code Qty Price IGST Discount Total
Puma Men's Wayfarer 9007 { 866.00 18% 43.30 822.70
Sunglasses
John Jacobs Gold-Rimmed 9005 2 4622.00 18% 462.20 8781.80
Aviator Sunglasses
IDEAL Spectacle Frames for 9005 3 2007.00 18% 301.05 5719.95
Men & Women
TOTAL 806.55 15324.45
Sub Total 15324.45
IGST @ 18% 2758.40
Grand Total 18082.85
PAYMENT METHOD
we Accept the PayPal, Master Card, VISA and E- Wallets
Terms & Condition:
1. Goods Once Sold Will Not be Taken Back
2. Goods Can be Exchanged During 2:00 pm to 4:00 pm
Thank you for business & visit Again
"
ApexInvoice_2024-07-18_18-26-57_10.pdf,"APEX WEAR
New Hind House, Narottam Morarjee Marg, Ballard Estate, Tax Invoice
Mumbai, Maharashtra
GSTIN: 27AAACR7147G1ZQ
Bill To Invoice Details
382421
GST No. 24TGNDG3908K1Z2 15-02-2023
ship To [station surat
45 Ruby Residency, Gandhinagar Road, Near Adalaj Stepwell, Gujarat- Terms of
GST No. 24TGNDG3908K1Z2 9903
[em ”™~*~<~drtCSCS<iSYT «dC | Pee | rT | To
Police Men's Round Sunglasses | 8595 | 18.00% | 90 | 393.00 | 6366.60] 41736.60
Sub Total 112501.20
Terms & Conditions Discount 5625.06
1. Goods once sold will not be taken back or exchanged.
2. Please make the payment within 30 days. Grand Total 106876.14
Authorised signature Lo
"
ApexInvoice_2024-07-18_18-27-31_44.pdf,"APEX WEAR
New Hind House, Narottam Morarjee Marg, Ballard Estate, Tax Invoice
Mumbai, Maharashtra
GSTIN: 27AAACR7147G1ZQ
Bill To Invoice Details
GST No. 24QMVJY2069E1Z1 19-10-2023
ship To [station (surat
Payment
GST No. 24QMVJY2069E1Z1 9529
[em ”™~*~<~drtCSCS<iSYT «dC | Pee | rT | To
Titan Men's Wayfarer Sunglasses 206.00 6077.00
Persol Rectangular Sunglasses | 7246 =| 18.00% | 60 | 557.00 | 6015.60 39435.60
Sub Total 115073.60
Terms & Conditions Discount 5753.68
1. Goods once sold will not be taken back or exchanged.
2. Please make the payment within 30 days. Grand Total 109319.92
Authorised signature Lo
"
ApexInvoice_2024-07-18_18-26-55_8.pdf,"Wo APEX EYEWEAR
APEX WEAR
New Hind House, Narottam Morarjee Marg, Ballard Estate, Tax Invoice
Mumbai, Maharashtra
GSTIN: 27AAACR7147G1ZQ
[Name] VshalDessi |S volo [776
395007
a
pPanNow | HQUAL769U_— | RefNo?
station ‘surat
[Name VisholDessi
395007 Payment
sete [Cat
pPanNow | HQUALT69U_—
[em ”™~*~<~drtCSCS<iSYT «dC | Pee | rT | To
[Vincent Chase Blue Cut Computer Gses_| 7300 | Ta00% | 60 | 37800 | aos2a0| 2676240_|
[Oakley Women’s Rectangular Sunglasses | 6748 | 180% | 60 | 21300 | 230040] 150040
es
es es
Sub Total 55430.50
Terms & Conditions Discount 2771.53
1. Goods once sold will not be taken back or exchanged.
2. Please make the payment within 30 days. Grand Total 52658.98
[Authorised signature] OOOOOSCSCSCS
"
OpticalInvoice_2024-07-18_18-30-19_84.pdf,"Plot No. 45, GIDC Industrial Estate, Vatva, Ahmedabad, Gujarat
OPTICAL GLASSES GSTIN: 27AJHCU1234L1ZA
PERFECTING YOUR EYE PAN: RTRBG5397G
SN CeomA Invoice Date Order No Order Date Ref No Ref Date SDYocreTiPLaCIyIy Dispatch Through
1015 01-04-2023 EC1936 30-03-2023 1337 01-04-2023
Bill To Ship To
Sneha Rao Sneha Rao
78 Crystal Heights, Subhanpura Road, Near Sardar Patel Stadium, Gujarat- 78 Crystal Heights, Subhanpura Road, Near Sardar Patel Stadium, Gujarat-390007
390007
State: Maharashtra State: Maharashtra
GSTIN: 24JSIFI4073F1Z5 PAN: UPFFV9436K GSTIN: 24JSIFI4073F1Z5 PAN: UPFFV9436K
| Sr.no_| Item Description | HsN | Rate = | Batch_~—|_ Qty _—(| —CGsT scst_ | Amount
1 Carrera Men’s Rectangular 7430 4804.00 20230401-785 18 7782.48 7782.48 102036.96
Sunglasses
2 | Calvin Klein Men's Rectangular | 7555 994.00 20230401-170 11 984.06 984.06 12902.12
Sunglasses
3 Vincent Chase Blue Cut 8562 3985.00 20230401-595 18 6455.70 | 6455.70 84641.40
Computer Glasses
SUB TOTAL 199580.48
Discount 9979.02
GRAND TOTAL 189601.46
Terms & Condition
1) Goods once sold will not be taken back or exchanged
2) Any warranty claim will not be accepted without warranty card
3) Payment to be made within 30 days
"
Invoice_2024-06-24_11-25-55_57.pdf,"Invoice details:
Invoice no.: 976
Date issued: 04-10-2020
Invoice From :
Specsworld Opticians
45, 4th Main, Jayamahal Extension, Mumbai - 400005 GSTIN: 29AADCS3456G1ZR
specsworldopticians@gmail.com Pan: RFRBG7060G
Contact no.: 9900232338 State: Maharashtra
Invoice To:
Meera Kapoor
19, Rosewood Lane GSTIN: 24FVLZR4036D12Z2
Mysore Pan: RJQVJ8797T
Contact no.: 9768204869 Email: meerakapoor@gmail.com State: Karnataka
Item Name HSN/SAC Qty Unit Price IGST Amount
Bobster Eyewear
Fuel Photochromic
Goggles 9007 1 2817.00 18% 2817.00
Fitovers Polarized
Sunglasses 9008 1 4969.00 18% 4969.00
Calvin Klein Square
Sunglasses 9006 1 1178.00 18% 1178.00
Sub total 8964.00
IGST 18% 1613.52
Grand Total 10577.52
Terms & Conditions
1. Payment terms are valid thirty (20) days from the date of this invoice, subject to a %2 of 2%
discount if paid within ten (10) days of the date of this invoice.
2. 30 days limited warranty unless stated otherwise in this invoice.
3. Balance due within 15 days of Invoice date. There shall be 10% Interest per Month thereafter.
4. A copy of this invoice is required, otherwise the warranty process stated herein will be delayed.
"
PerfectVisionInvoice_2024-07-08_18-33-26_55.pdf,"INVOICE _
Perfect Vision Opticals
28, 1st Floor, 2nd Cross, 1st Block, RT Nagar, Mumbai-400050
GSTIN: 28AJHCU1234L1ZA PAN: RFRBG5397G
Invoice No: 42599 BILL TO
Invoice Date: 22-11-2021 Ashok Kumar
P.O.No: 5974 19, Olive Lane
P.O.Date: 20-11-2021 Mysore
Ref No: 5780 Pan No: EGEMY9969S
Ref Date: 22-11-2021 Mobile No: 9876632806
Email: ashokkumar@gmail.com
GSTIN: 24UWXCZ1276F1Z0
Description In Detail Code Qty Price IGST Discount Total
Puma Men’s Wayfarer °
Sunglasses 9008 1 4973.00 18% 248.65 4724.35
John Jacobs Gold-Rimmed 3
Aviator Sunglasses 9006 2 1403.00 18% 140.30 2665.70
Bobster Eyewear Fuel 6
Photochromic Goggles 9008 1 4613.00 18% 230.65 4382.35
TOTAL 619.60 11772.40
Sub Total 11772.40
IGST @ 18% 2119.03
Grand Total 13891.43
PAYMENT METHOD
we Accept the PayPal, Master Card, VISA and E- Wallets
Terms & Condition:
1. Goods Once Sold Will Not be Taken Back
2. Goods Can be Exchanged During 2:00 pm to 4:00 pm
Thank you for business & visit Again
"
OpticalInvoice_2024-07-18_18-30-20_85.pdf,"Plot No. 45, GIDC Industrial Estate, Vatva, Ahmedabad, Gujarat
OPTICAL GLASSES GSTIN: 27AJHCU1234L1ZA
PERFECTING YOUR EYE PAN: RTRBG5397G
SN CeomA Invoice Date Order No Order Date Ref No Ref Date SDYocreTiPLaCIyIy Dispatch Through
1650 02-07-2023 EC1898 30-06-2023 1371 02-07-2023
Bill To Ship To
Archana Sharma Archana Sharma
56 Diamond Plaza, Athwalines Road, Near Kargil Chowk, Gujarat-395007 56 Diamond Plaza, Athwalines Road, Near Kargil Chowk, Gujarat-395007
State: Maharashtra State: Maharashtra
GSTIN: 24MJNYK1814D1Z2 PAN: AEGAM3835P GSTIN: 24MJNYK1814D1Z2 PAN: AEGAM3835P
| Sr.no_| Item Description | HSN | Rate — | Batch =~ || Qty | ~—CGST scst_ | Amount
1 Nova Bluecut Eyeglasses (Zero | 4558 1012.00 20230702-310 19 1730.52 1730.52 22689.04
Power)
2 Lenskart Air Wrap-Around 7360 929.00 20230702-599 13 1086.93 1086.93 14250.86
Sunglasses
3 Ray-Ban Men’s Wayfarer 7562 840.00 20230702-115 18 1360.80 1360.80 17841.60
Sunglasses
SUB TOTAL 54781.50
Discount 2739.08
GRAND TOTAL 52042.43
Terms & Condition
1) Goods once sold will not be taken back or exchanged
2) Any warranty claim will not be accepted without warranty card
3) Payment to be made within 30 days
"
Invoice_2024-06-24_11-25-42_44.pdf,"Invoice details:
Invoice no.: 115
Date issued: 21-06-2020
Invoice From :
Specsworld Opticians
45, 4th Main, Jayamahal Extension, Mumbai - 400005 GSTIN: 29AADCS3456G1ZR
specsworldopticians@gmail.com Pan: RFRBG7060G
Contact no.: 9900232338 State: Maharashtra
Invoice To:
Aakash Mehta
28, Sunflower Street GSTIN: 24BTCDI767701Z1
Mangalore Pan: OUFDB9141Z
Contact no.: 9389492842 Email: aakashmehta@gmail.com State: Karnataka
Item Name HSN/SAC Qty Unit Price IGST Amount
Polarized Wrap
Around Sports
Sunglasses 9005 3 596.00 18% 1788.00
Fastrack Gradient
Wayfarer Sunglasses 9005 2 4412.00 18% 8824.00
Fastrack UV
Protected Aviator
Sunglasses 9007 3 701.00 18% 2103.00
Sub total 12715.00
IGST 18% 2288.70
Grand Total 15003.70
Terms & Conditions
1. Payment terms are valid thirty (20) days from the date of this invoice, subject to a Y2 of 2%
discount if paid within ten (10) days of the date of this invoice.
2. 30 days limited warranty unless stated otherwise in this invoice.
3. Balance due within 15 days of Invoice date. There shall be 10% Interest per Month thereafter.
4. A copy of this invoice is required, otherwise the warranty process stated herein will be delayed.
"
OpticalInvoice_2024-07-18_18-29-28_33.pdf,"Plot No. 45, GIDC Industrial Estate, Vatva, Ahmedabad, Gujarat
OPTICAL GLASSES GSTIN: 27AJHCU1234L1ZA
PERFECTING YOUR EYE PAN: RTRBG5397G
SN CeomA Invoice Date Order No Order Date Ref No Ref Date SDYocreTiPLaCIyIy Dispatch Through
1441 27-02-2023 EC1730 25-02-2023 1462 27-02-2023
Bill To Ship To
Anjali Singh Anjali Singh
89 Sapphire Society, Raiya Road, Near Rajkot Junction, Gujarat-360007 89 Sapphire Society, Raiya Road, Near Rajkot Junction, Gujarat-360007
State: Maharashtra State: Maharashtra
GSTIN: 24YUIZU8962A1Z4 PAN: SSVEG4654M GSTIN: 24YUIZU8962A1Z4 PAN: SSVEG4654M
| Sr.no_| Item Description | HSN | Rate ~—|_—Batch_~—s|_ Qty (| CGST scst_ | Amount
1 | Tommy Hilfiger Women’s Oval | oe 35 2194.00 20230227-189 20 3949.20 | 3949.20 51778.40
Sunglasses
2 Armani Exchange Rectangular | 7,4 3796.00 20230227-391 19 6491.16 | 6491.16 85106.32
Sunglasses
Nova Bluecut Eyeglasses (Zero
3 8389 1948.00 20230227-333 12 2103.84 2103.84 27583.68
Power)
SUB TOTAL 164468.40
Discount 8223.42
GRAND TOTAL 156244.98
Terms & Condition
1) Goods once sold will not be taken back or exchanged
2) Any warranty claim will not be accepted without warranty card
3) Payment to be made within 30 days
"
141498-Arjun-Das.pdf,"Lawrence and Mayo

4, Near MG Road Metro Station, MG Road, Bangalore - 560001

BILL TO INVOICE # 141498

Arjun Das INVOICE DATE 08/10/2023

29, Tulip Lane, Guwahati, Assam, PO# 7903

India

i X 12,031.2

Invoice Total 031.28

QTY DESCRIPTION UNIT PRICE AMOUNT

2 Fitovers Polarized Sunglasses 1,899.00 3,798.00

2 Bobster Eyewear Fuel Photochromic Goggles 3,199.00 6,398.00

Subtotal 10,196.00

GST 18.0% 1,835.28
"
7632353-Aakash-Mehta.pdf,"INVOICE # 7632353 INVOICE DATE 03/06/2023
P.O.# 7303
BILL TO Vasan Eye Care
Aakash Mehta 44, 3rd Floor, JNC Road,
28, Sunflower Street, Mumbai, Koramangala 5th Block, Bangalore
Maharashtra, India - 560095
oun 4 DESCRIPTION UNIT PRICE AMOUNT
3 Fastrack Aviator Metal Frame Sunglasses 1,499.00 4,497.00
2 Oakley Flak 2.0 XL Sunglasses 4,099.00 8,198.00
Subtotal 12,695.00
GST 18.0% 2,285.10
INVOICE TOTAL X 14,980.10
Powered by Invoice Home
"
OpticalInvoice_2024-07-18_18-29-22_27.pdf,"Plot No. 45, GIDC Industrial Estate, Vatva, Ahmedabad, Gujarat
OPTICAL GLASSES GSTIN: 27AJHCU1234L1ZA
PERFECTING YOUR EYE PAN: RTRBG5397G
SN CeomA Invoice Date Order No Order Date Ref No Ref Date SDYocreTiPLaCIyIy Dispatch Through
1870 25-09-2023 EC1003 23-09-2023 1688 25-09-2023
Bill To Ship To
Anuja lyer Anuja lyer
89 Sapphire Enclave, Race Course Ring Road, Near Kuvadava Road, Gujarat- 89 Sapphire Enclave, Race Course Ring Road, Near Kuvadava Road, Gujarat-360001
360001
State: Maharashtra State: Maharashtra
GSTIN: 24QMMXH4505J1Z0_ PAN: GHBIN4774K GSTIN: 24QMMXH4505J1Z0_ PAN: GHBIN4774K
| Sr.no_| Item Description | HSN | Rate ~—|_—Batch_~—s|_ Qty (| CGST scst_ | Amount
1 Police UV Protected Square | garg 1251.00 20230925-517 20 2251.80 | 2251.80 29523.60
Sunglasses
2 . . 8491 1121.00 20230925-947 19 1916.91 1916.91 25132.82
Gucci Men’s Aviator Sunglasses
Titan Men’s Wayfarer
3 8422 4342.00 20230925-943 17 6643.26 6643.26 87100.52
Sunglasses
SUB TOTAL 141756.94
Discount 7087.85
GRAND TOTAL 134669.09
Terms & Condition
1) Goods once sold will not be taken back or exchanged
2) Any warranty claim will not be accepted without warranty card
3) Payment to be made within 30 days
"
PerfectVisionInvoice_2024-07-08_18-33-31_60.pdf,"INVOICE os
Perfect Vision Opticals
28, 1st Floor, 2nd Cross, 1st Block, RT Nagar, Mumbai-400050
GSTIN: 28AJHCU1234L1ZA PAN: RFRBG5397G
Invoice No: 33131 BILL TO
Invoice Date: 29-08-2021 Veena Kapoor
P.O.No: 6733 47, Maple Boulevard
P.O.Date: 27-08-2021 Mangalore
Ref No: 6193 Pan No: RDGKB9899H
Ref Date: 29-08-2021 Mobile No: 9392709588
Email: veenakapoor@gmail.com
GSTIN: 24GPICL4653R1Z1
Description In Detail Code Qty Price IGST Discount Total
Carrera Unisex-Adult °
Rectangular Sunglasses 9004 2 2416.00 18% 241.60 4590.40
Fastrack Gradient Wayfarer 3
Sunglasses 9006 3 2269.00 18% 340.35 6466.65
Puma Men’s Wayfarer 3
Sunglasses 9005 3 1948.00 18% 292.20 5551.80
TOTAL 874.15 16608.85
Sub Total 16608.85
IGST @ 18% 2989.59
Grand Total 19598.44
PAYMENT METHOD
we Accept the PayPal, Master Card, VISA and E- Wallets
Terms & Condition:
1. Goods Once Sold Will Not be Taken Back
2. Goods Can be Exchanged During 2:00 pm to 4:00 pm
Thank you for business & visit Again
"
ApexInvoice_2024-07-18_18-28-03_76.pdf,"APEX WEAR
New Hind House, Narottam Morarjee Marg, Ballard Estate, Tax Invoice
Mumbai, Maharashtra
GSTIN: 27AAACR7147G1ZQ
Bill To Invoice Details
Gujarat-380015
GST No. 24YTRCX7752G1Z8 03-08-2023
ship To [station (surat
12 Sapphire Heights, Prahladnagar Road, Near Prahladnagar Garden, Terms of
GST No. 24YTRCX7752G1Z8 9789
| Pan No. _| FUSIB2513X 05-09-2023
[em ”™~*~<~drtCSCS<iSYT «dC | Pee | rT | To
Sub Total 88954.30
Terms & Conditions Discount 4447.72
1. Goods once sold will not be taken back or exchanged.
2. Please make the payment within 30 days. Grand Total 84506.59
Authorised signature Po
"
OpticalInvoice_2024-07-18_18-29-31_36.pdf,"Plot No. 45, GIDC Industrial Estate, Vatva, Ahmedabad, Gujarat
OPTICAL GLASSES GSTIN: 27AJHCU1234L1ZA
PERFECTING YOUR EYE PAN: RTRBG5397G
SN CeomA Invoice Date Order No Order Date Ref No Ref Date SDYocreTiPLaCIyIy Dispatch Through
1834 14-02-2023 EC1810 12-02-2023 1580 14-02-2023
Bill To Ship To
Ritika Desai Ritika Desai
89 Sapphire Plaza, Rajkot Road, Near Trikon Baug, Gujarat-360001 89 Sapphire Plaza, Rajkot Road, Near Trikon Baug, Gujarat-360001
State: Maharashtra State: Maharashtra
GSTIN: 24YLGUB5496S1Z5 PAN: GKIXH2281W GSTIN: 24YLGUB5496S1Z5 PAN: GKIXH2281W
| Sr.no_| Item Description | HSN | Rate ~—|_—Batch_~—s|_ Qty (| CGST scst_ | Amount
1 . . 7006 573.00 20230214-215 12 618.84 618.84 8113.68
Fitovers Polarized Sunglasses
2 [Tommy Hilfiger Men's Wayfarer) 5044 579.00 20230214-894 10 521.10 521.10 6832.20
Sunglasses
3 [IDEAL Spectacle Frames for Men} 44 3136.00 20230214-702 10 2822.40 | 2822.40 37004.80
& Women
SUB TOTAL 51950.68
Discount 2597.53
GRAND TOTAL 49353.15
Terms & Condition
1) Goods once sold will not be taken back or exchanged
2) Any warranty claim will not be accepted without warranty card
3) Payment to be made within 30 days
"
141497-Harshita-Patel.pdf,"Lawrence and Mayo

4, Near MG Road Metro Station, MG Road, Bangalore - 560001

BILL TO INVOICE # 141497

Harshita Patel INVOICE DATE 07/10/2023

10, Rose Crescent, Varanasi, Uttar PO# 7948

Pradesh, India

i X 10,496.1

Invoice Total 0,496.10

QTY DESCRIPTION UNIT PRICE AMOUNT

3 IDEAL Spectacle Frames for Men & Women 899.00 2,697.00

2 Nova Bluecut Eyeglasses (Zero Power) 3,099.00 6,198.00

Subtotal 8,895.00

GST 18.0% 1,601.10
"
ApexInvoice_2024-07-18_18-27-29_42.pdf,"VW APEX EYEWEAR
APEX WEAR

New Hind House, Narottam Morarjee Marg, Ballard Estate, Tax Invoice

Mumbai, Maharashtra

GSTIN: 27AAACR7147G1ZQ

[Name [| _——_—MansiGupta | «(|v No [1166

sete [Carat

Pano. | —suTVaasy |S RefNo

station surat

[Name MansiGupia

360005 Payment

a

Panne. | —SRTNBSSY

[em ”™~*~<~drtCSCS<iSYT «dC | Pee | rT | To

[Tommy Hilfiger Men's Wayfarer Sunglasses_| 6435 | 180% | @0_| 39400 | se7a6o| 3779360

es

es es
Sub Total 104683.70

Terms & Conditions Discount 5234.19

1. Goods once sold will not be taken back or exchanged.

2. Please make the payment within 30 days. Grand Total 99449.52

[Authorised signature] OOOOOSCSCSCS
"
141496-Anushka-Rao.pdf,"Lawrence and Mayo

4, Near MG Road Metro Station, MG Road, Bangalore - 560001

BILL TO INVOICE # 141496

Anushka Rao INVOICE DATE 06/10/2023

14, Cedar Road, Udaipur, PO# 7304

Rajasthan, India

i X 13,919.2

Invoice Total 3,919.28

QTY DESCRIPTION UNIT PRICE AMOUNT

2 Polarized Wrap Around Sports Sunglasses 2,899.00 5,798.00

2 Police Men’s Round Sunglasses 2,999.00 5,998.00

Subtotal 11,796.00

GST 18.0% 2,123.28
"
2731257-Rajesh-Verma.pdf,"No. 124, ist Main, 7th Block, Koramangala, Bangalore - 560095
Bill To Invoice # Invoice Date
Rajesh Verma 2731257 07/12/2023
12, Pine Crescent, Indore,
Machya Pradesh, Indians a ee...
8377
ohn) Description Unit Price Amount
2 Tommy Hilfiger Aviator Sunglasses 2,399.00 4,798.00
3 Lenskart Polarized Wayfarer Sunglasses 1,899.00 5,697.00
i alll Subtotal 10,495.00
GST 18.0% 1,889.10
Invoice Total = 12,384.10
ee lial eS
ee ail
Powered by Invoice Home
"
OpticalInvoice_2024-07-18_18-30-53_118.pdf,"Plot No. 45, GIDC Industrial Estate, Vatva, Ahmedabad, Gujarat
OPTICAL GLASSES GSTIN: 27AJHCU1234L1ZA
PERFECTING YOUR EYE PAN: RTRBG5397G
SN CeomA Invoice Date Order No Order Date Ref No Ref Date SDYocreTiPLaCIyIy Dispatch Through
1836 31-03-2023 EC1370 29-03-2023 1089 31-03-2023
Bill To Ship To
Ravi Verma Ravi Verma
78 Sapphire Springs, Raiya Road, Near Rajkot Junction, Gujarat-360007 78 Sapphire Springs, Raiya Road, Near Rajkot Junction, Gujarat-360007
State: Maharashtra State: Maharashtra
GSTIN: 24RXXXE9287U1Z1 PAN: TRTVN8106L GSTIN: 24RXXXE9287U1Z1 PAN: TRTVN8106L
| Sr.no_| Item Description | HsN | Rate = | Batch_~—|_ Qty _—(| —CGsT scst_ | Amount
1 Vincent Chase Blue Cut 7860 996.00 20230331-490 15 1344.60 1344.60 17629.20
Computer Glasses
2 Ray-Ban Men's Wayfarer 8871 4560.00 20230331-771 15 6156.00 6156.00 80712.00
Sunglasses
3 Oakley Polarized Sports 7447 4934.00 20230331-775 13 5772.78 5772.78 75687.56
Sunglasses
SUB TOTAL 174028.76
Discount 8701.44
GRAND TOTAL 165327.32
Terms & Condition
1) Goods once sold will not be taken back or exchanged
2) Any warranty claim will not be accepted without warranty card
3) Payment to be made within 30 days
"
Invoice_2024-06-24_11-25-58_60.pdf,"Invoice details:
Invoice no.: 866
Date issued: 14-09-2020
Invoice From :
Specsworld Opticians
45, 4th Main, Jayamahal Extension, Mumbai - 400005 GSTIN: 29AADCS3456G1ZR
specsworldopticians@gmail.com Pan: RFRBG7060G
Contact no.: 9900232338 State: Maharashtra
Invoice To:
Anjali Singh
76, Pine Lane GSTIN: 24ZNPBE7735W12Z8
Hubli Pan: BLBCX3962N
Contact no.: 9357799917 Email: anjalisingh@gmail.com State: Karnataka
Item Name HSN/SAC Qty Unit Price IGST Amount
Polarized Wrap
Around Sports
Sunglasses 9005 2 3926.00 18% 7852.00
Fastrack Gradient
Wayfarer Sunglasses 9007 2 2764.00 18% 5528.00
Fitovers Polarized
Sunglasses 9006 2 1740.00 18% 3480.00
Sub total 16860.00
IGST 18% 3034.80
Grand Total 19894.80
Terms & Conditions
1. Payment terms are valid thirty (20) days from the date of this invoice, subject to a Y2 of 2%
discount if paid within ten (10) days of the date of this invoice.
2. 30 days limited warranty unless stated otherwise in this invoice.
3. Balance due within 15 days of Invoice date. There shall be 10% Interest per Month thereafter.
4. A copy of this invoice is required, otherwise the warranty process stated herein will be delayed.
"
Invoice_2024-06-24_11-26-07_69.pdf,"Invoice details:
Invoice no.: 571
Date issued: 11-04-2020
Invoice From :
Specsworld Opticians
45, 4th Main, Jayamahal Extension, Mumbai - 400005 GSTIN: 29AADCS3456G1ZR
specsworldopticians@gmail.com Pan: RFRBG7060G
Contact no.: 9900232338 State: Maharashtra
Invoice To:
Amit Kumar
17, Maple Drive GSTIN: 24VXPGR8810M12Z7
Bangalore Pan: PAXKI8366F
Contact no.: 9747589940 Email: amitkumar@gmail.com State: Karnataka
Item Name HSN/SAC Qty Unit Price IGST Amount
Fastrack Gradient
Wayfarer Sunglasses 9005 2 1492.00 18% 2984.00
Fastrack UV
Protected Aviator
Sunglasses 9005 2 1051.00 18% 2102.00
Persol Rectangular
Sunglasses 9006 2 2191.00 18% 4382.00
Sub total 9468.00
IGST 18% 1704.24
Grand Total 11172.24
Terms & Conditions
1. Payment terms are valid thirty (20) days from the date of this invoice, subject to a %2 of 2%
discount if paid within ten (10) days of the date of this invoice.
2. 30 days limited warranty unless stated otherwise in this invoice.
3. Balance due within 15 days of Invoice date. There shall be 10% Interest per Month thereafter.
4. A copy of this invoice is required, otherwise the warranty process stated herein will be delayed.
"
PerfectVisionInvoice_2024-07-08_18-33-36_65.pdf,"INVOICE . .
Perfect Vision Opticals
28, 1st Floor, 2nd Cross, 1st Block, RT Nagar, Mumbai-400050
GSTIN: 28AJHCU1234L1ZA PAN: RFRBG5397G
Invoice No: 41181 BILL TO
Invoice Date: 07-06-2021 Poonam Singh
P.O.No: 4252 56, Bluebell Boulevard
P.O.Date: 05-06-2021 Belgaum
Ref No: 6134 Pan No: BQUBT5259U
Ref Date: 07-06-2021 Mobile No: 9193104890
Email: poonamsingh@gmail.com
GSTIN: 24MAFXI8293M1Z5
Description In Detail Code Qty Price IGST Discount Total
Vogue Eyewear Women’s 3
Round Sunglasses 9005 1 2780.00 18% 139.00 2641.00
Persol Rectangular Sunglasses 9008 3 1120.00 18% 168.00 3192.00
Fitovers Polarized Sunglasses 9007 2 3994.00 18% 399.40 7588.60
TOTAL 706.40 13421.60
Sub Total 13421.60
IGST @ 18% 2415.89
Grand Total 15837.49
PAYMENT METHOD
we Accept the PayPal, Master Card, VISA and E- Wallets
Terms & Condition:
1. Goods Once Sold Will Not be Taken Back
2. Goods Can be Exchanged During 2:00 pm to 4:00 pm
Thank you for business & visit Again
"
134-Neha-Gupta.pdf,"FROM BILL TO
Vision Express Neha Gupta
1st Floor, Phoenix Marketcity, 23, Hibiscus Street, Bhopal,
Whitefield Main Road, Bangalore - Madhya Pradesh, India
560066
INVOICE # INVOICE DATE P.0.#
134 24/01/2023 0224
aTy DESCRIPTION UNIT PRICE AMOUNT
2 Ray-Ban Round Metal Sunglasses 2,999.00 5,998.00
3 Fastrack Women’s Oval Sunglasses 1,799.00 5,397.00
Subtotal 11,395.00
GST 18.0% 2,051.10
Total = 13,446.10
Powered. by Invoice Home
"
Invoice_2024-06-24_11-25-34_36.pdf,"Invoice details:
Invoice no.: 540
Date issued: 27-10-2020
Invoice From :
Specsworld Opticians
45, 4th Main, Jayamahal Extension, Mumbai - 400005 GSTIN: 29AADCS3456G1ZR
specsworldopticians@gmail.com Pan: RFRBG7060G
Contact no.: 9900232338 State: Maharashtra
Invoice To:
Aarti Gupta
91, Cedar Path GSTIN: 24TDBIW9629A1Z8
Mangalore Pan: GFALX6273B
Contact no.: 9709338990 Email: aartigupta@gmail.com State: Karnataka
Item Name HSN/SAC Qty Unit Price IGST Amount
John Jacobs Gold-
Rimmed Aviator
Sunglasses 9004 2 2698.00 18% 5396.00
Persol Rectangular
Sunglasses 9008 3 2845.00 18% 8535.00
Tommy Hilfiger UV
Protected Square
Sunglasses 9005 2 4035.00 18% 8070.00
Sub total 22001.00
IGST 18% 3960.18
Grand Total 25961.18
Terms & Conditions
1. Payment terms are valid thirty (20) days from the date of this invoice, subject to a Y2 of 2%
discount if paid within ten (10) days of the date of this invoice.
2. 30 days limited warranty unless stated otherwise in this invoice.
3. Balance due within 15 days of Invoice date. There shall be 10% Interest per Month thereafter.
4. A copy of this invoice is required, otherwise the warranty process stated herein will be delayed.
"
ApexInvoice_2024-07-18_18-28-04_77.pdf,"APEX WEAR
New Hind House, Narottam Morarjee Marg, Ballard Estate, Tax Invoice
Mumbai, Maharashtra
GSTIN: 27AAACR7147G1ZQ
Bill To Invoice Details
|State | Gujarat E1878
GST No. 24NTBZN4805C1Z0 18-07-2023
| Pan No. | TNPWPSOS6N | RefNo [105
21-07-2023
Ship To | Station [Surat
23 Pearl Paradise, CG Road, Near Law Garden, Gujarat-380009 Terms of
Address 30Days
Payment
GST No. 24NTBZN4805C1Z0 9112
[em ”™~*~<~drtCSCS<iSYT «dC | Pee | rT | To
Gucci Men‘s Square Sunglasses 1099.80 7209.80
Ray-Ban Aviator Classic Sunglasses 100.00 | 90.00 590.00
Sub Total 12626.00
Terms & Conditions Discount 631.30
1. Goods once sold will not be taken back or exchanged.
2. Please make the payment within 30 days. Grand Total 11994.70
Authorised signature Lo
"
04353-Aakash-Mehta.pdf,"Trendy Eyes INVOICE
No 324, 1st Floor, 9th Main, 1st Block, HRBR Layout, Bangalore - 560043
Bill To Invoice # 04353
Aakash Mehta Invoice Date 03/07/2023
28, Sunflower Street, Mumbai,
Maharashtra, India P.O# 2933
DESCRIPTION UNIT PRICE AMOUNT
Emporio Armani Round Sunglasses 2,999.00 5,198.00
Puma Cat Eye Sunglasses 1,799.00 5,397.00
Subtotal 10,595.00
GST 18.0% 1,907.10
Powered by Invoice Home
"
ApexInvoice_2024-07-18_18-27-03_16.pdf,"APEX WEAR
New Hind House, Narottam Morarjee Marg, Ballard Estate, Tax Invoice
Mumbai, Maharashtra
GSTIN: 27AAACR7147G1ZQ
Bill To Invoice Details
| State | Gujarat E1312
GST No. 24KNGAJ3813L1Z6 04-10-2023
ship To [station (surat
56 Diamond Plaza, Athwalines Road, Near Kargil Chowk, Gujarat-395007 Terms of
Address 30Days
Payment
GST No. 24KNGAJ3813L1Z6 9599
[em ”™~*~<~drtCSCS<iSYT «dC | Pee | rT | To
Fossil Men's Square Sunglasses 3604.50 23629.50
Lenskart Air Wrap-Around Sunglasses 136.00 | 489.60 | 3209.60
Police UV Protected Aviator Sunglasses | 7713, | 18.00% | 90 | 554.00 | 8974.80 58834.80
Sub Total 86075.10
Terms & Conditions Discount 4303.76
1. Goods once sold will not be taken back or exchanged.
2. Please make the payment within 30 days. Grand Total 81771.35
Authorised signature Lo
"
Invoice_2024-06-24_11-26-11_73.pdf,"Invoice details:
Invoice no.: 822
Date issued: 04-09-2020
Invoice From :
Specsworld Opticians
45, 4th Main, Jayamahal Extension, Mumbai - 400005 GSTIN: 29AADCS3456G1ZR
specsworldopticians@gmail.com Pan: RFRBG7060G
Contact no.: 9900232338 State: Maharashtra
Invoice To:
Sneha Rao
27, Maple Drive GSTIN: 24SCGGP8194Y1Z6
Mangalore Pan: WSRZM17210
Contact no.: 9695462521 Email: sneharao@gmail.com State: Karnataka
Item Name HSN/SAC Qty Unit Price IGST Amount
Bobster Eyewear
Fuel Photochromic
Goggles 9006 1 2840.00 18% 2840.00
Polarized Wrap
Around Sports
Sunglasses 9004 1 742.00 18% 742.00
Vogue Eyewear
Women’s Round
Sunglasses 9006 2 2881.00 18% 5762.00
Sub total 9344.00
IGST 18% 1681.92
Grand Total 11025.92
Terms & Conditions
1. Payment terms are valid thirty (20) days from the date of this invoice, subject to a %2 of 2%
discount if paid within ten (10) days of the date of this invoice.
2. 30 days limited warranty unless stated otherwise in this invoice.
3. Balance due within 15 days of Invoice date. There shall be 10% Interest per Month thereafter.
4. A copy of this invoice is required, otherwise the warranty process stated herein will be delayed.
"
PerfectVisionInvoice_2024-07-08_18-33-32_61.pdf,"INVOICE .
Perfect Vision Opticals
28, 1st Floor, 2nd Cross, 1st Block, RT Nagar, Mumbai-400050
GSTIN: 28AJHCU1234L1ZA PAN: RFRBG5397G
Invoice No: 53917 BILL TO
Invoice Date: 11-02-2021 Rakesh Patel
P.O.No: 3604 72, Olive Drive
P.O.Date: 09-02-2021 Mangalore
Ref No: 6985 Pan No: UAMIH2620U
Ref Date: 11-02-2021 Mobile No: 9599284927
Email: rakeshpatel@gmail.com
GSTIN: 24ZATCX2073E1Z0
Description In Detail Code Qty Price IGST Discount Total
Nova Bluecut Eyeglasses (Zero) gqo4 1 4728.00 18% 236.40 4491.60
Power)
Puma Men’s Wayfarer 3
Sunglasses 9007 1 1381.00 18% 69.05 1311.95
Fastrack Gradient Wayfarer 3
Sunglasses 9006 1 603.00 18% 30.15 572.85
TOTAL 335.60 6376.40
Sub Total 6376.40
IGST @ 18% 1147.75
Grand Total 7524.15
PAYMENT METHOD
we Accept the PayPal, Master Card, VISA and E- Wallets
Terms & Condition:
1. Goods Once Sold Will Not be Taken Back
2. Goods Can be Exchanged During 2:00 pm to 4:00 pm
Thank you for business & visit Again
"
OpticalInvoice_2024-07-18_18-30-28_93.pdf,"Plot No. 45, GIDC Industrial Estate, Vatva, Ahmedabad, Gujarat
OPTICAL GLASSES GSTIN: 27AJHCU1234L1ZA
PERFECTING YOUR EYE PAN: RTRBG5397G
SN CeomA Invoice Date Order No Order Date Ref No Ref Date SDYocreTiPLaCIyIy Dispatch Through
1821 25-09-2023 EC1310 23-09-2023 1069 25-09-2023
Bill To Ship To
Sneha Verma Sneha Verma
91 Ruby Plaza, SG Highway, Near Nirma University, Gujarat-382481 91 Ruby Plaza, SG Highway, Near Nirma University, Gujarat-382481
State: Maharashtra State: Maharashtra
GSTIN: 24SCGPV8199S1Z3_ PAN: TTDJR2270J GSTIN: 24SCGPV8199S1Z3_ PAN: TTDJR2270J
| Sr.no_| Item Description | HSN | Rate | Batch ~—|_ Qty | CGST sestT_ | Amount
1 Fossil Women’s Cat-Eye 8753 4815.00 20230925-731 14 6066.90 | 6066.90 79543.80
Sunglasses
2 [Tommy Hilfiger Men's Wayfarer! 50-5 4438.00 20230925-319 20 7988.40 7988.40 104736.80
Sunglasses
3 . . 7383 626.00 20230925-872 20 1126.80 1126.80 14773.60
Maui Jim Polarized Sunglasses
SUB TOTAL 199054.20
Discount 9952.71
GRAND TOTAL 189101.49
Terms & Condition
1) Goods once sold will not be taken back or exchanged
2) Any warranty claim will not be accepted without warranty card
3) Payment to be made within 30 days
"
PerfectVisionInvoice_2024-07-08_18-32-41_10.pdf,"INVOICE - .
Perfect Vision Opticals
28, 1st Floor, 2nd Cross, 1st Block, RT Nagar, Mumbai-400050
GSTIN: 28AJHCU1234L1ZA PAN: RFRBG5397G
Invoice No: 17896 BILL TO
Invoice Date: 12-02-2021 Anil Sharma
P.O.No: 6023 66, Hibiscus Avenue
P.O.Date: 10-02-2021 Belgaum
Ref No: 5637 Pan No: YMPTD4661G
Ref Date: 12-02-2021 Mobile No: 9247536381
Email: anilsharma@gmail.com
GSTIN: 24LOFBP2021F1Z8
Description In Detail Code Qty Price IGST Discount Total
Lenskart Air Wrap-Around 9007 2 3369.00 18% 336.90 6401.10
Sunglasses
Puma Men's Wayfarer 9006 3 1615.00 18% 242.25 4602.75
Sunglasses
Polarized Wrap Around Sports) gag 1 2169.00 18% 108.45 2060.55
Sunglasses
TOTAL 687.60 13064.40
Sub Total 13064.40
IGST @ 18% 2351.59
Grand Total 15415.99
PAYMENT METHOD
we Accept the PayPal, Master Card, VISA and E- Wallets
Terms & Condition:
1. Goods Once Sold Will Not be Taken Back
2. Goods Can be Exchanged During 2:00 pm to 4:00 pm
Thank you for business & visit Again
"
Invoice_2024-06-24_11-26-08_70.pdf,"Invoice details:
Invoice no.: 405
Date issued: 06-11-2020
Invoice From :
Specsworld Opticians
45, 4th Main, Jayamahal Extension, Mumbai - 400005 GSTIN: 29AADCS3456G1ZR
specsworldopticians@gmail.com Pan: RFRBG7060G
Contact no.: 9900232338 State: Maharashtra
Invoice To:
Ramesh Verma
34, Jasmine Boulevard GSTIN: 24FCLOF2748012Z8
Mysore Pan: QFFIZ5459B
Contact no.: 9390758279 Email: rameshverma@gmail.com State: Karnataka
Item Name HSN/SAC Qty Unit Price IGST Amount
Lenskart Air Wrap-
Around Sunglasses 9006 3 4197.00 18% 12591.00
Vincent Chase Blue
Cut Computer
Glasses 9005 1 593.00 18% 593.00
Fastrack UV
Protected Aviator
Sunglasses 9005 3 1206.00 18% 3618.00
Sub total 16802.00
IGST 18% 3024.36
Grand Total 19826.36
Terms & Conditions
1. Payment terms are valid thirty (20) days from the date of this invoice, subject to a Y2 of 2%
discount if paid within ten (10) days of the date of this invoice.
2. 30 days limited warranty unless stated otherwise in this invoice.
3. Balance due within 15 days of Invoice date. There shall be 10% Interest per Month thereafter.
4. A copy of this invoice is required, otherwise the warranty process stated herein will be delayed.
"
23024-Sneha-Kapoor.pdf,"Titan Eyeplus

No 13, 3rd Block, 12th Main, Koramangala, Bangalore - 560034

BILL TO INVOICE # 23024

Sneha Kapoor INVOICE DATE 04/06/2023

8, Jasmine Court, Ludhiana, PO# 23834

Punjab, India

i X~ 14,1

Invoice Total 5150.56

QTY DESCRIPTION UNIT PRICE AMOUNT

4 Vincent Chase Blue Cut Computer Glasses 999.00 3,996.00

4 Lenskart Air Wrap-Around Sunglasses 1,999.00 7,996.00

Subtotal 11,992.00

GST 18.0% 2,158.56
"
OpticalInvoice_2024-07-18_18-30-12_77.pdf,"Plot No. 45, GIDC Industrial Estate, Vatva, Ahmedabad, Gujarat
OPTICAL GLASSES GSTIN: 27AJHCU1234L1ZA
PERFECTING YOUR EYE PAN: RTRBG5397G
SN CeomA Invoice Date Order No Order Date Ref No Ref Date SDYocreTiPLaCIyIy Dispatch Through
1736 13-07-2023 EC1383 11-07-2023 1773 13-07-2023
Bill To Ship To
Sneha Rao Sneha Rao
78 Crystal Heights, Subhanpura Road, Near Sardar Patel Stadium, Gujarat- 78 Crystal Heights, Subhanpura Road, Near Sardar Patel Stadium, Gujarat-390007
390007
State: Maharashtra State: Maharashtra
GSTIN: 24JTPJD1900F1Z5 PAN: SWATX7989L GSTIN: 24JTPJD1900F1Z5 PAN: SWATX7989L
| Sr.no_| Item Description | HSN | Rate ~—|_—Batch_~—s|_ Qty (| CGST scst_ | Amount
1 Ray-Ban Men's Wayfarer 8770 3201.00 20230713-474 13 3745.17 3745.17 49103.34
Sunglasses
2 Polarized Wrap Around Sports | 7.5, 2103.00 20230713-267 14 2649.78 | 2649.78 34741.56
Sunglasses
Diesel Women’s Rectangular
3 8133 4196.00 20230713-397 11 4154.04 4154.04 54464.08
Sunglasses
SUB TOTAL 138308.98
Discount 6915.45
GRAND TOTAL 131393.53
Terms & Condition
1) Goods once sold will not be taken back or exchanged
2) Any warranty claim will not be accepted without warranty card
3) Payment to be made within 30 days
"
Invoice_2024-06-24_11-26-23_85.pdf,"Invoice details:
Invoice no.: 300
Date issued: 28-06-2020
Invoice From :
Specsworld Opticians
45, 4th Main, Jayamahal Extension, Mumbai - 400005 GSTIN: 29AADCS3456G1ZR
specsworldopticians@gmail.com Pan: RFRBG7060G
Contact no.: 9900232338 State: Maharashtra
Invoice To:
Vandana Singh
53, Magnolia Lane GSTIN: 24JQFSR8978M1Z0
Belgaum Pan: PBFZM2314P
Contact no.: 9299829718 Email: vandanasingh@gmail.com State: Karnataka
Item Name HSN/SAC Qty Unit Price IGST Amount
Fastrack UV
Protected Aviator
Sunglasses 9006 2 3708.00 18% 7416.00
John Jacobs Gold-
Rimmed Aviator
Sunglasses 9004 3 2930.00 18% 8790.00
Fitovers Polarized
Sunglasses 9007 3 2715.00 18% 8145.00
Sub total 24351.00
IGST 18% 4383.18
Grand Total 28734.18
Terms & Conditions
1. Payment terms are valid thirty (20) days from the date of this invoice, subject to a Y2 of 2%
discount if paid within ten (10) days of the date of this invoice.
2. 30 days limited warranty unless stated otherwise in this invoice.
3. Balance due within 15 days of Invoice date. There shall be 10% Interest per Month thereafter.
4. A copy of this invoice is required, otherwise the warranty process stated herein will be delayed.
"
23026-Anushka-Rao.pdf,"Titan Eyeplus

No 13, 3rd Block, 12th Main, Koramangala, Bangalore - 560034

BILL TO INVOICE # 23026

Anushka Rao INVOICE DATE 06/06/2023

14, Cedar Road, Udaipur, PO# 23836

Rajasthan, India

i X 12,620.1

Invoice Total ,620.10

QTY DESCRIPTION UNIT PRICE AMOUNT

2 Police Men’s Round Sunglasses 999.00 1,998.00

3 Polarized Wrap Around Sports Sunglasses 2,899.00 8,697.00

Subtotal 10,695.00

GST 18.0% 1,925.10
"
OpticalInvoice_2024-07-18_18-29-39_44.pdf,"Plot No. 45, GIDC Industrial Estate, Vatva, Ahmedabad, Gujarat
OPTICAL GLASSES GSTIN: 27AJHCU1234L1ZA
PERFECTING YOUR EYE PAN: RTRBG5397G
SN CeomA Invoice Date Order No Order Date Ref No Ref Date SDYocreTiPLaCIyIy Dispatch Through
1688 28-02-2023 EC1792 26-02-2023 1682 28-02-2023
Bill To Ship To
Archana Sharma Archana Sharma
56 Diamond Plaza, Athwalines Road, Near Kargil Chowk, Gujarat-395007 56 Diamond Plaza, Athwalines Road, Near Kargil Chowk, Gujarat-395007
State: Maharashtra State: Maharashtra
GSTIN: 24BVOJK5029R1Z2_ PAN: KCCQZ2398C GSTIN: 24BVOJK5029R1Z2_ PAN: KCCQZ2398C
| Sr.no_| Item Description | HSN | Rate ~—|_—Batch_~—s|_ Qty (| CGST scst_ | Amount
1 | Calvin Klein Men's Rectangular) 7465 4839.00 20230228-615 18 7839.18 | 7839.18 102780.36
Sunglasses
Calvin Klein Polarized
2 8796 2107.00 20230228-862 12 2275.56 2275.56 29835.12
Sunglasses
3 Bobster Eyewear Fuel 7206 1808.00 20230228-387 12 1952.64 1952.64 25601.28
Photochromic Goggles
SUB TOTAL 158216.76
Discount 7910.84
GRAND TOTAL 150305.92
Terms & Condition
1) Goods once sold will not be taken back or exchanged
2) Any warranty claim will not be accepted without warranty card
3) Payment to be made within 30 days
"
12097-Harshita-Patel.pdf,"LensCrafters
No. 25, 3rd Floor, Orion Mall, Brigade Gateway, Dr. Rajkumar Road,
Malleshwaram, Bangalore - 560055

Bill To Invoice # 12097

Harshita Patel Invoice Date 07/12/2023
10, Rose Crescent, Varanasi,

Uttar Pradesh, India P.O.# ld

3 Fastrack UV Protected Square Sunglasses 1,099.00 3,297.00

2 Bobster Phoenix OTG Goggles 1,999.00 3,998.00

Subtotal 7,295.00

GST 18.0% 1,313.10

TOTAL S11 dh X 8,608.10
"
Invoice_2024-06-24_11-26-20_82.pdf,"Invoice details:
Invoice no.: 105
Date issued: 23-01-2020
Invoice From :
Specsworld Opticians
45, 4th Main, Jayamahal Extension, Mumbai - 400005 GSTIN: 29AADCS3456G1ZR
specsworldopticians@gmail.com Pan: RFRBG7060G
Contact no.: 9900232338 State: Maharashtra
Invoice To:
Pooja Mehta
67, Hibiscus Crescent GSTIN: 24TBICD8472M12Z8
Belgaum Pan: UIZRG6320A
Contact no.: 9521638707 Email: poojamehta@gmail.com State: Karnataka
Item Name HSN/SAC Qty Unit Price IGST Amount
Fastrack Gradient
Wayfarer Sunglasses 9004 3 4413.00 18% 13239.00
Polarized Wrap
Around Sports
Sunglasses 9008 1 3176.00 18% 3176.00
Vogue Eyewear
Women’s Round
Sunglasses 9007 3 4580.00 18% 13740.00
Sub total 30155.00
IGST 18% 5427.90
Grand Total 35582.90
Terms & Conditions
1. Payment terms are valid thirty (20) days from the date of this invoice, subject to a Y2 of 2%
discount if paid within ten (10) days of the date of this invoice.
2. 30 days limited warranty unless stated otherwise in this invoice.
3. Balance due within 15 days of Invoice date. There shall be 10% Interest per Month thereafter.
4. A copy of this invoice is required, otherwise the warranty process stated herein will be delayed.
"
Invoice_2024-06-24_11-26-33_95.pdf,"Invoice details:
Invoice no.: 732
Date issued: 09-12-2020
Invoice From :
Specsworld Opticians
45, 4th Main, Jayamahal Extension, Mumbai - 400005 GSTIN: 29AADCS3456G1ZR
specsworldopticians@gmail.com Pan: RFRBG7060G
Contact no.: 9900232338 State: Maharashtra
Invoice To:
Anamika Singh
64, Tulip Crescent GSTIN: 24UEDHY5745F12Z9
Bangalore Pan: XXSTM6352L
Contact no.: 9286960657 Email: anamikasingh@gmail.com State: Karnataka
Item Name HSN/SAC Qty Unit Price IGST Amount
Nova Bluecut
Eyeglasses (Zero
Power) 9008 3 518.00 18% 1554.00
Polarized Wrap
Around Sports
Sunglasses 9006 2 2004.00 18% 4008.00
Bobster Eyewear
Fuel Photochromic
Goggles 9006 1 1730.00 18% 1730.00
Sub total 7292.00
IGST 18% 1312.56
Grand Total 8604.56
Terms & Conditions
1. Payment terms are valid thirty (20) days from the date of this invoice, subject to a Y2 of 2%
discount if paid within ten (10) days of the date of this invoice.
2. 30 days limited warranty unless stated otherwise in this invoice.
3. Balance due within 15 days of Invoice date. There shall be 10% Interest per Month thereafter.
4. A copy of this invoice is required, otherwise the warranty process stated herein will be delayed.
"
ApexInvoice_2024-07-18_18-28-17_90.pdf,"Wo APEX EYEWEAR
APEX WEAR

New Hind House, Narottam Morarjee Marg, Ballard Estate, Tax Invoice

Mumbai, Maharashtra

GSTIN: 27AAACR7147G1ZQ

[Name] Amitkapoor +S [vse [laa

rsete [Carat

pPanNow | Xoueze72tvV SL RefNo [103

station —_—isurat—

[Name [Amit Kapoor

89 Sapphire Enclave, Race Course Ring Road, Near Kuvadava Road, Terms of

sete [Cat

[Panne [| ——~S=S=COUEBTRIV

[em ”™~*~<~drtCSCS<iSYT «dC | Pee | rT | To

es

es
Sub Total 128419.40

Terms & Conditions Discount 6420.97

1. Goods once sold will not be taken back or exchanged.

2. Please make the payment within 30 days. Grand Total 121998.43

[Authorised signature] OOOOOSCSCSCS
"
7632355-Poonam-Singh.pdf,"INVOICE # 7632355 INVOICE DATE 05/06/2023
P.O.# 7305
BILL TO Vasan Eye Care
Poonam Singh 44, 3rd Floor, JNC Road,
56, Bluebell Boulevard, Chandigarh, Koramangala 5th Block, Bangalore
Haryana, India - 560095
QTY DESCRIPTION UNIT PRICE AMOUNT
2 Carrera Men’s Pilot Sunglasses 2,599.00 5,198.00
3 Vincent Chase Full Rim Spectacle Frames 1,299.00 3,897.00
Subtotal 9,095.00
GST 18.0% 1,637.10
INVOICE TOTAL X 10,732.10
Powered by Invoice Home
"
OpticalInvoice_2024-07-18_18-30-35_100.pdf,"Plot No. 45, GIDC Industrial Estate, Vatva, Ahmedabad, Gujarat
OPTICAL GLASSES GSTIN: 27AJHCU1234L1ZA
PERFECTING YOUR EYE PAN: RTRBG5397G
SN CeomA Invoice Date Order No Order Date Ref No Ref Date SDYocreTiPLaCIyIy Dispatch Through
1900 08-06-2023 EC1567 06-06-2023 1115 08-06-2023
Bill To Ship To
Meera Kapoor Meera Kapoor
34 Pearl Point, Race Course Circle, Near Lukshmi Villas Palace, Gujarat-390001 34 Pearl Point, Race Course Circle, Near Lukshmi Villas Palace, Gujarat-390001
State: Maharashtra State: Maharashtra
GSTIN: 24USCWC2826U1Z8 PAN: HYDCK1270D GSTIN: 24USCWC2826U1Z8 PAN: HYDCK1270D
| Sr.no_| Item Description | HSN | Rate ~—|_—Batch_~—s|_ Qty (| CGST scst_ | Amount
1 Diesel Women's Rectangular | 7-93 3942.00 20230608-072 12 4257.36 | 4257.36 55818.72
Sunglasses
2 Ray-Ban Polarized Aviator 7146 3447.00 20230608-140 11 3412.53 3412.53 44742.06
Sunglasses
Vogue Women’s Round
3 7926 2688.00 20230608-735 12 2903.04 2903.04 38062.08
Sunglasses
SUB TOTAL 138622.86
Discount 6931.14
GRAND TOTAL 131691.72
Terms & Condition
1) Goods once sold will not be taken back or exchanged
2) Any warranty claim will not be accepted without warranty card
3) Payment to be made within 30 days
"
OpticalInvoice_2024-07-18_18-30-39_104.pdf,"Plot No. 45, GIDC Industrial Estate, Vatva, Ahmedabad, Gujarat
OPTICAL GLASSES GSTIN: 27AJHCU1234L1ZA
PERFECTING YOUR EYE PAN: RTRBG5397G
SN CeomA Invoice Date Order No Order Date Ref No Ref Date SDYocreTiPLaCIyIy Dispatch Through
1380 03-07-2023 EC1095 01-07-2023 1765 03-07-2023
Bill To Ship To
Anil Jain Anil Jain
45 Ruby Residency, Chandkheda Road, Near Gandhinagar Highway, Gujarat- 45 Ruby Residency, Chandkheda Road, Near Gandhinagar Highway, Gujarat-382424
382424
State: Maharashtra State: Maharashtra
GSTIN: 24JJPJU6778M1Z7 PAN: BXUSB7014C GSTIN: 24JJPJU6778M1Z7 PAN: BXUSB7014C
| Sr.no_| Item Description | HSN | Rate ~—|_—Batch_~—s|_ Qty (| CGST scst_ | Amount
1 Fastrack Gradient Wayfarer | 7645 1211.00 20230703-103 20 2179.80 | 2179.80 28579.60
Sunglasses
2 Fastrack UV Protected Aviator | oc 659.00 20230703-882 12 711.72 711.72 9331.44
Sunglasses
3 . . 8643 752.00 20230703-843 13 879.84 879.84 11535.68
Calvin Klein Square Sunglasses
SUB TOTAL 49446.72
Discount 2472.34
GRAND TOTAL 46974.38
Terms & Condition
1) Goods once sold will not be taken back or exchanged
2) Any warranty claim will not be accepted without warranty card
3) Payment to be made within 30 days
"
7324-Suman-Mishra.pdf,"John Jacobs Eyewear INVOICE
2nd Floor, Garuda Mall, Magrath Road, Ashok Nagar, Bangalore - 560025
Bill To Invoice # 7324
Suman Mishra Invoice Date 04/08/2023
65, Poppy Path, Ranchi, Jharkhand,
; P.0.# 244
India
DESCRIPTION UNIT PRICE AMOUNT
John Jacobs Polarized Aviator Sunglasses 2,999.00 5,998.00
Tommy Hilfiger Wayfarer Sunglasses 2,199.00 4,398.00
Subtotal 10,396.00
GST 18.0% 1,871.28
TOTAL XT 12,267.28
Powered by Invoice Home
"
Invoice_2024-06-24_11-25-08_10.pdf,"Invoice details:
Invoice no.: 470
Date issued: 15-11-2020
Invoice From :
Specsworld Opticians
45, 4th Main, Jayamahal Extension, Mumbai - 400005 GSTIN: 29AADCS3456G1ZR
specsworldopticians@gmail.com Pan: RFRBG7060G
Contact no.: 9900232338 State: Maharashtra
Invoice To:
Rina Das
25, Cypress Boulevard GSTIN: 24VOATG8921E1Z0
Belgaum Pan: WGZFG6461U
Contact no.: 9246946021 Email: rinadas@gmail.com State: Karnataka
Item Name HSN/SAC Qty Unit Price IGST Amount
Oakley Men’s
Rectangular
Sunglasses 9005 3 553.00 18% 1659.00
Bobster Eyewear
Fuel Photochromic
Goggles 9007 2 1438.00 18% 2876.00
Persol Rectangular
Sunglasses 9005 2 2482.00 18% 4964.00
Sub total 9499.00
IGST 18% 1709.82
Grand Total 11208.82
Terms & Conditions
1. Payment terms are valid thirty (20) days from the date of this invoice, subject to a Y2 of 2%
discount if paid within ten (10) days of the date of this invoice.
2. 30 days limited warranty unless stated otherwise in this invoice.
3. Balance due within 15 days of Invoice date. There shall be 10% Interest per Month thereafter.
4. A copy of this invoice is required, otherwise the warranty process stated herein will be delayed.
"
ApexInvoice_2024-07-18_18-28-12_85.pdf,"APEX WEAR
New Hind House, Narottam Morarjee Marg, Ballard Estate, Tax Invoice
Mumbai, Maharashtra
GSTIN: 27AAACR7147G1ZQ
Bill To Invoice Details
|State | Gujrat E1581
GST No. 24TNIKB2034Y1Z5 16-12-2023
ship To [station surat
12 Sapphire Tower, Satellite Road, Near AlphaOne Mall, Gujarat-380015 Terms of
Address 30Days
Payment
GST No. 24TNIKB2034Y1Z5 9993
[em ”™~*~<~drtCSCS<iSYT «dC | Pee | rT | To
Diesel Women’s Square Sunglasses 4059.90 26614.90
Gucci Men's Aviator Sunglasses 3499.20 |  22939.20
Sub Total 106217.70
Terms & Conditions Discount 5310.89
1. Goods once sold will not be taken back or exchanged.
2. Please make the payment within 30 days. Grand Total 100906.82
Authorised signature Lo
"
Invoice_2024-06-24_11-26-21_83.pdf,"Invoice details:
Invoice no.: 985
Date issued: 08-04-2020
Invoice From :
Specsworld Opticians
45, 4th Main, Jayamahal Extension, Mumbai - 400005 GSTIN: 29AADCS3456G1ZR
specsworldopticians@gmail.com Pan: RFRBG7060G
Contact no.: 9900232338 State: Maharashtra
Invoice To:
Poonam Singh
56, Bluebell Boulevard GSTIN: 24IMCCM6668N1Z4
Belgaum Pan: GMGVI4593W
Contact no.: 9404559714 Email: poonamsingh@gmail.com State: Karnataka
Item Name HSN/SAC Qty Unit Price IGST Amount
Nova Bluecut
Eyeglasses (Zero
Power) 9008 3 2222.00 18% 6666.00
Polarized Wrap
Around Sports
Sunglasses 9005 1 3478.00 18% 3478.00
Fastrack UV
Protected Aviator
Sunglasses 9008 2 1927.00 18% 3854.00
Sub total 13998.00
IGST 18% 2519.64
Grand Total 16517.64
Terms & Conditions
1. Payment terms are valid thirty (20) days from the date of this invoice, subject to a Y2 of 2%
discount if paid within ten (10) days of the date of this invoice.
2. 30 days limited warranty unless stated otherwise in this invoice.
3. Balance due within 15 days of Invoice date. There shall be 10% Interest per Month thereafter.
4. A copy of this invoice is required, otherwise the warranty process stated herein will be delayed.
"
2456-Rajesh-Verma.pdf,"Optik Eyewear
No 22, 4th Cross, Sampige Road, Malleswaram, Bangalore - 560003
Bill To Invoice # Invoice Date
Rajesh Verma 2456 06/10/2023
12, Pine Crescent, Indore,
Madhya Pradeshy IMG a ae...
5296
ohn) Description Unit Price Amount
2 Police Men’s Round Sunglasses 3,299.00 6,598.00
3 Polarized Wrap Around Sports Sunglasses 899.00 2,697.00
SS Subtotal 9,295.00
GST 18.0% 1,673.10
Invoice Total = 10,968.10
ESE eS
ee ail
Powered by Invoice Home
"
2731255-Suman-Mishra.pdf,"No. 124, ist Main, 7th Block, Koramangala, Bangalore - 560095
Bill To Invoice # Invoice Date
Suman Mishra 2731255 05/12/2023
65, Poppy Path, Ranchi,
Jharkhand, India a ee...
8375
ohn) Description Unit Price Amount
2 Vogue Women’s Cat Eye Sunglasses 2,399.00 4,798.00
2 Carrera Men’s Pilot Sunglasses 3,099.00 6,198.00
SS Subtotal 10,996.00
GST 18.0% 1,979.28
Invoice Total aan ACT ho WAs,
ee lial eS
ee ail
Powered by Invoice Home
"
ApexInvoice_2024-07-18_18-27-33_46.pdf,"Wo APEX EYEWEAR
APEX WEAR
New Hind House, Narottam Morarjee Marg, Ballard Estate, Tax Invoice
Mumbai, Maharashtra
GSTIN: 27AAACR7147G1ZQ
[Name | __—‘SwatiKapoor «|S volte No [Son
rsete [Carat
Pano. | ————Gineaser SC Ref
F station ‘(surat
[Name [| ———<SwatiKapoor
380015 Payment
pState | Giarat
Trane. [SSCA
[em ”™~*~<~drtCSCS<iSYT «dC | Pee | rT | To
[__Ftovers Polarized Sunglasses___| 8832 | 180% | 90 | 21100 | sarazo] 2240820
es
es
Sub Total 43907.80
Terms & Conditions Discount 2195.39
1. Goods once sold will not be taken back or exchanged.
2. Please make the payment within 30 days. Grand Total 41712.41
[Authorised signature] OOOOOSCSCSCS
"
ApexInvoice_2024-07-18_18-27-18_31.pdf,"APEX WEAR
New Hind House, Narottam Morarjee Marg, Ballard Estate, Tax Invoice
Mumbai, Maharashtra
GSTIN: 27AAACR7147G1ZQ
Bill To Invoice Details
382421
GST No. 24LLCFG8027Q1Z6 20-01-2023
ship To [station (surat
45 Ruby Residency, Gandhinagar Road, Near Adalaj Stepwell, Gujarat- Terms of
[State | Guarat_ 1921
GST No. 24LLCFG8027Q1Z6 9505
| Pano. | YEMZC4035) 22-02-2023
pote SN | Gs | ty. | Price | tGst | Total |
Gucci Women’s Cat-Eye Sunglasses 1650.60 10820.60
Tommy Hilfiger Women's Oval Sunglasses 560.00 | 7560.00 | 49560.00
Sub Total 99780.80
Terms & Conditions Discount 4989.04
1. Goods once sold will not be taken back or exchanged.
2. Please make the payment within 30 days. Grand Total 94791.76
Authorised signature Lo
"
Invoice_2024-06-24_11-25-00_2.pdf,"Invoice details:
Invoice no.: 974
Date issued: 20-01-2020
Invoice From :
Specsworld Opticians
45, 4th Main, Jayamahal Extension, Mumbai - 400005 GSTIN: 29AADCS3456G1ZR
specsworldopticians@gmail.com Pan: RFRBG7060G
Contact no.: 9900232338 State: Maharashtra
Invoice To:
Naveen Singh
41, Palm Street GSTIN: 24RYKSA9751L1Z9
Bangalore Pan: NLRCW8753W
Contact no.: 9255215024 Email: naveensingh@gmail.com State: Karnataka
Item Name HSN/SAC Qty Unit Price IGST Amount
Persol Rectangular
Sunglasses 9007 2 1276.00 18% 2552.00
Tommy Hilfiger UV
Protected Square
Sunglasses 9007 2 2496.00 18% 4992.00
IDEAL Spectacle
Frames for Men &
Women 9007 3 2282.00 18% 6846.00
Sub total 14390.00
IGST 18% 2590.20
Grand Total 16980.20
Terms & Conditions
1. Payment terms are valid thirty (20) days from the date of this invoice, subject to a %2 of 2%
discount if paid within ten (10) days of the date of this invoice.
2. 30 days limited warranty unless stated otherwise in this invoice.
3. Balance due within 15 days of Invoice date. There shall be 10% Interest per Month thereafter.
4. A copy of this invoice is required, otherwise the warranty process stated herein will be delayed.
"
OpticalInvoice_2024-07-18_18-29-36_41.pdf,"Plot No. 45, GIDC Industrial Estate, Vatva, Ahmedabad, Gujarat
OPTICAL GLASSES GSTIN: 27AJHCU1234L1ZA
PERFECTING YOUR EYE PAN: RTRBG5397G
SN CeomA Invoice Date Order No Order Date Ref No Ref Date SDYocreTiPLaCIyIy Dispatch Through
1719 12-05-2023 BC1012 10-05-2023 1718 12-05-2023
Bill To Ship To
Rajat Mehta Rajat Mehta
78 Sapphire Park, 150 Feet Ring Road, Near Race Course Ring Road, Gujarat- 78 Sapphire Park, 150 Feet Ring Road, Near Race Course Ring Road, Gujarat-360005
360005
State: Maharashtra State: Maharashtra
GSTIN: 240ZREX759211Z0 PAN: BWITR2304W GSTIN: 240ZREX759211Z0 PAN: BWITR2304W
| Sr.no_| Item Description | HsN | Rate = | Batch_~—|_ Qty _—(| —CGsT scst_ | Amount
1 Vogue Eyewear Women's 8434 4475.00 20230512-990 12 4833.00 | 4833.00 63366.00
Round Sunglasses
2 Polarized Wrap Around Sports | 754g 868.00 20230512-931 15 1171.80 1171.80 15363.60
Sunglasses
3 Lenskart Air Wrap-Around 8528 1885.00 20230512-681 17 2884.05 2884.05 37813.10
Sunglasses
SUB TOTAL 116542.70
Discount 5827.14
GRAND TOTAL 110715.57
Terms & Condition
1) Goods once sold will not be taken back or exchanged
2) Any warranty claim will not be accepted without warranty card
3) Payment to be made within 30 days
"
ApexInvoice_2024-07-18_18-27-53_66.pdf,"APEX WEAR
New Hind House, Narottam Morarjee Marg, Ballard Estate, Tax Invoice
Mumbai, Maharashtra
GSTIN: 27AAACR7147G1ZQ
Bill To Invoice Details
[State | Gujarat £1438
GST No. 24FEYRP5670K1Z3 06-01-2023
| Pan No. Ivsic8214W [RefNo [140
09-01-2023
ship To [station (surat
12 Sapphire Tower, Satellite Road, Near AlphaOne Mall, Gujarat-380015 Terms of
Address 30Days
Payment
GST No. 24FEYRP5670K1Z3 9223
[em ”™~*~<~drtCSCS<iSYT «dC | Pee | rT | To
Calvin Klein Men's Rectangular Sunglasses 3881.70
Sub Total 64911.80
Terms & Conditions Discount 3245.59
1. Goods once sold will not be taken back or exchanged.
2. Please make the payment within 30 days. Grand Total 61666.21
Authorised signature Lo
"
Invoice_2024-06-24_11-25-11_13.pdf,"Invoice details:
Invoice no.: 497
Date issued: 24-03-2020
Invoice From :
Specsworld Opticians
45, 4th Main, Jayamahal Extension, Mumbai - 400005 GSTIN: 29AADCS3456G1ZR
specsworldopticians@gmail.com Pan: RFRBG7060G
Contact no.: 9900232338 State: Maharashtra
Invoice To:
Deepa Patel
73, Pine Boulevard GSTIN: 24FNPQK6336S81Z5
Mangalore Pan: GSGJY7563X
Contact no.: 9240384648 Email: deepapatel@gmail.com State: Karnataka
Item Name HSN/SAC Qty Unit Price IGST Amount
Carrera Unisex-Adult
Rectangular
Sunglasses 9007 2 1111.00 18% 2222.00
Fastrack UV
Protected Aviator
Sunglasses 9004 2 514.00 18% 1028.00
IDEAL Spectacle
Frames for Men &
Women 9005 3 4719.00 18% 14157.00
Sub total 17407.00
IGST 18% 3133.26
Grand Total 20540.26
Terms & Conditions
1. Payment terms are valid thirty (20) days from the date of this invoice, subject to a %2 of 2%
discount if paid within ten (10) days of the date of this invoice.
2. 30 days limited warranty unless stated otherwise in this invoice.
3. Balance due within 15 days of Invoice date. There shall be 10% Interest per Month thereafter.
4. A copy of this invoice is required, otherwise the warranty process stated herein will be delayed.
"
1450-Anjali-Desai.pdf,"FROM BILL T0
Specsmakers Opticians Anjali Desai
1075, 12th Main, HAL 2nd Stage, 7, Magnolia Drive, Surat, Gujarat,
Indiranagar, Bangalore - 560008 India
INVOICE # INVOICE DATE P.0.#
1450 10/02/2023 94830
ary DESCRIPTION UNIT PRICE AMOUNT
2 Calvin Klein Wayfarer Sunglasses 2,599.00 5,198.00
2 Ray-Ban Hexagonal Flat Lenses 3,099.00 6,198.00
Sunglasses
Subtotal 11,396.00
GST 18.0% 2,051.28
Total = 13,447.28
Powered. by Invoice Home
"
04351-Rohit-Chawla.pdf,"Trendy Eyes INVOICE
No 324, 1st Floor, 9th Main, 1st Block, HRBR Layout, Bangalore - 560043
Bill To Invoice # 04351
Rohit Chawla Invoice Date 01/07/2023
42, Jasmine Avenue, Lucknow, Uttar
Pradesh, India P.O# 2931
DESCRIPTION UNIT PRICE AMOUNT
Bobster Phoenix OTG Goggles 2,199.00 4,398.00
Fastrack UV Protected Square Sunglasses 1,799.00 5,397.00
Subtotal 9,795.00
GST 18.0% 1,763.10
Powered by Invoice Home
"
Invoice_2024-06-24_11-26-05_67.pdf,"Invoice details:
Invoice no.: 702
Date issued: 20-12-2020
Invoice From :
Specsworld Opticians
45, 4th Main, Jayamahal Extension, Mumbai - 400005 GSTIN: 29AADCS3456G1ZR
specsworldopticians@gmail.com Pan: RFRBG7060G
Contact no.: 9900232338 State: Maharashtra
Invoice To:
Suraj Kumar
21, Marigold Crescent GSTIN: 24CRGTH7972J1Z0
Mysore Pan: MMLZC7747W
Contact no.: 9128810466 Email: surajkumar@gmail.com State: Karnataka
Item Name HSN/SAC Qty Unit Price IGST Amount
Police Men’s Round
Sunglasses 9004 2 1633.00 18% 3266.00
Persol Rectangular
Sunglasses 9008 3 3713.00 18% 11139.00
Puma Men’s
Wayfarer Sunglasses 9006 1 3758.00 18% 3758.00
Sub total 18163.00
IGST 18% 3269.34
Grand Total 21432.34
Terms & Conditions
1. Payment terms are valid thirty (20) days from the date of this invoice, subject to a Y2 of 2%
discount if paid within ten (10) days of the date of this invoice.
2. 30 days limited warranty unless stated otherwise in this invoice.
3. Balance due within 15 days of Invoice date. There shall be 10% Interest per Month thereafter.
4. A copy of this invoice is required, otherwise the warranty process stated herein will be delayed.
"
OpticalInvoice_2024-07-18_18-30-30_95.pdf,"Plot No. 45, GIDC Industrial Estate, Vatva, Ahmedabad, Gujarat
OPTICAL GLASSES GSTIN: 27AJHCU1234L1ZA
PERFECTING YOUR EYE PAN: RTRBG5397G
SN CeomA Invoice Date Order No Order Date Ref No Ref Date SDYocreTiPLaCIyIy Dispatch Through
1980 21-03-2023 EC1040 19-03-2023 1216 21-03-2023
Bill To Ship To
Manish Sharma Manish Sharma
23 Pearl Paradise, Gota Road, Near SGVP Circle, Gujarat-382481 23 Pearl Paradise, Gota Road, Near SGVP Circle, Gujarat-382481
State: Maharashtra State: Maharashtra
GSTIN: 24RUULF8879A1Z6 PAN: ZDTJB7078M GSTIN: 2€4RUULF8879A1Z6 PAN: ZDTJB7078M
| Sr.no_| Item Description | HSN | Rate | Batch ~—|_ Qty | CGST sestT_ | Amount
1 . 7059 3539.00 20230321-829 14 4459.14 4459.14 58464.28
Gucci Men’s Square Sunglasses
2 Oakley Women's Rectangular | ec4 1014.00 20230321-230 20 1825.20 1825.20 23930.40
Sunglasses
3 . . 8900 2820.00 20230321-211 15 3807.00 3807.00 49914.00
Gucci Men’s Aviator Sunglasses
SUB TOTAL 132308.68
Discount 6615.43
GRAND TOTAL 125693.25
Terms & Condition
1) Goods once sold will not be taken back or exchanged
2) Any warranty claim will not be accepted without warranty card
3) Payment to be made within 30 days
"
Invoice_2024-06-24_11-26-02_64.pdf,"Invoice details:
Invoice no.: 670
Date issued: 08-09-2020
Invoice From :
Specsworld Opticians
45, 4th Main, Jayamahal Extension, Mumbai - 400005 GSTIN: 29AADCS3456G1ZR
specsworldopticians@gmail.com Pan: RFRBG7060G
Contact no.: 9900232338 State: Maharashtra
Invoice To:
Mansi Gupta
73, Pine Path GSTIN: 24LEVAP6897L12Z9
Hubli Pan: JPNMO4568P
Contact no.: 9847028925 Email: mansigupta@gmail.com State: Karnataka
Item Name HSN/SAC Qty Unit Price IGST Amount
Carrera Unisex-Adult
Rectangular
Sunglasses 9007 3 3691.00 18% 11073.00
Nova Bluecut
Eyeglasses (Zero
Power) 9008 1 753.00 18% 753.00
Emporio Armani
Unisex-Adult
Sunglasses 9007 3 2149.00 18% 6447.00
Sub total 18273.00
IGST 18% 3289.14
Grand Total 21562.14
Terms & Conditions
1. Payment terms are valid thirty (20) days from the date of this invoice, subject to a %2 of 2%
discount if paid within ten (10) days of the date of this invoice.
2. 30 days limited warranty unless stated otherwise in this invoice.
3. Balance due within 15 days of Invoice date. There shall be 10% Interest per Month thereafter.
4. A copy of this invoice is required, otherwise the warranty process stated herein will be delayed.
"
OpticalInvoice_2024-07-18_18-29-09_14.pdf,"Plot No. 45, GIDC Industrial Estate, Vatva, Ahmedabad, Gujarat
OPTICAL GLASSES GSTIN: 27AJHCU1234L1ZA
PERFECTING YOUR EYE PAN: RTRBG5397G
SN CeomA Invoice Date Order No Order Date Ref No Ref Date SDYocreTiPLaCIyIy Dispatch Through
1113 22-07-2023 EC1607 20-07-2023 1349 22-07-2023
Bill To Ship To
Kunal Sharma Kunal Sharma
23 Pearl Paradise, Gota Road, Near SGVP Circle, Gujarat-382481 23 Pearl Paradise, Gota Road, Near SGVP Circle, Gujarat-382481
State: Maharashtra State: Maharashtra
GSTIN: 24HEZTS336511Z6 PAN: GGFSK4172U GSTIN: 24HEZTS336511Z6 PAN: GGFSK4172U
| Sr.no_| Item Description | HSN | Rate ~—|_—Batch_~—s|_ Qty (| CGST scst_ | Amount
1 Fossil UV Protected Wayfarer | 74, 4462.00 20230722-940 14 5622.12 5622.12 73712.24
Sunglasses
Fossil Men’s Polarized
2 8791 1285.00 20230722-600 17 1966.05 1966.05 25777.10
Sunglasses
3 . . 8948 3171.00 20230722-745 10 2853.90 2853.90 37417.80
Maui Jim Polarized Sunglasses
SUB TOTAL 136907.14
Discount 6845.36
GRAND TOTAL 130061.78
Terms & Condition
1) Goods once sold will not be taken back or exchanged
2) Any warranty claim will not be accepted without warranty card
3) Payment to be made within 30 days
"
PerfectVisionInvoice_2024-07-08_18-32-39_8.pdf,"INVOICE _
Perfect Vision Opticals
28, 1st Floor, 2nd Cross, 1st Block, RT Nagar, Mumbai-400050
GSTIN: 28AJHCU1234L1ZA PAN: RFRBG5397G
Invoice No: 55591 BILL TO
Invoice Date: 26-12-2021 Mohit Gupta
P.O.No: 6151 34, Palm Drive
P.O.Date: 24-12-2021 Bangalore
Ref No: 6051 Pan No: UDTTA7411E
Ref Date: 26-12-2021 Mobile No: 9229832799
Email: mohitgupta@gmail.com
GSTIN: 24VTVCD6406T 1Z0
Description In Detail Code Qty Price IGST Discount Total
Polarized Wrap Around Sports °
Sunglasses 9005 1 3338.00 18% 166.90 3171.10
Nova Bluecut Eyeglasses (Zero | ggg 2 1558.00 18% 155.80 2960.20
Power)
Fastrack Gradient Wayfarer 3
Sunglasses 9007 2 2147.00 18% 214.70 4079.30
TOTAL 537.40 10210.60
Sub Total 10210.60
IGST @ 18% 1837.91
Grand Total 12048.51
PAYMENT METHOD
we Accept the PayPal, Master Card, VISA and E- Wallets
Terms & Condition:
1. Goods Once Sold Will Not be Taken Back
2. Goods Can be Exchanged During 2:00 pm to 4:00 pm
Thank you for business & visit Again
"
Invoice_2024-06-24_11-25-23_25.pdf,"Invoice details:
Invoice no.: 999
Date issued: 04-09-2020
Invoice From :
Specsworld Opticians
45, 4th Main, Jayamahal Extension, Mumbai - 400005 GSTIN: 29AADCS3456G1ZR
specsworldopticians@gmail.com Pan: RFRBG7060G
Contact no.: 9900232338 State: Maharashtra
Invoice To:
Kunal Sharma
59, Cedar Path GSTIN: 24QVNEB6588Q1Z9
Belgaum Pan: IKOVM5573W
Contact no.: 9627724929 Email: kunalsharma@gmail.com State: Karnataka
Item Name HSN/SAC Qty Unit Price IGST Amount
Vogue Eyewear
Women’s Round
Sunglasses 9004 3 1097.00 18% 3291.00
Bobster Eyewear
Fuel Photochromic
Goggles 9004 3 3322.00 18% 9966.00
Oakley Men’s
Rectangular
Sunglasses 9007 1 3040.00 18% 3040.00
Sub total 16297.00
IGST 18% 2933.46
Grand Total 19230.46
Terms & Conditions
1. Payment terms are valid thirty (20) days from the date of this invoice, subject to a Y2 of 2%
discount if paid within ten (10) days of the date of this invoice.
2. 30 days limited warranty unless stated otherwise in this invoice.
3. Balance due within 15 days of Invoice date. There shall be 10% Interest per Month thereafter.
4. A copy of this invoice is required, otherwise the warranty process stated herein will be delayed.
"
ApexInvoice_2024-07-18_18-28-39_112.pdf,"Wo APEX EYEWEAR
APEX WEAR
New Hind House, Narottam Morarjee Marg, Ballard Estate, Tax Invoice
Mumbai, Maharashtra
GSTIN: 27AAACR7147G1ZQ
[Name] WinySeti |S volo [rat
390007
sete [Carat
Pano | xOSMBTIOT «|S RefNo
station ‘surat
a
390007 Payment
sete [Cat
Panne. | —CAGSMBTIONN
[em ”™~*~<~drtCSCS<iSYT «dC | Pee | rT | To
[Gucci Women's Wayfarer Sunglasses | 6555 | Ta00% | 60 | 23100 | 2asaao] 1625400
es
es es
Sub Total 67637.60
Terms & Conditions Discount 3381.88
1. Goods once sold will not be taken back or exchanged.
2. Please make the payment within 30 days. Grand Total 64255.72
[Authorised signature] OOOOOSCSCSCS
"
Invoice_2024-06-24_11-25-37_39.pdf,"Invoice details:
Invoice no.: 687
Date issued: 23-01-2020
Invoice From :
Specsworld Opticians
45, 4th Main, Jayamahal Extension, Mumbai - 400005 GSTIN: 29AADCS3456G1ZR
specsworldopticians@gmail.com Pan: RFRBG7060G
Contact no.: 9900232338 State: Maharashtra
Invoice To:
Kavita Sharma
89, Magnolia Path GSTIN: 24KLWRO4609P12Z5
Mangalore Pan: TXVUV6046Y
Contact no.: 9622055032 Email: kavitasharma@gmail.com State: Karnataka
Item Name HSN/SAC Qty Unit Price IGST Amount
Puma Men’s
Wayfarer Sunglasses 9008 1 514.00 18% 514.00
Tommy Hilfiger UV
Protected Square
Sunglasses 9004 1 899.00 18% 899.00
Vogue Eyewear
Women’s Round
Sunglasses 9005 2 3732.00 18% 7464.00
Sub total 8877.00
IGST 18% 1597.86
Grand Total 10474.86
Terms & Conditions
1. Payment terms are valid thirty (20) days from the date of this invoice, subject to a Y2 of 2%
discount if paid within ten (10) days of the date of this invoice.
2. 30 days limited warranty unless stated otherwise in this invoice.
3. Balance due within 15 days of Invoice date. There shall be 10% Interest per Month thereafter.
4. A copy of this invoice is required, otherwise the warranty process stated herein will be delayed.
"
B-4706-Priya-Nair.pdf,"INVOICE # B/4706 INVOICE DATE 06/07/2023
P.O.# 09486
BILL TO Ben Franklin Opticians
Priya Nair 438, 17th Main, 4th T Block,
41, Orchid Circle, Kochi, Kerala, Jayanagar, Bangalore - 560041
India
oun 4 DESCRIPTION UNIT PRICE AMOUNT
2 Polarized Wrap Around Sports Sunglasses 899.00 1,798.00
2 Police Men’s Round Sunglasses 3,099.00 6,198.00
Subtotal 7,996.00
GST 18.0% 1,439.28
INVOICE TOTAL X 9,435.28
Powered by Invoice Home
"
12095-Rohan-Deshmukh.pdf,"LensCrafters
No. 25, 3rd Floor, Orion Mall, Brigade Gateway, Dr. Rajkumar Road,
Malleshwaram, Bangalore - 560055

Bill To Invoice # 12095

Rohan Deshmukh Invoice Date 05/12/2023
25, Orchid Avenue, Nagpur,

Maharashtra, India P.O.# Sete

2 Nova Progressive Eyeglasses 1,199.00 2,398.00

3 IDEAL Blue Cut Reading Glasses 999.00 2,997.00

Subtotal 5,395.00

GST 18.0% 971.10

TOTAL S11 dh % 6,366.10
"
141492-Pooja-Agarwal.pdf,"Lawrence and Mayo

4, Near MG Road Metro Station, MG Road, Bangalore - 560001

BILL TO INVOICE # 141492

Pooja Agarwal INVOICE DATE 02/10/2023

47, Daisy Drive, Mysore, PO# 7363

Karnataka, India

i = 11 2

Invoice Total 087.28

QTY DESCRIPTION UNIT PRICE AMOUNT

2 Oakley Men’s Rectangular Sunglasses 2,599.00 5,198.00

2 Vogue Eyewear Women’s Round Sunglasses 2,099.00 4,198.00

Subtotal 9,396.00

GST 18.0% 1,691.28
"
PerfectVisionInvoice_2024-07-08_18-33-20_49.pdf,"INVOICE os
Perfect Vision Opticals
28, 1st Floor, 2nd Cross, 1st Block, RT Nagar, Mumbai-400050
GSTIN: 28AJHCU1234L1ZA PAN: RFRBG5397G
Invoice No: 62091 BILL TO
Invoice Date: 20-04-2021 Veena Kapoor
P.O.No: 6328 47, Maple Boulevard
P.O.Date: 18-04-2021 Mangalore
Ref No: 6314 Pan No: BBAXT7160Z
Ref Date: 20-04-2021 Mobile No: 9371190152
Email: veenakapoor@gmail.com
GSTIN: 24DWBQW1836D1Z1
Description In Detail Code Qty Price IGST Discount Total
Vogue Eyewear Women's 9007 3 2503.00 18% 375.45 7133.55
Round Sunglasses
Computer Glasses
Ray-Ban Aviator Classic 9008 1 2512.00 18% 125.60 2386.40
Sunglasses
TOTAL 640.25 12164.75
Sub Total 12164.75
IGST @ 18% 2189.66
Grand Total 14354.41
PAYMENT METHOD
we Accept the PayPal, Master Card, VISA and E- Wallets
Terms & Condition:
1. Goods Once Sold Will Not be Taken Back
2. Goods Can be Exchanged During 2:00 pm to 4:00 pm
Thank you for business & visit Again
"
Invoice_2024-06-24_11-25-21_23.pdf,"Invoice details:
Invoice no.: 287
Date issued: 08-08-2020
Invoice From :
Specsworld Opticians
45, 4th Main, Jayamahal Extension, Mumbai - 400005 GSTIN: 29AADCS3456G1ZR
specsworldopticians@gmail.com Pan: RFRBG7060G
Contact no.: 9900232338 State: Maharashtra
Invoice To:
Tarun Malhotra
78, Willow Street GSTIN: 24GGGYU6868K1Z1
Bangalore Pan: SPFGX5259Z
Contact no.: 9604085527 = Email: tarunmalhotra@gmail.com State: Karnataka
Item Name HSN/SAC Qty Unit Price IGST Amount
Fastrack UV
Protected Aviator
Sunglasses 9006 1 4786.00 18% 4786.00
Tommy Hilfiger UV
Protected Square
Sunglasses 9008 1 2815.00 18% 2815.00
Fastrack Gradient
Wayfarer Sunglasses 9007 3 2955.00 18% 8865.00
Sub total 16466.00
IGST 18% 2963.88
Grand Total 19429.88
Terms & Conditions
1. Payment terms are valid thirty (20) days from the date of this invoice, subject to a Y2 of 2%
discount if paid within ten (10) days of the date of this invoice.
2. 30 days limited warranty unless stated otherwise in this invoice.
3. Balance due within 15 days of Invoice date. There shall be 10% Interest per Month thereafter.
4. A copy of this invoice is required, otherwise the warranty process stated herein will be delayed.
"
PerfectVisionInvoice_2024-07-08_18-32-43_12.pdf,"INVOICE .
Perfect Vision Opticals
28, 1st Floor, 2nd Cross, 1st Block, RT Nagar, Mumbai-400050
GSTIN: 28AJHCU1234L1ZA PAN: RFRBG5397G
Invoice No: 24844 BILL TO
Invoice Date: 01-07-2021 Pooja Mehta
P.O.No: 5370 67, Hibiscus Crescent
P.O.Date: 29-06-2021 Belgaum
Ref No: 5451 Pan No: BLLSL3035Z
Ref Date: 01-07-2021 Mobile No: 9242025525
Email: poojamehta@gmail.com
GSTIN: 24VQXUW5627P1Z6
Description In Detail Code Qty Price IGST Discount Total
Calvin Klein Square Sunglasses || 9008 2 2213.00 18% 221.30 4204.70
Carrera Unisex-Adult °
Rectangular Sunglasses 9004 2 4646.00 18% 464.60 8827.40
Fitovers Polarized Sunglasses 9005 2 4440.00 18% 444.00 8436.00
TOTAL 1129.90 21468.10
Sub Total 21468.10
IGST @ 18% 3864.26
Grand Total 25332.36
PAYMENT METHOD
we Accept the PayPal, Master Card, VISA and E- Wallets
Terms & Condition:
1. Goods Once Sold Will Not be Taken Back
2. Goods Can be Exchanged During 2:00 pm to 4:00 pm
Thank you for business & visit Again
"
ApexInvoice_2024-07-18_18-27-13_26.pdf,"APEX WEAR
New Hind House, Narottam Morarjee Marg, Ballard Estate, Tax Invoice
Mumbai, Maharashtra
GSTIN: 27AAACR7147G1ZQ
Bill To Invoice Details
|State | Gujarat E1031
GST No. 24ZZRYB5116Y1Z5 22-06-2023
| Pan No. | RPDIY 17182 [RefNo 141
ship To [station (surat
45 Ruby Residency, Sector 29, Near Adalaj Stepwell, Gujarat-382421 Terms of
Address 30Days
Payment
GST No. 24ZZRYB5116Y1Z5 9824
[em ”™~*~<~drtCSCS<iSYT «dC | Pee | rT | To
Diesel UV Protected Sunglasses 493.00 29087.00
Fossil UV Protected Wayfarer Sunglasses | 7712,——«| 18.00% | 90 | 14800 | 2397.60
Polarized Wrap Around Sports Sunglasses 2001.60
Sub Total 66422.20
Terms & Conditions Discount 3321.11
1. Goods once sold will not be taken back or exchanged.
2. Please make the payment within 30 days. Grand Total 63101.09
Authorised signature Lo
"
ApexInvoice_2024-07-18_18-27-20_33.pdf,"APEX WEAR
New Hind House, Narottam Morarjee Marg, Ballard Estate, Tax Invoice
Mumbai, Maharashtra
GSTIN: 27AAACR7147G1ZQ
Bill To Invoice Details
p State | urate £1130
GST No. 24PNYHN6888F1Z8 24-12-2023
| PanNo. | GNSOJ7878D | RefNo [137
ship To [station (surat
34 Emerald Park, Alkapuri Main Road, Near Inorbit Mall, Gujarat-390007 Terms of
Address 30Days
Payment
GST No. 24PNYHN6888F1Z8 9457
[em ”™~*~<~drtCSCS<iSYT «dC | Pee | rT | To
Persol Rectangular Sunglasses 2891.00
Fossil Women’s Cat-Eye Sunglasses 8066 2430.00 | 15930.00
Sub Total 27181.30
Terms & Conditions Discount 1359.07
1. Goods once sold will not be taken back or exchanged.
2. Please make the payment within 30 days. Grand Total 25822.24
Authorised signature Lo
"
ApexInvoice_2024-07-18_18-28-26_99.pdf,"APEX WEAR
New Hind House, Narottam Morarjee Marg, Ballard Estate, Tax Invoice
Mumbai, Maharashtra
GSTIN: 27AAACR7147G1ZQ
Bill To Invoice Details
|State | Gujarat £1588
GST No. 24JQYYG4497)1Z6 29-09-2023
| Pan No. | DVGGM3173R P RefNo [129
02-10-2023
Ship To | Station [Surat
67 Diamond Palace, Parle Point, Near Magdalla Port, Gujarat-395007 Terms of
Address 30Days
Payment
GST No. 24JQYYG4497)1Z6 9855
[em ”™~*~<~drtCSCS<iSYT «dC | Pee | rT | To
Fitovers Polarized Sunglasses 603.90 3958.90
Fossil Women’s Cat-Eye Sunglasses | 7864. || 18.00% | 60 | 125.00 | 1350.00 8850.00
Sub Total 26172.40
Terms & Conditions Discount 1308.62
1. Goods once sold will not be taken back or exchanged.
2. Please make the payment within 30 days. Grand Total 24863.78
Authorised signature Lo
"
Invoice_2024-06-24_11-25-56_58.pdf,"Invoice details:
Invoice no.: 462
Date issued: 18-05-2020
Invoice From :
Specsworld Opticians
45, 4th Main, Jayamahal Extension, Mumbai - 400005 GSTIN: 29AADCS3456G1ZR
specsworldopticians@gmail.com Pan: RFRBG7060G
Contact no.: 9900232338 State: Maharashtra
Invoice To:
Raj Malhotra
55, Cedar Avenue GSTIN: 240AQVW6255P1Z2
Bangalore Pan: ZZYZJ9496M
Contact no.: 9860090964 Email: rajmalhotra@gmail.com State: Karnataka
Item Name HSN/SAC Qty Unit Price IGST Amount
Persol Rectangular
Sunglasses 9007 3 1661.00 18% 4983.00
Fastrack Gradient
Wayfarer Sunglasses 9008 1 2995.00 18% 2995.00
Police Men’s Round
Sunglasses 9005 2 988.00 18% 1976.00
Sub total 9954.00
IGST 18% 1791.72
Grand Total 11745.72
Terms & Conditions
1. Payment terms are valid thirty (20) days from the date of this invoice, subject to a Y2 of 2%
discount if paid within ten (10) days of the date of this invoice.
2. 30 days limited warranty unless stated otherwise in this invoice.
3. Balance due within 15 days of Invoice date. There shall be 10% Interest per Month thereafter.
4. A copy of this invoice is required, otherwise the warranty process stated herein will be delayed.
"
ApexInvoice_2024-07-18_18-27-04_17.pdf,"APEX WEAR
New Hind House, Narottam Morarjee Marg, Ballard Estate, Tax Invoice
Mumbai, Maharashtra
GSTIN: 27AAACR7147G1ZQ
Bill To Invoice Details
GST No. 24NMMJC8305K1Z7 12-07-2023
[Pan No. WEQZVI32i1 Peetno feo
ship To [station ‘(surat
67 Diamond Palace, Parle Point, Near Magdalla Port, Gujarat-395007 Terms of
Address 30Days
Payment
GST No. 24NMMJC8305K1Z7 9564
[em ”™~*~<~drtCSCS<iSYT «dC | Pee | rT | To
Polarized Wrap Around Sports Sunglasses 8369 3653.10 | 23948.10
Fitovers Polarized Sunglasses 186.00 | 3348.00] 21948.00
Sub Total 66451.70
Terms & Conditions Discount 3322.59
1. Goods once sold will not be taken back or exchanged.
2. Please make the payment within 30 days. Grand Total 63129.12
Authorised signature Lo
"
OpticalInvoice_2024-07-18_18-30-07_72.pdf,"Plot No. 45, GIDC Industrial Estate, Vatva, Ahmedabad, Gujarat
OPTICAL GLASSES GSTIN: 27AJHCU1234L1ZA
PERFECTING YOUR EYE PAN: RTRBG5397G
SN CeomA Invoice Date Order No Order Date Ref No Ref Date SDYocreTiPLaCIyIy Dispatch Through
1121 16-03-2023 EC1107 14-03-2023 1467 16-03-2023
Bill To Ship To
Rakesh Yadav Rakesh Yadav
89 Sapphire Palace, Sadhu Vaswani Road, Near Racecourse, Gujarat-360005 89 Sapphire Palace, Sadhu Vaswani Road, Near Racecourse, Gujarat-360005
State: Maharashtra State: Maharashtra
GSTIN: 24HZXMM7500V1Z5 PAN: PMHBS3278C GSTIN: 24HZXMM7500V1Z5 PAN: PMHBS3278C
| Sr.no_| Item Description | HSN [| Rate — || Batch ~— || Qty | CGST scsT_ | Amount
1 Fastrack Gradient Wayfarer | 7799 2725.00 20230316-715 1 2697.75 2697.75 35370.50
Sunglasses
2 Oakley Polarized Sports 8706 1219.00 20230316-324 10 1097.10 1097.10 14384.20
Sunglasses
3 Oakley Men’s Rectangular 8172 3846.00 20230316-791 10 3461.40 3461.40 45382.80
Sunglasses
SUB TOTAL 95137.50
Discount 4756.88
GRAND TOTAL 90380.63
Terms & Condition
1) Goods once sold will not be taken back or exchanged
2) Any warranty claim will not be accepted without warranty card
3) Payment to be made within 30 days
"
Invoice_2024-06-24_11-25-05_7.pdf,"Invoice details:
Invoice no.: 947
Date issued: 18-10-2020
Invoice From :
Specsworld Opticians
45, 4th Main, Jayamahal Extension, Mumbai - 400005 GSTIN: 29AADCS3456G1ZR
specsworldopticians@gmail.com Pan: RFRBG7060G
Contact no.: 9900232338 State: Maharashtra
Invoice To:
Vijay Sethi
42, Tulip Lane GSTIN: 24YNQZT6472V1Z5
Belgaum Pan: MDMHK6888M
Contact no.: 9469174470 Email: vijaysethi@gmail.com State: Karnataka
Item Name HSN/SAC Qty Unit Price IGST Amount
Fitovers Polarized
Sunglasses 9007 3 1701.00 18% 5103.00
Bobster Eyewear
Fuel Photochromic
Goggles 9007 2 703.00 18% 1406.00
Polarized Wrap
Around Sports
Sunglasses 9008 2 1551.00 18% 3102.00
Sub total 9611.00
IGST 18% 1729.98
Grand Total 11340.98
Terms & Conditions
1. Payment terms are valid thirty (20) days from the date of this invoice, subject to a Y2 of 2%
discount if paid within ten (10) days of the date of this invoice.
2. 30 days limited warranty unless stated otherwise in this invoice.
3. Balance due within 15 days of Invoice date. There shall be 10% Interest per Month thereafter.
4. A copy of this invoice is required, otherwise the warranty process stated herein will be delayed.
"
1447-Vikas-Jain.pdf,"FROM BILL T0
Specsmakers Opticians Vikas Jain
1075, 12th Main, HAL 2nd Stage, 72, Daisy Square, Anmedabad,
Indiranagar, Bangalore - 560008 Gujarat, India
INVOICE # INVOICE DATE P.0.#
1447 07/02/2023 94827
ary DESCRIPTION UNIT PRICE AMOUNT
2 Bobster Convertible Sunglasses 2,599.00 5,198.00
3 Fastrack Unisex Round Sunglasses 1,799.00 5,397.00
Subtotal 10,595.00
GST 18.0% 1,907.10
Total = 12,502.10
Powered. by Invoice Home
"
04352-Meera-Kapoor.pdf,"Trendy Eyes INVOICE
No 324, 1st Floor, 9th Main, 1st Block, HRBR Layout, Bangalore - 560043
Bill To Invoice # 04352
Meera Kapoor Invoice Date 02/07/2023
19, Rosewood Lane, Jaipur,
Rajasthan, India P.O.F 2932
DESCRIPTION UNIT PRICE AMOUNT
Persol Pilot Sunglasses 3,199.00 6,398.00
Puma Cat Eye Sunglasses 1,899.00 5,697.00
Subtotal 12,095.00
GST 18.0% 2,177.10
TOTAL X 14,272.10
Powered by Invoice Home
"
ApexInvoice_2024-07-18_18-27-55_68.pdf,"APEX WEAR
New Hind House, Narottam Morarjee Marg, Ballard Estate, Tax Invoice
Mumbai, Maharashtra
GSTIN: 27AAACR7147G1ZQ
Bill To Invoice Details
|State | Gujarat £1939
GST No. 24RYZXZ784001Z9 17-08-2023
| Pan No. | WXDNV5475Y P RefNo [129
20-08-2023
Ship To | Station [Surat
| Name | Naveen Singh Blue Dart
78 Sapphire Residency, Waghodia Road, Near Ambe Vidyalaya, Gujarat- Terms of
pState | Giarat 13905
GST No. 24RYZXZ784001Z9 9393
| Pan No. _| WXDNV5475Y | DueDate [19-09-2023
[em ”™~*~<~drtCSCS<iSYT «dC | Pee | rT | To
Emporio Armani Women’s Aviator Sunglasses 1062.00 6962.00
Calvin Klein Women’s Oval Sunglasses 6095.20
Sub Total 58002.90
Terms & Conditions Discount 2900.15
1. Goods once sold will not be taken back or exchanged.
2. Please make the payment within 30 days. Grand Total 55102.76
Authorised signature Lo
"
ApexInvoice_2024-07-18_18-27-16_29.pdf,"Wo APEX EYEWEAR
APEX WEAR

New Hind House, Narottam Morarjee Marg, Ballard Estate, Tax Invoice

Mumbai, Maharashtra

GSTIN: 27AAACR7147G1ZQ

[Name [| _____—‘VishalDesi_———| =v No [1990

395007

a

pPanNow | WussovR_ | RefNo 54

F station —_—isurat—

[Name VisholDessi

395007 Payment

a

Pano. | ———S—SWVUSSOTR

[em ”™~*~<~drtCSCS<iSYT «dC | Pee | rT | To

[Emporio Armani Women's Aviator Sunglasses | 7625 | 160% | 60 | 10500 | 113400] 743400

es

es es
Sub Total 38108.10

Terms & Conditions Discount 1905.41

1. Goods once sold will not be taken back or exchanged.

2. Please make the payment within 30 days. Grand Total 36202.70

[Authorised signature] OOOOOSCSCSCS
"
OpticalInvoice_2024-07-18_18-29-10_15.pdf,"Plot No. 45, GIDC Industrial Estate, Vatva, Ahmedabad, Gujarat
OPTICAL GLASSES GSTIN: 27AJHCU1234L1ZA
PERFECTING YOUR EYE PAN: RTRBG5S397G
SN CeomA Invoice Date Order No Order Date Ref No Ref Date SDYocreTiPLaCIyIy Dispatch Through
1163 04-12-2023 EC1190 02-12-2023 1730 04-12-2023
Bill To Ship To
Ramesh Verma Ramesh Verma
34 Emerald Enclave, Karelibaug Main Road, Near Galaxy Cinema, Gujarat-390018 34 Emerald Enclave, Karelibaug Main Road, Near Galaxy Cinema, Gujarat-390018
State: Maharashtra State: Maharashtra
GSTIN: 24NMZFL4586B1Z4_ PAN: APPGA2676T GSTIN: 24NMZFL4586B1Z4_ PAN: APPGA2676T
| Sr.no_| Item Description | HsN | Rate = | Batch_~—|_ Qty _—(| —CGsT scst_ | Amount
1 Vogue Eyewear Women's 7902 612.00 20231204-828 19 1046.52 1046.52 13721.04
Round Sunglasses
2 | . 8978 775.00 20231204-341 18 1255.50 1255.50 16461.00
Maui Jim Polarized Sunglasses
3 Diesel Unisex Aviator 8217 3117.00 20231204-517 20 5610.60 5610.60 73561.20
Sunglasses
SUB TOTAL 103743.24
Discount 5187.16
GRAND TOTAL 98556.08
Terms & Condition
1) Goods once sold will not be taken back or exchanged
2) Any warranty claim will not be accepted without warranty card
3) Payment to be made within 30 days
"
ApexInvoice_2024-07-18_18-26-50_3.pdf,"APEX WEAR
New Hind House, Narottam Morarjee Marg, Ballard Estate, Tax Invoice
Mumbai, Maharashtra
GSTIN: 27AAACR7147G1ZQ
Bill To Invoice Details
|State | Gujarat E1839
GST No. 24TPQYM1178Q1Z0 27-04-2023
| Pan No. | AHUQCS267F | RefNo [167
ship To [station (surat
78 Crystal View, Old Padra Road, Near Inox Multiplex, Gujarat-390020 Terms of
Address 30Days
Payment
GST No. 24TPQYM1178Q1Z0 9417
[em ”™~*~<~drtCSCS<iSYT «dC | Pee | rT | To
Lenskart Air Wrap-Around Sunglasses 8600 239.00 | 2796.30| 18331.30
Diesel UV Protected Sunglasses 9006 293.00
Sub Total 78588.00
Terms & Conditions Discount 3929.40
1. Goods once sold will not be taken back or exchanged.
2. Please make the payment within 30 days. Grand Total 74658.60
Authorised signature Lo
"
2731258-Sunita-Sharma.pdf,"No. 124, ist Main, 7th Block, Koramangala, Bangalore - 560095
Bill To Invoice # Invoice Date
Sunita Sharma 2731258 08/12/2023
31, Marigold Drive,
8378
ohn) Description Unit Price Amount
2 Police Aviator Sunglasses 3,399.00 6,798.00
3 Polarized Sports Sunglasses for Men & Women 1,199.00 3,597.00
i alll Subtotal 10,395.00
GST 18.0% 1,871.10
Invoice Total = 12,266.10
ee lial eS
ee ail
Powered by Invoice Home
"
OpticalInvoice_2024-07-18_18-29-59_64.pdf,"Plot No. 45, GIDC Industrial Estate, Vatva, Ahmedabad, Gujarat
OPTICAL GLASSES GSTIN: 27AJHCU1234L1ZA
PERFECTING YOUR EYE PAN: RTRBG5397G
SN CeomA Invoice Date Order No Order Date Ref No Ref Date SDYocreTiPLaCIyIy Dispatch Through
1906 12-04-2023 EC1466 10-04-2023 1276 12-04-2023
Bill To Ship To
Arun Kapoor Arun Kapoor
45 Ruby Residency, Sector 29, Near Adalaj Stepwell, Gujarat-382421 45 Ruby Residency, Sector 29, Near Adalaj Stepwell, Gujarat-382421
State: Maharashtra State: Maharashtra
GSTIN: 24NFQJN4709F1Z8 PAN: CXJBT17820 GSTIN: 24NFQJN4709F1Z8 PAN: CXJBT17820
| Sr.no_| Item Description | HSN | Rate ~—|_—Batch_~—s|_ Qty (| CGST scst_ | Amount
1 Emporio Armani Unisex-Adult | > 445 4937.00 20230412-847 18 7997.94 | 7997.94 104861.88
Sunglasses
Fossil Women’s Rectangular
2 8342 3368.00 20230412-383 14 4243.68 4243.68 55639.36
Sunglasses
3 | Tommy Hilfiger Women’s Oval | 566 3549.00 20230412-045 17 5429.97 | 5429.97 71192.94
Sunglasses
SUB TOTAL 231694.18
Discount 11584.71
GRAND TOTAL 220109.47
Terms & Condition
1) Goods once sold will not be taken back or exchanged
2) Any warranty claim will not be accepted without warranty card
3) Payment to be made within 30 days
"
1449-Arvind-Kumar.pdf,"FROM BILL T0
Specsmakers Opticians Arvind Kumar
1075, 12th Main, HAL 2nd Stage, 98, Lavender Path, Ranchi,
Indiranagar, Bangalore - 560008 Jharkhand, India
INVOICE # INVOICE DATE P.O.#
1449 09/02/2023 94829
ary DESCRIPTION UNIT PRICE AMOUNT
2 Puma Sport Wrap Sunglasses 2,299.00 4,598.00
2 Emporio Armani Square Metal Sunglasses 3,799.00 7,598.00
Subtotal 12,196.00
GST 18.0% 2,195.28
Total = 14,391.28
Powered. by Invoice Home
"
7329-Kavita-Patel.pdf,"John Jacobs Eyewear INVOICE
2nd Floor, Garuda Mall, Magrath Road, Ashok Nagar, Bangalore - 560025
Bill To Invoice # 7329
Kavita Patel Invoice Date 09/08/2023
88, Orchid Avenue, Baroda, Gujarat,
; P.0.# 249
India
DESCRIPTION UNIT PRICE AMOUNT
Fastrack Unisex Round Sunglasses 1,599.00 4,797.00
Puma Sport Wrap Sunglasses 2,599.00 5,198.00
Subtotal 9,995.00
GST 18.0% 1,799.10
TOTAL = 11,794.10
Powered by Invoice Home
"
OpticalInvoice_2024-07-18_18-30-42_107.pdf,"Plot No. 45, GIDC Industrial Estate, Vatva, Ahmedabad, Gujarat
OPTICAL GLASSES GSTIN: 27AJHCU1234L1ZA
PERFECTING YOUR EYE PAN: RTRBG5397G
SN CeomA Invoice Date Order No Order Date Ref No Ref Date SDYocreTiPLaCIyIy Dispatch Through
1479 01-04-2023 EC1460 30-03-2023 1711 01-04-2023
Bill To Ship To
Vijay Sethi Vijay Sethi
34 Emerald Enclave, Alkapuri Main Road, Near Inorbit Mall, Gujarat-390007 34 Emerald Enclave, Alkapuri Main Road, Near Inorbit Mall, Gujarat-390007
State: Maharashtra State: Maharashtra
GSTIN: 2€4LWKAN6983Y1Z9 PAN: XGDLS3009G GSTIN: 2€4LWKAN6983Y1Z9 PAN: XGDLS3009G
| Sr.no_| Item Description | HSN | Rate ~—|_—Batch_~—s|_ Qty (| CGST scst_ | Amount
1 Diesel Women's Rectangular | 5435 1595.00 20230401-903 15 2153.25 | 2153.25 28231.50
Sunglasses
2 7788 3096.00 20230401-622 12 3343.68 3343.68 43839.36
Persol Rectangular Sunglasses
3 Fastrack Gradient Wayfarer | 744, 3539.00 20230401-337 10 3185.10 | 3185.10 41760.20
Sunglasses
SUB TOTAL 113831.06
Discount 5691.55
GRAND TOTAL 108139.51
Terms & Condition
1) Goods once sold will not be taken back or exchanged
2) Any warranty claim will not be accepted without warranty card
3) Payment to be made within 30 days
"
PerfectVisionInvoice_2024-07-08_18-32-36_5.pdf,"INVOICE . .
Perfect Vision Opticals
28, 1st Floor, 2nd Cross, 1st Block, RT Nagar, Mumbai-400050
GSTIN: 28AJHCU1234L1ZA PAN: RFRBG5397G
Invoice No: 40088 BILL TO
Invoice Date: 26-04-2021 Suman Mishra
P.O.No: 5193 65, Poppy Path
P.O.Date: 24-04-2021 Hubli
Ref No: 6509 Pan No: IUKZH5790C
Ref Date: 26-04-2021 Mobile No: 9794386004
Email: sumanmishra@gmail.com
GSTIN: 24ABQLW 1634G124
Description In Detail Code Qty Price IGST Discount Total
IDEAL Spectacle Frames for 3
Men & Women 9004 1 2354.00 18% 117.70 2236.30
Police Men’s Round Sunglasses), 9007 2 3665.00 18% 366.50 6963.50
Oakley Men's Rectangular 9007 3 3917.00 18% 587.55 11163.45
Sunglasses
TOTAL 1071.75 20363.25
Sub Total 20363.25
IGST @ 18% 3665.39
Grand Total 24028.64
PAYMENT METHOD
we Accept the PayPal, Master Card, VISA and E- Wallets
Terms & Condition:
1. Goods Once Sold Will Not be Taken Back
2. Goods Can be Exchanged During 2:00 pm to 4:00 pm
Thank you for business & visit Again
"
2731252-Rohit-Chawla.pdf,"No. 124, ist Main, 7th Block, Koramangala, Bangalore - 560095
Bill To Invoice # Invoice Date
Rohit Chawla 2731252 02/12/2023
42, Jasmine Avenue,
India 8372
ohn) Description Unit Price Amount
2 Emporio Armani Unisex-Adult Sunglasses 3,099.00 6,198.00
2 Calvin Klein Square Sunglasses 3,299.00 6,598.00
EE
Subtotal 12,796.00
GST 18.0% 2,303.28
Invoice Total = 15,099.28
ee lial eS
ee ail
Powered by Invoice Home
"
ApexInvoice_2024-07-18_18-27-58_71.pdf,"VW APEX EYEWEAR
APEX WEAR
New Hind House, Narottam Morarjee Marg, Ballard Estate, Tax Invoice
Mumbai, Maharashtra
GSTIN: 27AAACR7147G1ZQ
[Name [ ______MeeraKapoor |= tole No [1238
sete [Carat
Panne. [| _____wwvunasss SS RefNo Ta
station —_—isurat—
[Name [_____—‘MeeraKapoor
390001 Payment
a
[Panne [| _——=SWUMR905G
[em ”™~*~<~drtCSCS<iSYT «dC | Pee | rT | To
es
es es
Sub Total 94836.60
Terms & Conditions Discount 4741.83
1. Goods once sold will not be taken back or exchanged.
2. Please make the payment within 30 days. Grand Total 90094.77
[Authorised signature] OOOOOSCSCSCS
"
Invoice_2024-06-24_11-25-12_14.pdf,"Invoice details:
Invoice no.: 288
Date issued: 16-03-2020
Invoice From :
Specsworld Opticians
45, 4th Main, Jayamahal Extension, Mumbai - 400005 GSTIN: 29AADCS3456G1ZR
specsworldopticians@gmail.com Pan: RFRBG7060G
Contact no.: 9900232338 State: Maharashtra
Invoice To:
Rakesh Patel
72, Olive Drive GSTIN: 24XEOAN6132X1Z2
Mangalore Pan: DDISB3196F
Contact no.: 9499098783 Email: rakeshpatel@gmail.com State: Karnataka
Item Name HSN/SAC Qty Unit Price IGST Amount
Nova Bluecut
Eyeglasses (Zero
Power) 9005 2 3849.00 18% 7698.00
Ray-Ban Aviator
Classic Sunglasses 9007 3 4078.00 18% 12234.00
Polarized Wrap
Around Sports
Sunglasses 9007 3 1160.00 18% 3480.00
Sub total 23412.00
IGST 18% 4214.16
Grand Total 27626.16
Terms & Conditions
1. Payment terms are valid thirty (20) days from the date of this invoice, subject to a %2 of 2%
discount if paid within ten (10) days of the date of this invoice.
2. 30 days limited warranty unless stated otherwise in this invoice.
3. Balance due within 15 days of Invoice date. There shall be 10% Interest per Month thereafter.
4. A copy of this invoice is required, otherwise the warranty process stated herein will be delayed.
"
B-4702-Nisha-Verma.pdf,"INVOICE # B/4702 INVOICE DATE 02/07/2023
P.O.# 09482
BILL TO Ben Franklin Opticians
Nisha Verma 438, 17th Main, 4th T Block,
88, Marigold Boulevard, Patna, Jayanagar, Bangalore - 560041
Bihar, India
oun 4 DESCRIPTION UNIT PRICE AMOUNT
2 Oakley Men’s Rectangular Sunglasses 2,599.00 5,198.00
3 Vogue Eyewear Women’s Round Sunglasses 3,299.00 9,897.00
Subtotal 15,095.00
GST 18.0% 2,717.10
INVOICE TOTAL X 17,812.10
Powered by Invoice Home
"
OpticalInvoice_2024-07-18_18-30-14_79.pdf,"Plot No. 45, GIDC Industrial Estate, Vatva, Ahmedabad, Gujarat
OPTICAL GLASSES GSTIN: 27AJHCU1234L1ZA
PERFECTING YOUR EYE PAN: RTRBG5397G
SN CeomA Invoice Date Order No Order Date Ref No Ref Date SDYocreTiPLaCIyIy Dispatch Through
1287 11-02-2023 EC1473 09-02-2023 1941 11-02-2023
Bill To Ship To
Richa Singh Richa Singh
12 Sapphire Heights, Prahladnagar Road, Near Prahladnagar Garden, Gujarat- 12 Sapphire Heights, Prahladnagar Road, Near Prahladnagar Garden, Gujarat-380015
380015
State: Maharashtra State: Maharashtra
GSTIN: 24QDFCZ3032A1Z9 PAN: SLFBU2145P GSTIN: 24QDFCZ3032A1Z9 PAN: SLFBU2145P
| Sr.no_| Item Description | HSN | Rate ~—|_—Batch_~—s|_ Qty (| CGST scst_ | Amount
1 Puma Men's Wayfarer 8364 1571.00 20230211-487 14 1979.46 1979.46 25952.92
Sunglasses
2 . 7101 3840.00 20230211-459 13 4492.80 4492.80 58905.60
Fossil Men’s Square Sunglasses
Titan Men’s Wayfarer
3 7150 1409.00 20230211-304 17 2155.77 2155.77 28264.54
Sunglasses
SUB TOTAL 113123.06
Discount 5656.15
GRAND TOTAL 107466.91
Terms & Condition
1) Goods once sold will not be taken back or exchanged
2) Any warranty claim will not be accepted without warranty card
3) Payment to be made within 30 days
"
7325-Poonam-Singh.pdf,"John Jacobs Eyewear INVOICE
2nd Floor, Garuda Mall, Magrath Road, Ashok Nagar, Bangalore - 560025
Bill To Invoice # 7325
Poonam Singh Invoice Date 05/08/2023
56, Bluebell Boulevard, Chandigarh,
Haryana, India P.O# 245
DESCRIPTION UNIT PRICE AMOUNT
Police Wrap Around Sports Sunglasses 3,999.00 7,998.00
IDEAL Full Rim Spectacle Frames 899.00 3,596.00
Subtotal 11,594.00
GST 18.0% 2,086.92
TOTAL XT 13,680.92
Powered by Invoice Home
"
ApexInvoice_2024-07-18_18-28-07_80.pdf,"Wo APEX EYEWEAR
APEX WEAR
New Hind House, Narottam Morarjee Marg, Ballard Estate, Tax Invoice
Mumbai, Maharashtra
GSTIN: 27AAACR7147G1ZQ
[Name | __‘Tanvikapoor |S volte [27
a
Pano. | __—_—coxmseaasz——Si RefNo TS
station ‘surat
[Name [| ————sTamviKapoor
78 Crystal Heights, Subhanpura Road, Near Sardar Patel Stadium, Terms of
pState | Giarat
Pano. | —CCOKMSBAASZ
[em ”™~*~<~drtCSCS<iSYT «dC | Pee | rT | To
es
es
Sub Total 50403.70
Terms & Conditions Discount 2520.19
1. Goods once sold will not be taken back or exchanged.
2. Please make the payment within 30 days. Grand Total 47883.52
[Authorised signature] OOOOOSCSCSCS
"
19001-Amit-Singh.pdf,"INVOICE # 19001
NN VO ( = INVOICE DATE Crave
P.O.# Oo
FROM BILL TO INVOICE TOTAL
Lenskart.com Amit Singh
98, 27th Main Rd, 1st 55, Carnation Road, x 8,/27.28
Sector, HSR Layout, Jaipur, Rajasthan, India
Bangalore - 560102
DESCRIPTION UNIT PRICE QTY AMOUNT
Ray-Ban Aviator Classic Sunglasses 2,099.00 2 4,198.00
Fastrack UV Protected Aviator Sunglasses 1,599.00 2 3,198.00
SUBTOTAL 7,396.00
GST 18.0% 1,331.28
TOTAL % 8,727.28
Powered by Invoice Home
"
Invoice_2024-06-24_11-25-09_11.pdf,"Invoice details:
Invoice no.: 262
Date issued: 27-04-2020
Invoice From :
Specsworld Opticians
45, 4th Main, Jayamahal Extension, Mumbai - 400005 GSTIN: 29AADCS3456G1ZR
specsworldopticians@gmail.com Pan: RFRBG7060G
Contact no.: 9900232338 State: Maharashtra
Invoice To:
Swati Kapoor
17, Olive Drive GSTIN: 24GRCMR2204Z126
Mangalore Pan: LFLRJ8776R
Contact no.: 9332080494 Email: swatikapoor@gmail.com State: Karnataka
Item Name HSN/SAC Qty Unit Price IGST Amount
Fitovers Polarized
Sunglasses 9008 1 4709.00 18% 4709.00
Nova Bluecut
Eyeglasses (Zero
Power) 9004 3 2286.00 18% 6858.00
Puma Men’s
Wayfarer Sunglasses 9005 1 2756.00 18% 2756.00
Sub total 14323.00
IGST 18% 2578.14
Grand Total 16901.14
Terms & Conditions
1. Payment terms are valid thirty (20) days from the date of this invoice, subject to a %2 of 2%
discount if paid within ten (10) days of the date of this invoice.
2. 30 days limited warranty unless stated otherwise in this invoice.
3. Balance due within 15 days of Invoice date. There shall be 10% Interest per Month thereafter.
4. A copy of this invoice is required, otherwise the warranty process stated herein will be delayed.
"
ApexInvoice_2024-07-18_18-28-47_120.pdf,"Wo APEX EYEWEAR
APEX WEAR
New Hind House, Narottam Morarjee Marg, Ballard Estate, Tax Invoice
Mumbai, Maharashtra
GSTIN: 27AAACR7147G1ZQ
[Name [| __—_—VinodRao——| S| vole No [1120
395007
a
PPanNo. | ROTA «CSC Ref
station (surat
[Name [Vinod Rao
395007 Payment
a
Panne. [| ———SRBDOMATL
[em ”™~*~<~drtCSCS<iSYT «dC | Pee | rT | To
es
es es
Sub Total 90169.70
Terms & Conditions Discount 4508.49
1. Goods once sold will not be taken back or exchanged.
2. Please make the payment within 30 days. Grand Total 85661.22
[Authorised signature] OOOOOSCSCSCS
"
Invoice_2024-06-24_11-25-50_52.pdf,"Invoice details:
Invoice no.: 214
Date issued: 28-12-2020
Invoice From :
Specsworld Opticians
45, 4th Main, Jayamahal Extension, Mumbai - 400005 GSTIN: 29AADCS3456G1ZR
specsworldopticians@gmail.com Pan: RFRBG7060G
Contact no.: 9900232338 State: Maharashtra
Invoice To:
Pallavi Desai
15, Rosewood Path GSTIN: 24SRQGH7888E1Z7
Bangalore Pan: WHZZ19213X
Contact no.: 9816035021 Email: pallavidesai@gmail.com State: Karnataka
Item Name HSN/SAC Qty Unit Price IGST Amount
Carrera Unisex-Adult
Rectangular
Sunglasses 9005 3 4034.00 18% 12102.00
Ray-Ban Aviator
Classic Sunglasses 9004 2 3805.00 18% 7610.00
Fastrack UV
Protected Aviator
Sunglasses 9006 1 1203.00 18% 1203.00
Sub total 20915.00
IGST 18% 3764.70
Grand Total 24679.70
Terms & Conditions
1. Payment terms are valid thirty (20) days from the date of this invoice, subject to a Y2 of 2%
discount if paid within ten (10) days of the date of this invoice.
2. 30 days limited warranty unless stated otherwise in this invoice.
3. Balance due within 15 days of Invoice date. There shall be 10% Interest per Month thereafter.
4. A copy of this invoice is required, otherwise the warranty process stated herein will be delayed.
"
OpticalInvoice_2024-07-18_18-29-27_32.pdf,"Plot No. 45, GIDC Industrial Estate, Vatva, Ahmedabad, Gujarat
OPTICAL GLASSES GSTIN: 27AJHCU1234L1ZA
PERFECTING YOUR EYE PAN: RTRBG5397G
SN CeomA Invoice Date Order No Order Date Ref No Ref Date SDYocreTiPLaCIyIy Dispatch Through
1774 29-10-2023 EC1656 27-10-2023 1044 29-10-2023
Bill To Ship To
Aarti Gupta Aarti Gupta
89 Sapphire Plaza, Rajkot Road, Near Trikon Baug, Gujarat-360001 89 Sapphire Plaza, Rajkot Road, Near Trikon Baug, Gujarat-360001
State: Maharashtra State: Maharashtra
GSTIN: 24EOLSH2975F1Z5 PAN: LUMLY2167N GSTIN: 24EOLSH2975F1Z5 PAN: LUMLY2167N
| Sr.no_| Item Description | HSN | Rate ~—|_—Batch_~—s|_ Qty (| CGST scst_ | Amount
1 Carrera Unisex-Adult 7697 757.00 20231029-454 16 1090.08 1090.08 14292.16
Rectangular Sunglasses
2 Ray-Ban Men's Wayfarer 7309 2833.00 20231029-773 13 3314.61 | 3314.61 43458.22
Sunglasses
3 . . 8266 4821.00 20231029-003 20 8677.80 8677.80 113775.60
Gucci Men’s Aviator Sunglasses
SUB TOTAL 171525.98
Discount 8576.30
GRAND TOTAL 162949.68
Terms & Condition
1) Goods once sold will not be taken back or exchanged
2) Any warranty claim will not be accepted without warranty card
3) Payment to be made within 30 days
"
ApexInvoice_2024-07-18_18-27-00_13.pdf,"APEX WEAR
New Hind House, Narottam Morarjee Marg, Ballard Estate, Tax Invoice
Mumbai, Maharashtra
GSTIN: 27AAACR7147G1ZQ
Bill To Invoice Details
GST No. 24RPQIM6112J1Z2 17-05-2023
ship To [station surat
Name | Poonam Singh Blue Dart
89 Ruby Residency, Gondal Road, Near Galaxy Cinema, Gujarat-360001 Terms of
Address 30Days
Payment
GST No. 24RPQIM6112J1Z2 9602
| Pan No. _| PSSNQ555OC | DueDate [19-06-2023
[em ”™~*~<~drtCSCS<iSYT «dC | Pee | rT | To
Bobster Eyewear Fuel Photochromic Goggles 383.40
Fastrack Gradient Wayfarer Sunglasses 34863.10
Sub Total 41654.00
Terms & Conditions Discount 2082.70
1. Goods once sold will not be taken back or exchanged.
2. Please make the payment within 30 days. Grand Total 39571.30
Authorised signature Lo
"
OpticalInvoice_2024-07-18_18-30-10_75.pdf,"Plot No. 45, GIDC Industrial Estate, Vatva, Ahmedabad, Gujarat
OPTICAL GLASSES GSTIN: 27AJHCU1234L1ZA
PERFECTING YOUR EYE PAN: RTRBG5397G
SN CeomA Invoice Date Order No Order Date Ref No Ref Date SDYocreTiPLaCIyIy Dispatch Through
1513 29-03-2023 EC1369 27-03-2023 1526 29-03-2023
Bill To Ship To
Raj Malhotra Raj Malhotra
23 Pearl Paradise, CG Road, Near Law Garden, Gujarat-380009 23 Pearl Paradise, CG Road, Near Law Garden, Gujarat-380009
State: Maharashtra State: Maharashtra
GSTIN: 24PJJPT7589W1Z8 PAN: DMSXL7795C GSTIN: 24PJJPT7589W1Z8 PAN: DMSXL7795C
| Sr.no_| Item Description | HSN | Rate ~—|_—Batch_~—s|_ Qty (| CGST scst_ | Amount
1 Gucci Women’s Cat-Eye 7646 2042.00 20230329-605 16 2940.48 | 2940.48 38552.96
Sunglasses
2 | Calvin Klein Men's Rectangular | 3-47 839.00 20230329-685 16 1208.16 | 1208.16 15840.32
Sunglasses
3 Emporio Armani Women's 7133 4808.00 20230329-836 19 8221.68 | 8221.68 107795.36
Aviator Sunglasses
SUB TOTAL 162188.64
Discount 8109.43
GRAND TOTAL 154079.21
Terms & Condition
1) Goods once sold will not be taken back or exchanged
2) Any warranty claim will not be accepted without warranty card
3) Payment to be made within 30 days
"
ApexInvoice_2024-07-18_18-27-59_72.pdf,"APEX WEAR
New Hind House, Narottam Morarjee Marg, Ballard Estate, Tax Invoice
Mumbai, Maharashtra
GSTIN: 27AAACR7147G1ZQ
Bill To Invoice Details
|State | Gujarat E1845
GST No. 24FCRHO2878Y1Z3 04-05-2023
| Pan No. | BLHGP 1687 p RefNo [181
07-05-2023
Ship To | Station [Surat
| Name | Ashok Kumar Blue Dart
23 Pearl Point, Science City Road, Near SG Highway, Gujarat-380060 Terms of
Address 30Days
Payment
GST No. 24FCRHO2878Y1Z3 9827
[em ”™~*~<~drtCSCS<iSYT «dC | Pee | rT | To
Carrera Men‘s Rectangular Sunglasses 48846.10
Lenskart Air Wrap-Around Sunglasses 396.00 | 2596.00
Sub Total 73266.20
Terms & Conditions Discount 3663.31
1. Goods once sold will not be taken back or exchanged.
2. Please make the payment within 30 days. Grand Total 69602.89
Authorised signature Lo
"
OpticalInvoice_2024-07-18_18-30-03_68.pdf,"Plot No. 45, GIDC Industrial Estate, Vatva, Ahmedabad, Gujarat
OPTICAL GLASSES GSTIN: 27AJHCU1234L1ZA
PERFECTING YOUR EYE PAN: RTRBG5397G
SN CeomA Invoice Date Order No Order Date Ref No Ref Date SDYocreTiPLaCIyIy Dispatch Through
1867 06-12-2023 EC1329 04-12-2023 1158 06-12-2023
Bill To Ship To
Richa Singh Richa Singh
12 Sapphire Heights, Prahladnagar Road, Near Prahladnagar Garden, Gujarat- 12 Sapphire Heights, Prahladnagar Road, Near Prahladnagar Garden, Gujarat-380015
380015
State: Maharashtra State: Maharashtra
GSTIN: 24NRYMX720311Z4 PAN: XQHAE4982) GSTIN: 24NRYMX720311Z4 PAN: XQHAE4982)
| Sr.no_| Item Description | HSN | Rate | Batch ~—|_ Qty | CGST sestT_ | Amount
1 Vogue Eyewear Women's 8151 1526.00 20231206-147 12 1648.08 1648.08 21608.16
Round Sunglasses
2 . 8054 805.00 20231206-774 16 1159.20 1159.20 15198.40
Puma Men’s Aviator Sunglasses
Oakley Men’s Rectangular
3 8712 628.00 20231206-809 11 621.72 621.72 8151.44
Sunglasses
SUB TOTAL 44958.00
Discount 2247.90
GRAND TOTAL 42710.10
Terms & Condition
1) Goods once sold will not be taken back or exchanged
2) Any warranty claim will not be accepted without warranty card
3) Payment to be made within 30 days
"
PerfectVisionInvoice_2024-07-08_18-33-39_68.pdf,"INVOICE os
Perfect Vision Opticals
28, 1st Floor, 2nd Cross, 1st Block, RT Nagar, Mumbai-400050
GSTIN: 28AJHCU1234L1ZA PAN: RFRBG5397G
Invoice No: 28635 BILL TO
Invoice Date: 31-03-2021 Priya Verma
P.O.No: 6753 84, Cedar Street
P.O.Date: 29-03-2021 Mysore
Ref No: 6966 Pan No: XYXAU9389J
Ref Date: 31-03-2021 Mobile No: 9816001441
Email: priyaverma@gmail.com
GSTIN: 240YZER1332J1Z7
Description In Detail Code Qty Price IGST Discount Total
Vincent Chase Blue Cut °
Computer Glasses 9008 1 4739.00 18% 236.95 4502.05
Fastrack Gradient Wayfarer 9008 2 1741.00 18% 174.10 3307.90
Sunglasses
Puma Men's Wayfarer 9005 1 2879.00 18% 143.95 2735.05
Sunglasses
TOTAL 555.00 10545.00
Sub Total 10545.00
IGST @ 18% 1898.10
Grand Total 12443.10
PAYMENT METHOD
we Accept the PayPal, Master Card, VISA and E- Wallets
Terms & Condition:
1. Goods Once Sold Will Not be Taken Back
2. Goods Can be Exchanged During 2:00 pm to 4:00 pm
Thank you for business & visit Again
"
ApexInvoice_2024-07-18_18-27-37_50.pdf,"Wo APEX EYEWEAR
APEX WEAR
New Hind House, Narottam Morarjee Marg, Ballard Estate, Tax Invoice
Mumbai, Maharashtra
GSTIN: 27AAACR7147G1ZQ
[Name | Snchaao «|S vole No [266
a
Pano. | —onvicssznz*d|CSsCi fof
station surat
[Name [Sneha Ra
Gujarat-390007 Payment
a
[Pano | ———S—CONCSBRIZ
Cem SC~*dSCiaSN YT ys | Price | GST | Total
[Vogue Women's Wayfarer Sunglasses | 7642 | 180% | 60 | 14500 | 156600] 1026600
[Perso Rectangular Sunglasses | 6251 | ra00% | 90 | 9000 | 145800] 955800 _
es
es
Sub Total 92281.90
Terms & Conditions Discount 4614.10
1. Goods once sold will not be taken back or exchanged.
2. Please make the payment within 30 days. Grand Total 87667.81
[Authorised signature] OOOOOSCSCSCS
"
27046-Priya-Nair.pdf,"INVOICE # 27046
iN VO ( = INVOICE DATE 16/04/2023
P.O.# 83206
FROM BILL TO INVOICE TOTAL
Gangar Eyenation Priya Nair
No. 50, MG Road, Near 41, Orchid Circle, Kochi, x 1 7,692.92
Trinity Circle, Bangalore - Kerala, India
560001
DESCRIPTION UNIT PRICE QTY AMOUNT
Lenskart Polarized Wayfarer Sunglasses 2,999.00 3 8,997.00
Tommy Hilfiger Aviator Sunglasses 1,999.00 3 5,997.00
SUBTOTAL 14,994.00
GST 18.0% 2,698.92
TOTAL = 17,692.92
Powered by Invoice Home
"
Invoice_2024-06-24_11-26-32_94.pdf,"Invoice details:
Invoice no.: 459
Date issued: 25-09-2020
Invoice From :
Specsworld Opticians
45, 4th Main, Jayamahal Extension, Mumbai - 400005 GSTIN: 29AADCS3456G1ZR
specsworldopticians@gmail.com Pan: RFRBG7060G
Contact no.: 9900232338 State: Maharashtra
Invoice To:
Sunil Kumar
23, Marigold Lane GSTIN: 24XOSNT2051K12Z2
Bangalore Pan: SPPDY2230H
Contact no.: 9804406356 Email: sunilkumar@gmail.com State: Karnataka
Item Name HSN/SAC Qty Unit Price IGST Amount
Bobster Eyewear
Fuel Photochromic
Goggles 9008 3 1397.00 18% 4191.00
Police Men’s Round
Sunglasses 9007 2 2154.00 18% 4308.00
Nova Bluecut
Eyeglasses (Zero
Power) 9004 3 4840.00 18% 14520.00
Sub total 23019.00
IGST 18% 4143.42
Grand Total 27162.42
Terms & Conditions
1. Payment terms are valid thirty (20) days from the date of this invoice, subject to a %2 of 2%
discount if paid within ten (10) days of the date of this invoice.
2. 30 days limited warranty unless stated otherwise in this invoice.
3. Balance due within 15 days of Invoice date. There shall be 10% Interest per Month thereafter.
4. A copy of this invoice is required, otherwise the warranty process stated herein will be delayed.
"
ApexInvoice_2024-07-18_18-27-05_18.pdf,"APEX WEAR
New Hind House, Narottam Morarjee Marg, Ballard Estate, Tax Invoice
Mumbai, Maharashtra
GSTIN: 27AAACR7147G1ZQ
Bill To Invoice Details
GST No. 24PKRSS1684C1Z7 01-05-2023
ship To [station (surat
78 Crystal View, Old Padra Road, Near Inox Multiplex, Gujarat-390020 Terms of
Address 30Days
Payment
GST No. 24PKRSS1684C1Z7 9005
[em ”™~*~<~drtCSCS<iSYT «dC | Pee | rT | To
Tommy Hilfiger UV Protected Square Sunglasses 166.00 896.40
Sub Total 36851.40
Terms & Conditions Discount 1842.57
1. Goods once sold will not be taken back or exchanged.
2. Please make the payment within 30 days. Grand Total 35008.83
Authorised signature Lo
"
7632357-Sunita-Sharma.pdf,"INVOICE # 7632357 INVOICE DATE 07/06/2023
P.O.# 7307
BILL TO Vasan Eye Care
Sunita Sharma 44, 3rd Floor, JNC Road,
31, Marigold Drive, Bangalore, Koramangala 5th Block, Bangalore
Karnataka, India - 560095
QTY DESCRIPTION UNIT PRICE AMOUNT
2 Tommy Hilfiger Aviator Sunglasses 2,799.00 5,598.00
2 John Jacobs Clubmaster Sunglasses 2,399.00 4,798.00
Subtotal 10,396.00
GST 18.0% 1,871.28
INVOICE TOTAL X 12,267.28
Powered by Invoice Home
"
PerfectVisionInvoice_2024-07-08_18-33-43_72.pdf,"INVOICE _
Perfect Vision Opticals
28, 1st Floor, 2nd Cross, 1st Block, RT Nagar, Mumbai-400050
GSTIN: 28AJHCU1234L1ZA PAN: RFRBG5397G
Invoice No: 44612 BILL TO
Invoice Date: 19-08-2021 Shruti Shah
P.O.No: 5050 66, Tulip Path
P.O.Date: 17-08-2021 Hubli
Ref No: 5929 Pan No: HDZQX1766M
Ref Date: 19-08-2021 Mobile No: 9820653589
Email: shrutishah@gmail.com
GSTIN: 24FHRLP4831R1Z1
Description In Detail Code Qty Price IGST Discount Total
Vogue Eyewear Women’s °
Round Sunglasses 9005 1 1432.00 18% 71.60 1360.40
Calvin Klein Square Sunglasses |} 9006 2 4560.00 18% 456.00 8664.00
Fitovers Polarized Sunglasses 9005 1 4105.00 18% 205.25 3899.75
TOTAL 732.85 13924.15
Sub Total 13924.15
IGST @ 18% 2506.35
Grand Total 16430.50
PAYMENT METHOD
we Accept the PayPal, Master Card, VISA and E- Wallets
Terms & Condition:
1. Goods Once Sold Will Not be Taken Back
2. Goods Can be Exchanged During 2:00 pm to 4:00 pm
Thank you for business & visit Again
"
2451-Rohit-Chawla.pdf,"Optik Eyewear
No 22, 4th Cross, Sampige Road, Malleswaram, Bangalore - 560003
Bill To Invoice # Invoice Date
Rohit Chawla 2451 01/10/2023
42, Jasmine Avenue,
India 5291
ohn) Description Unit Price Amount
2 Ray-Ban Hexagonal Flat Lenses Sunglasses 3,599.00 7,198.00
3 Fastrack UV Protected Aviator Sunglasses 1,299.00 3,897.00
——
Subtotal 11,095.00
GST 18.0% 1,997.10
Invoice Total = 13,092.10
ee lial eS
ee cll
Powered by Invoice Home
"
7328-Manish-Joshi.pdf,"John Jacobs Eyewear INVOICE
2nd Floor, Garuda Mall, Magrath Road, Ashok Nagar, Bangalore - 560025
Bill To Invoice # 7328
Manish Joshi Invoice Date 08/08/2023
47, Lily Lane, Jaipur, Rajasthan,
India P.0.# 248
DESCRIPTION UNIT PRICE AMOUNT
Fastrack Unisex Round Sunglasses 1,599.00 4,797.00
Persol Classic Round Sunglasses 3,999.00 7,998.00
Subtotal 12,795.00
GST 18.0% 2,303.10
TOTAL X 15,098.10
Powered by Invoice Home
"
Invoice_2024-06-24_11-25-01_3.pdf,"Invoice details:
Invoice no.: 548
Date issued: 03-02-2020
Invoice From :
Specsworld Opticians
45, 4th Main, Jayamahal Extension, Mumbai - 400005 GSTIN: 29AADCS3456G1ZR
specsworldopticians@gmail.com Pan: RFRBG7060G
Contact no.: 9900232338 State: Maharashtra
Invoice To:
Vikash Mehta
28, Lotus Drive GSTIN: 24WUXLS8726Q1Z9
Belgaum Pan: NMRCV7059Z
Contact no.: 9794710514 Email: vikashmehta@gmail.com State: Karnataka
Item Name HSN/SAC Qty Unit Price IGST Amount
Puma Men’s
Wayfarer Sunglasses 9006 2 1525.00 18% 3050.00
Lenskart Air Wrap-
Around Sunglasses 9004 1 4863.00 18% 4863.00
Carrera Unisex-Adult
Rectangular
Sunglasses 9005 2 1839.00 18% 3678.00
Sub total 11591.00
IGST 18% 2086.38
Grand Total 13677.38
Terms & Conditions
1. Payment terms are valid thirty (20) days from the date of this invoice, subject to a Y2 of 2%
discount if paid within ten (10) days of the date of this invoice.
2. 30 days limited warranty unless stated otherwise in this invoice.
3. Balance due within 15 days of Invoice date. There shall be 10% Interest per Month thereafter.
4. A copy of this invoice is required, otherwise the warranty process stated herein will be delayed.
"
OpticalInvoice_2024-07-18_18-30-27_92.pdf,"Plot No. 45, GIDC Industrial Estate, Vatva, Ahmedabad, Gujarat
OPTICAL GLASSES GSTIN: 27AJHCU1234L1ZA
PERFECTING YOUR EYE PAN: RTRBG5397G
SN CeomA Invoice Date Order No Order Date Ref No Ref Date SDYocreTiPLaCIyIy Dispatch Through
1550 24-09-2023 EC1608 22-09-2023 1080 24-09-2023
Bill To Ship To
Deepak Kumar Deepak Kumar
23 Pearl Paradise, CG Road, Near Law Garden, Gujarat-380009 23 Pearl Paradise, CG Road, Near Law Garden, Gujarat-380009
State: Maharashtra State: Maharashtra
GSTIN: 24NDWYA8720Y1Z9_ PAN: TKZCW5328) GSTIN: 24NDWYA8720Y1Z9 PAN: TKZCW5328)
| Sr.no_| Item Description | HSN | Rate ~—|_—Batch_~—s|_ Qty (| CGST scst_ | Amount
1 Polarized Wrap Around Sports | gq 572.00 20230924-920 11 566.28 566.28 7424.56
Sunglasses
Diesel Women’s Rectangular
2 7116 1655.00 20230924-807 14 2085.30 2085.30 27340.60
Sunglasses
3 Titan Men’s Wayfarer 8171 4647.00 20230924-786 20 8364.60 | 8364.60 109669.20
Sunglasses
SUB TOTAL 144434.36
Discount 7221.72
GRAND TOTAL 137212.64
Terms & Condition
1) Goods once sold will not be taken back or exchanged
2) Any warranty claim will not be accepted without warranty card
3) Payment to be made within 30 days
"
Invoice_2024-06-24_11-26-30_92.pdf,"Invoice details:
Invoice no.: 880
Date issued: 16-09-2020
Invoice From :
Specsworld Opticians
45, 4th Main, Jayamahal Extension, Mumbai - 400005 GSTIN: 29AADCS3456G1ZR
specsworldopticians@gmail.com Pan: RFRBG7060G
Contact no.: 9900232338 State: Maharashtra
Invoice To:
Sangeeta Rao
21, Marigold Drive GSTIN: 24TEOAR1877G122
Bangalore Pan: TCRLM8306K
Contact no.: 9388915048 Email: sangeetarao@gmail.com State: Karnataka
Item Name HSN/SAC Qty Unit Price IGST Amount
Puma Men’s
Wayfarer Sunglasses 9007 2 2576.00 18% 5152.00
Calvin Klein Square
Sunglasses 9004 1 865.00 18% 865.00
Carrera Unisex-Adult
Rectangular
Sunglasses 9006 3 2836.00 18% 8508.00
Sub total 14525.00
IGST 18% 2614.50
Grand Total 17139.50
Terms & Conditions
1. Payment terms are valid thirty (20) days from the date of this invoice, subject to a Y2 of 2%
discount if paid within ten (10) days of the date of this invoice.
2. 30 days limited warranty unless stated otherwise in this invoice.
3. Balance due within 15 days of Invoice date. There shall be 10% Interest per Month thereafter.
4. A copy of this invoice is required, otherwise the warranty process stated herein will be delayed.
"
OpticalInvoice_2024-07-18_18-30-50_115.pdf,"Plot No. 45, GIDC Industrial Estate, Vatva, Ahmedabad, Gujarat
OPTICAL GLASSES GSTIN: 27AJHCU1234L1ZA
PERFECTING YOUR EYE PAN: RTRBG5397G
SN CeomA Invoice Date Order No Order Date Ref No Ref Date SDYocreTiPLaCIyIy Dispatch Through
1108 27-07-2023 EC1920 25-07-2023 1741 27-07-2023
Bill To Ship To
Rina Das Rina Das
78 Crystal Paradise, Dandia Bazar Road, Near Kirti Stambh, Gujarat-390001 78 Crystal Paradise, Dandia Bazar Road, Near Kirti Stambh, Gujarat-390001
State: Maharashtra State: Maharashtra
GSTIN: 24FUWOU6925R1Z5 PAN: OZCCD7056R GSTIN: 24FUWOU6925R1Z5 PAN: OZCCD7056R
| Sr.no_| Item Description | HSN | Rate ~—|_—Batch_~—s|_ Qty (| CGST scst_ | Amount
1 . . 7319 3881.00 20230727-597 12 4191.48 4191.48 54954.96
Fossil Men’s Aviator Sunglasses
2 Police UV Protected Square | 7354 4777.00 20230727-161 14 6019.02 6019.02 78916.04
Sunglasses
Calvin Klein Polarized
3 8112 1824.00 20230727-687 20 3283.20 3283.20 43046.40
Sunglasses
SUB TOTAL 176917.40
Discount 8845.87
GRAND TOTAL 168071.53
Terms & Condition
1) Goods once sold will not be taken back or exchanged
2) Any warranty claim will not be accepted without warranty card
3) Payment to be made within 30 days
"
ApexInvoice_2024-07-18_18-28-38_111.pdf,"APEX WEAR
New Hind House, Narottam Morarjee Marg, Ballard Estate, Tax Invoice
Mumbai, Maharashtra
GSTIN: 27AAACR7147G1ZQ
Bill To Invoice Details
pState [Gujarat E1064
GST No. 24SPVGM643401Z7 25-06-2023
| Pan No. | RVNXM88316 P RefNo [137
ship To [station (surat
78 Crystal View, Old Padra Road, Near Inox Multiplex, Gujarat-390020 Terms of
Address 30Days
Payment
GST No. 24SPVGM643401Z7 9557
[em ”™~*~<~drtCSCS<iSYT «dC | Pee | rT | To
Fossil UV Protected Wayfarer Sunglasses 599.00 | 7008.30 45943.30
IDEAL Spectacle Frames for Men & Women 8066 3103.40
Diesel Women’s Rectangular Sunglasses 396.00 2596.00
Sub Total 65767.30
Terms & Conditions Discount 3288.37
1. Goods once sold will not be taken back or exchanged.
2. Please make the payment within 30 days. Grand Total 62478.94
Authorised signature Lo
"
19010-Anjali-Desai.pdf,"INVOICE # 19010
NN VO ( = INVOICE DATE 10/05/2023
P.O.# 0840
FROM BILL TO INVOICE TOTAL
Lenskart.com Anjali Desai
98, 27th Main Rd, ‘st 7, Magnolia Drive, Surat, x 1 9,071 28
Sector, HSR Layout, Gujarat, India
Bangalore - 560102
DESCRIPTION UNIT PRICE QTY AMOUNT
Persol Rectangular Sunglasses 3,599.00 2 7,198.00
Fastrack Gradient Wayfarer Sunglasses 2,999.00 2 5,998.00
SUBTOTAL 13,196.00
GST 18.0% 2,375.28
TOTAL = 15,571.28
Powered by Invoice Home
"
ApexInvoice_2024-07-18_18-27-10_23.pdf,"APEX WEAR
New Hind House, Narottam Morarjee Marg, Ballard Estate, Tax Invoice
Mumbai, Maharashtra
GSTIN: 27AAACR7147G1ZQ
Bill To Invoice Details
|State | Gujarat E1685
GST No. 24NTUGW5821N1Z7 19-05-2023
| Pan No. | CKIZN3658F P RefNo [121
22-05-2023
Ship To | Station [Surat
| Name | Deepa Patel Blue Dart
56 Diamond Plaza, Athwalines Road, Near Kargil Chowk, Gujarat-395007 Terms of
Address 30Days
Payment
GST No. 24NTUGW5821N1Z7 9984
[em ”™~*~<~drtCSCS<iSYT «dC | Pee | rT | To
Police Polarized Sports Sunglasses 3315.80
Gucci Men‘s Square Sunglasses 319.00 26349.40
Sub Total 57389.30
Terms & Conditions Discount 2869.47
1. Goods once sold will not be taken back or exchanged.
2. Please make the payment within 30 days. Grand Total 54519.84
Authorised signature Lo
"
ApexInvoice_2024-07-18_18-27-32_45.pdf,"APEX WEAR
New Hind House, Narottam Morarjee Marg, Ballard Estate, Tax Invoice
Mumbai, Maharashtra
GSTIN: 27AAACR7147G1ZQ
Bill To Invoice Details
Gujarat-382424
GST No. 240ZJSJ3634T1Z6 17-04-2023
ship To [station (surat
45 Ruby Residency, Chandkheda Road, Near Gandhinagar Highway, Terms of
GST No. 240ZJSJ3634T1Z6 9217
[em ”™~*~<~drtCSCS<iSYT «dC | Pee | rT | To
IDEAL Spectacle Frames for Men & Women 3456.00 | 22656.00
Sub Total 117746.30
Terms & Conditions Discount 5887.32
1. Goods once sold will not be taken back or exchanged.
2. Please make the payment within 30 days. Grand Total 111858.99
Authorised signature Lo
"
OpticalInvoice_2024-07-18_18-30-09_74.pdf,"Plot No. 45, GIDC Industrial Estate, Vatva, Ahmedabad, Gujarat
OPTICAL GLASSES GSTIN: 27AJHCU1234L1ZA
PERFECTING YOUR EYE PAN: RTRBG5397G
SN CeomA Invoice Date Order No Order Date Ref No Ref Date SDYocreTiPLaCIyIy Dispatch Through
1242 29-06-2023 EC1659 27-06-2023 1513 29-06-2023
Bill To Ship To
Amit Kumar Amit Kumar
34 Emerald Park, Alkapuri Main Road, Near Inorbit Mall, Gujarat-390007 34 Emerald Park, Alkapuri Main Road, Near Inorbit Mall, Gujarat-390007
State: Maharashtra State: Maharashtra
GSTIN: 24LIJKE836711Z4 PAN: LHTKE3755R GSTIN: 24LIJKE836711Z4 PAN: LHTKE3755R
| Sr.no_| Item Description | HSN | Rate | Batch ~—|_ Qty | CGST sestT_ | Amount
1 Nova Bluecut Eyeglasses (Zero | 744, 4738.00 20230629-551 11 4690.62 | 4690.62 61499.24
Power)
2 . . 8215 3871.00 20230629-406 19 6619.41 6619.41 86787.82
Calvin Klein Square Sunglasses
3 . 8999 2855.00 20230629-572 10 2569.50 2569.50 33689.00
Fossil Men’s Square Sunglasses
SUB TOTAL 181976.06
Discount 9098.80
GRAND TOTAL 172877.26
Terms & Condition
1) Goods once sold will not be taken back or exchanged
2) Any warranty claim will not be accepted without warranty card
3) Payment to be made within 30 days
"
141499-Mira-Sethi.pdf,"Lawrence and Mayo
4, Near MG Road Metro Station, MG Road, Bangalore - 560001
BILL TO INVOICE # 141499
Mira Sethi INVOICE DATE 09/10/2023
6, Sunflower Street, Amritsar,
u Ww r reet, Amritsar PO# 7900
Punjab, India
= x
Invoice Total 18,046.92
QTY DESCRIPTION UNIT PRICE AMOUNT
3 Fastrack Gradient Wayfarer Sunglasses 1,899.00 5,697.00
3 Persol Rectangular Sunglasses 3,199.00 9,597.00
Subtotal 15,294.00
GST 18.0% 2,752.92
"
ApexInvoice_2024-07-18_18-28-45_118.pdf,"APEX WEAR
New Hind House, Narottam Morarjee Marg, Ballard Estate, Tax Invoice
Mumbai, Maharashtra
GSTIN: 27AAACR7147G1ZQ
Bill To Invoice Details
390019
GST No. 24QIAJY3455E1Z0 07-10-2023
ship To [station surat
78 Sapphire Residency, Waghodia Road, Near Ambe Vidyalaya, Gujarat- Terms of
GST No. 24QIAJY3455E1Z0 9848
[em ”™~*~<~drtCSCS<iSYT «dC | Pee | rT | To
Sub Total 25499.80
Terms & Conditions Discount 1274.99
1. Goods once sold will not be taken back or exchanged.
2. Please make the payment within 30 days. Grand Total 24224.81
Authorised signature Lo
"
PerfectVisionInvoice_2024-07-08_18-33-15_44.pdf,"INVOICE - .
Perfect Vision Opticals
28, 1st Floor, 2nd Cross, 1st Block, RT Nagar, Mumbai-400050
GSTIN: 28AJHCU1234L1ZA PAN: RFRBG5397G
Invoice No: 47242 BILL TO
Invoice Date: 10-12-2021 Rina Das
P.O.No: 3172 25, Cypress Boulevard
P.O.Date: 08-12-2021 Belgaum
Ref No: 6447 Pan No: JJUFA5137J
Ref Date: 10-12-2021 Mobile No: 9127553602
Email: rinadas@gmail.com
GSTIN: 24MAGZS6500S1Z2
Description In Detail Code Qty Price IGST Discount Total
Vogue Eyewear Women's 9008 1 3186.00 18% 159.30 3026.70
Round Sunglasses
Emporio Armani Unisex-Adult | aqq4 2 3915.00 18% 391.50 7438.50
Sunglasses
Tommy Hilfiger UV Protected | agg¢ 3 2963.00 18% 444.45 8444.55
Square Sunglasses
TOTAL 995.25 18909.75
Sub Total 18909.75
IGST @ 18% 3403.76
Grand Total 22313.51
PAYMENT METHOD
we Accept the PayPal, Master Card, VISA and E- Wallets
Terms & Condition:
1. Goods Once Sold Will Not be Taken Back
2. Goods Can be Exchanged During 2:00 pm to 4:00 pm
Thank you for business & visit Again
"
PerfectVisionInvoice_2024-07-08_18-33-38_67.pdf,"INVOICE . .
Perfect Vision Opticals
28, 1st Floor, 2nd Cross, 1st Block, RT Nagar, Mumbai-400050
GSTIN: 28AJHCU1234L1ZA PAN: RFRBG5397G
Invoice No: 51459 BILL TO
Invoice Date: 27-11-2021 Rina Das
P.O.No: 5506 25, Cypress Boulevard
P.O.Date: 25-11-2021 Belgaum
Ref No: 6094 Pan No: YJUMT7385K
Ref Date: 27-11-2021 Mobile No: 9326584935
Email: rinadas@gmail.com
GSTIN: 24ZWXEZ1055U1Z1
Description In Detail Code Qty Price IGST Discount Total
Calvin Klein Square Sunglasses |} 9006 2 3365.00 18% 336.50 6393.50
Carrera Unisex-Adult °
Rectangular Sunglasses 9005 2 659.00 18% 65.90 1252.10
Puma Men's Wayfarer 9004 2 4603.00 18% 460.30 8745.70
Sunglasses
TOTAL 862.70 16391.30
Sub Total 16391.30
IGST @ 18% 2950.43
Grand Total 19341.73
PAYMENT METHOD
we Accept the PayPal, Master Card, VISA and E- Wallets
Terms & Condition:
1. Goods Once Sold Will Not be Taken Back
2. Goods Can be Exchanged During 2:00 pm to 4:00 pm
Thank you for business & visit Again
"
Invoice_2024-06-24_11-25-30_32.pdf,"Invoice details:
Invoice no.: 433
Date issued: 14-02-2020
Invoice From :
Specsworld Opticians
45, 4th Main, Jayamahal Extension, Mumbai - 400005 GSTIN: 29AADCS3456G1ZR
specsworldopticians@gmail.com Pan: RFRBG7060G
Contact no.: 9900232338 State: Maharashtra
Invoice To:
Sunil Kumar
23, Marigold Lane GSTIN: 24GMKMR3384M124
Bangalore Pan: PEGYU7216J
Contact no.: 9302654884 Email: sunilkumar@gmail.com State: Karnataka
Item Name HSN/SAC Qty Unit Price IGST Amount
Fastrack UV
Protected Aviator
Sunglasses 9008 3 801.00 18% 2403.00
Lenskart Air Wrap-
Around Sunglasses 9008 3 2034.00 18% 6102.00
Fitovers Polarized
Sunglasses 9006 2 850.00 18% 1700.00
Sub total 10205.00
IGST 18% 1836.90
Grand Total 12041.90
Terms & Conditions
1. Payment terms are valid thirty (20) days from the date of this invoice, subject to a Y2 of 2%
discount if paid within ten (10) days of the date of this invoice.
2. 30 days limited warranty unless stated otherwise in this invoice.
3. Balance due within 15 days of Invoice date. There shall be 10% Interest per Month thereafter.
4. A copy of this invoice is required, otherwise the warranty process stated herein will be delayed.
"
PerfectVisionInvoice_2024-07-08_18-33-28_57.pdf,"INVOICE _
Perfect Vision Opticals
28, 1st Floor, 2nd Cross, 1st Block, RT Nagar, Mumbai-400050
GSTIN: 28AJHCU1234L1ZA PAN: RFRBG5397G
Invoice No: 64360 BILL TO
Invoice Date: 15-02-2021 Sunil Kumar
P.O.No: 5696 23, Marigold Lane
P.O.Date: 13-02-2021 Bangalore
Ref No: 5321 Pan No: IXGYP3136E
Ref Date: 15-02-2021 Mobile No: 9463425739
Email: sunilkumar@gmail.com
GSTIN: 24GSEXJ3835L1Z8
Description In Detail Code Qty Price IGST Discount Total
John Jacobs Gold-Rimmed °
Aviator Sunglasses 9007 1 1430.00 18% 71.50 1358.50
Calvin Klein Square Sunglasses |} 9005 1 861.00 18% 43.05 817.95
Fitovers Polarized Sunglasses 9008 2 4626.00 18% 462.60 8789.40
TOTAL 577.15 10965.85
Sub Total 10965.85
IGST @ 18% 1973.85
Grand Total 12939.70
PAYMENT METHOD
we Accept the PayPal, Master Card, VISA and E- Wallets
Terms & Condition:
1. Goods Once Sold Will Not be Taken Back
2. Goods Can be Exchanged During 2:00 pm to 4:00 pm
Thank you for business & visit Again
"
ApexInvoice_2024-07-18_18-27-30_43.pdf,"APEX WEAR
New Hind House, Narottam Morarjee Marg, Ballard Estate, Tax Invoice
Mumbai, Maharashtra
GSTIN: 27AAACR7147G1ZQ
Bill To Invoice Details
pState [Gujrat E1097
GST No. 240ZIMW5058M1Z3 07-07-2023
| Pan No. | VFQOE1316E P RefNo [123
10-07-2023
Ship To | Station [Surat
45 Ruby Residency, Infocity Road, Near GMDC Ground, Gujarat-382421 Terms of
Address 30Days
Payment
GST No. 240ZIMW5058M1Z3 9772
[em ”™~*~<~drtCSCS<iSYT «dC | Pee | rT | To
Carrera Men‘s Rectangular Sunglasses 308.00 | 1386.00 9086.00
Tommy Hilfiger Women’s Oval Sunglasses | 7670 =| 18.00% | 60 | 346.00 | 3736.80 24496.80
Ray-Ban Aviator Classic Sunglasses 439.00 38851.50
Police Men’s Round Sunglasses 5019.30 32904.30
Sub Total 105338.60
Terms & Conditions Discount 5266.93
1. Goods once sold will not be taken back or exchanged.
2. Please make the payment within 30 days. Grand Total 100071.67
Authorised signature Lo
"
OpticalInvoice_2024-07-18_18-29-21_26.pdf,"Plot No. 45, GIDC Industrial Estate, Vatva, Ahmedabad, Gujarat
OPTICAL GLASSES GSTIN: 27AJHCU1234L1ZA
PERFECTING YOUR EYE PAN: RTRBG5397G
SN CeomA Invoice Date Order No Order Date Ref No Ref Date SDYocreTiPLaCIyIy Dispatch Through
1878 11-03-2023 EC1684 09-03-2023 1830 11-03-2023
Bill To Ship To
Rina Das Rina Das
78 Crystal Paradise, Dandia Bazar Road, Near Kirti Stambh, Gujarat-390001 78 Crystal Paradise, Dandia Bazar Road, Near Kirti Stambh, Gujarat-390001
State: Maharashtra State: Maharashtra
GSTIN: 24GCLVC6371C1Z8 PAN: QPBYX6142P GSTIN: 24GCLVC6371C1Z8 PAN: QPBYX6142P
| Sr.no_| Item Description | HSN [| Rate — || Batch ~— || Qty | CGST scsT_ | Amount
1 Diesel Unisex Aviator 7084 1275.00 20230311-748 15 1721.25 1721.25 22567.50
Sunglasses
2 Gucci Women's Cat-Eye 7388 3913.00 20230311-025 15 5282.55 5282.55 69260.10
Sunglasses
3 Ray-Ban Women's Aviator 7623 4777.00 20230311-264 19 8168.67 8168.67 107100.34
Sunglasses
SUB TOTAL 198927.94
Discount 9946.40
GRAND TOTAL 188981.54
Terms & Condition
1) Goods once sold will not be taken back or exchanged
2) Any warranty claim will not be accepted without warranty card
3) Payment to be made within 30 days
"
2458-Manish-Joshi.pdf,"Optik Eyewear
No 22, 4th Cross, Sampige Road, Malleswaram, Bangalore - 560003
Bill To Invoice # Invoice Date
Manish Joshi 2458 08/10/2023
47, Lily Lane, Jaipur,
5298
ohn) Description Unit Price Amount
2 Nova Bluecut Eyeglasses (Zero Power) 2,599.00 5,198.00
2 Fitovers Polarized Sunglasses 2,999.00 5,998.00
SS Subtotal 11,196.00
GST 18.0% 2,015.28
Invoice Total X 13,211.28
ESE eS
ee ail
Powered by Invoice Home
"
OpticalInvoice_2024-07-18_18-28-57_2.pdf,"Plot No. 45, GIDC Industrial Estate, Vatva, Ahmedabad, Gujarat
OPTICAL GLASSES GSTIN: 27AJHCU1234L1ZA
PERFECTING YOUR EYE PAN: RTRBG5397G
SN CeomA Invoice Date Order No Order Date Ref No Ref Date SDYocreTiPLaCIyIy Dispatch Through
1899 03-01-2023 EC1992 01-01-2023 1670 03-01-2023
Bill To Ship To
Snehal Patel Snehal Patel
91 Ruby Residency, Kalol Highway, Near GIDC Estate, Gujarat-382721 91 Ruby Residency, Kalol Highway, Near GIDC Estate, Gujarat-382721
State: Maharashtra State: Maharashtra
GSTIN: 24XUSES9584S1Z6 PAN: SJSCV7643H GSTIN: 24XUSES9584S1Z6_ PAN: SJSCV7643H
| Sr.no_| Item Description | HSN [| Rate — || Batch ~— || Qty | CGST scsT_ | Amount
1 Gucci Women’s Wayfarer 7723 1518.00 20230103-498 12 1639.44 1639.44 21494.88
Sunglasses
2 Fastrack Gradient Wayfarer | 443 1150.00 20230103-727 18 1863.00 1863.00 24426.00
Sunglasses
3 Vogue Eyewear Women's 8857 4048.00 20230103-098 13 4736.16 | 4736.16 62096.32
Round Sunglasses
SUB TOTAL 108017.20
Discount 5400.86
GRAND TOTAL 102616.34
Terms & Condition
1) Goods once sold will not be taken back or exchanged
2) Any warranty claim will not be accepted without warranty card
3) Payment to be made within 30 days
"
138-Snehal-Mehta.pdf,"FROM BILL T0
Vision Express Snehal Mehta
1st Floor, Phoenix Marketcity, 15, Tulip Road, Chandigarh,
Whitefield Main Road, Bangalore - Haryana, India
560066
INVOICE # INVOICE DATE P.0.#
138 28/01/2023 0228
ary DESCRIPTION UNIT PRICE AMOUNT
3 Tommy Hilfiger Sports Sunglasses 2,599.00 7,797.00
2 John Jacobs Square Metal Sunglasses 3,899.00 7,798.00
Subtotal 15,595.00
GST 18.0% 2,807.10
Total = 18,402.10
Powered. by Invoice Home
"
OpticalInvoice_2024-07-18_18-29-34_39.pdf,"Plot No. 45, GIDC Industrial Estate, Vatva, Ahmedabad, Gujarat
OPTICAL GLASSES GSTIN: 27AJHCU1234L1ZA
PERFECTING YOUR EYE PAN: RTRBG5397G
SN CeomA Invoice Date Order No Order Date Ref No Ref Date SDYocreTiPLaCIyIy Dispatch Through
1192 14-06-2023 EC1316 12-06-2023 1649 14-06-2023
Bill To Ship To
Nikhil Bhatt Nikhil Bhatt
34 Emerald Residency, Vasna Road, Near Navrachna University, Gujarat-390007 34 Emerald Residency, Vasna Road, Near Navrachna University, Gujarat-390007
State: Maharashtra State: Maharashtra
GSTIN: 24AMCKX2931L1Z1 PAN: KBWUZ2662E GSTIN: 24AMCKX2931L1Z1 PAN: KBWUZ2662E
| Sr.no_| Item Description | HSN | Rate ~—|_—Batch_~—s|_ Qty (| CGST scst_ | Amount
1 Ray-Ban Women's Aviator 7650 2176.00 20230614-660 15 2937.60 | 2937.60 38515.20
Sunglasses
2 Prada Women’s Round 7225 3459.00 20230614-743 20 6226.20 6226.20 81632.40
Sunglasses
3 . . 8238 2495.00 20230614-508 16 3592.80 3592.80 47105.60
Fossil Men’s Aviator Sunglasses
SUB TOTAL 167253.20
Discount 8362.66
GRAND TOTAL 158890.54
Terms & Condition
1) Goods once sold will not be taken back or exchanged
2) Any warranty claim will not be accepted without warranty card
3) Payment to be made within 30 days
"
Invoice_2024-06-24_11-25-10_12.pdf,"Invoice details:
Invoice no.: 872
Date issued: 05-04-2020
Invoice From :
Specsworld Opticians
45, 4th Main, Jayamahal Extension, Mumbai - 400005 GSTIN: 29AADCS3456G1ZR
specsworldopticians@gmail.com Pan: RFRBG7060G
Contact no.: 9900232338 State: Maharashtra
Invoice To:
Kavita Patel
88, Orchid Avenue GSTIN: 24KKBPZ7526V1Z2
Hubli Pan: IAECM3265M
Contact no.: 9772887502 Email: kavitapatel@gmail.com State: Karnataka
Item Name HSN/SAC Qty Unit Price IGST Amount
Puma Men’s
Wayfarer Sunglasses 9006 3 2775.00 18% 8325.00
Persol Rectangular
Sunglasses 9005 1 4840.00 18% 4840.00
Oakley Men’s
Rectangular
Sunglasses 9005 2 2886.00 18% 5772.00
Sub total 18937.00
IGST 18% 3408.66
Grand Total 22345.66
Terms & Conditions
1. Payment terms are valid thirty (20) days from the date of this invoice, subject to a %2 of 2%
discount if paid within ten (10) days of the date of this invoice.
2. 30 days limited warranty unless stated otherwise in this invoice.
3. Balance due within 15 days of Invoice date. There shall be 10% Interest per Month thereafter.
4. A copy of this invoice is required, otherwise the warranty process stated herein will be delayed.
"
19004-Neha-Gupta.pdf,"INVOICE # 19004
iN VO ( = INVOICE DATE 04/05/2023
P.O.# 0834
FROM BILL TO INVOICE TOTAL
Lenskart.com Neha Gupta
98, 27th Main Rd, ‘st 23, Hibiscus Street, x 1 2,030 | 0
Sector, HSR Layout, Bhopal, Madhya
Bangalore - 560102 Pradesh, India
DESCRIPTION UNIT PRICE QTY AMOUNT
Tommy Hilfiger UV Protected Square 2,099.00 2 4,198.00
Sunglasses
Lenskart Air Wrap-Around Sunglasses 1,999.00 3 5,997.00
SUBTOTAL 10,195.00
GST 18.0% 1,835.10
TOTAL = 12,030.10
Powered by Invoice Home
"
OpticalInvoice_2024-07-18_18-29-20_25.pdf,"Plot No. 45, GIDC Industrial Estate, Vatva, Ahmedabad, Gujarat
OPTICAL GLASSES GSTIN: 27AJHCU1234L1ZA
PERFECTING YOUR EYE PAN: RTRBG5397G
SN CeomA Invoice Date Order No Order Date Ref No Ref Date SDYocreTiPLaCIyIy Dispatch Through
1210 15-01-2023 EC1738 13-01-2023 1474 15-01-2023
Bill To Ship To
Rajesh Verma Rajesh Verma
45 Sapphire Plaza, Adalaj Road, Near Adalaj Stepwell, Gujarat-382421 45 Sapphire Plaza, Adalaj Road, Near Adalaj Stepwell, Gujarat-382421
State: Maharashtra State: Maharashtra
GSTIN: 240QJQA5100N1Z0 PAN: GUTTR92300 GSTIN: 240QJQA5100N1Z0 PAN: GUTTR92300
| Sr.no_| Item Description | HSN | Rate ~—|_—Batch_~—s|_ Qty (| CGST scst_ | Amount
1 Diesel Women’s Square 7388 4544.00 20230115-982 12 4907.52 | 4907.52 64343.04
Sunglasses
2 8224 2335.00 20230115-802 17 3572.55 3572.55 46840.10
Persol Rectangular Sunglasses
3 . 8670 4844.00 20230115-345 10 4359.60 4359.60 57159.20
Fossil Men’s Square Sunglasses
SUB TOTAL 168342.34
Discount 8417.12
GRAND TOTAL 159925.22
Terms & Condition
1) Goods once sold will not be taken back or exchanged
2) Any warranty claim will not be accepted without warranty card
3) Payment to be made within 30 days
"
OpticalInvoice_2024-07-18_18-29-25_30.pdf,"Plot No. 45, GIDC Industrial Estate, Vatva, Ahmedabad, Gujarat
OPTICAL GLASSES GSTIN: 27AJHCU1234L1ZA
PERFECTING YOUR EYE PAN: RTRBG5397G
SN CeomA Invoice Date Order No Order Date Ref No Ref Date SDYocreTiPLaCIyIy Dispatch Through
1359 26-06-2023 EC1136 24-06-2023 1757 26-06-2023
Bill To Ship To
Prateek Yadav Prateek Yadav
45 Ruby Residency, Chandkheda Road, Near Gandhinagar Highway, Gujarat- 45 Ruby Residency, Chandkheda Road, Near Gandhinagar Highway, Gujarat-382424
382424
State: Maharashtra State: Maharashtra
GSTIN: 24SBOLW361421Z4 PAN: EZWQA7087I GSTIN: 24SBOLW361421Z4 PAN: EZWQA7087I
| Sr.no_| Item Description | HSN | Rate ~—|_—Batch_~—s|_ Qty (| CGST scst_ | Amount
1 John Jacobs Gold-Rimmed 8828 4169.00 20230626-286 12 4502.52 | 4502.52 59033.04
Aviator Sunglasses
2 Oakley Women’s Rectangular | 772) 2676.00 20230626-064 18 4335.12 | 4335.12 56838.24
Sunglasses
3 8795 2074.00 20230626-488 16 2986.56 2986.56 39157.12
Persol Rectangular Sunglasses
SUB TOTAL 155028.40
Discount 7751.42
GRAND TOTAL 147276.98
Terms & Condition
1) Goods once sold will not be taken back or exchanged
2) Any warranty claim will not be accepted without warranty card
3) Payment to be made within 30 days
"
PerfectVisionInvoice_2024-07-08_18-32-34_3.pdf,"INVOICE . .
Perfect Vision Opticals
28, 1st Floor, 2nd Cross, 1st Block, RT Nagar, Mumbai-400050
GSTIN: 28AJHCU1234L1ZA PAN: RFRBG5397G
Invoice No: 45134 BILL TO
Invoice Date: 28-09-2021 Sunita Yadav
P.O.No: 5556 23, Marigold Drive
P.O.Date: 26-09-2021 Bangalore
Ref No: 5502 Pan No: THNNB7835l
Ref Date: 28-09-2021 Mobile No: 9617830446
Email: sunitayadav@gmail.com
GSTIN: 24QIRXU1317S1Z2
Description In Detail Code Qty Price IGST Discount Total
Fastrack Gradient Wayfarer 9004 2 2705.00 18% 270.50 5139.50
Sunglasses
Emporio Armani Unisex-Adult 9007 2 3215.00 18% 321.50 6108.50
Sunglasses
Vincent Chase Blue Cut 9006 2 3651.00 18% 365.10 6936.90
Computer Glasses
TOTAL 957.10 18184.90
Sub Total 18184.90
IGST @ 18% 3273.28
Grand Total 21458.18
PAYMENT METHOD
we Accept the PayPal, Master Card, VISA and E- Wallets
Terms & Condition:
1. Goods Once Sold Will Not be Taken Back
2. Goods Can be Exchanged During 2:00 pm to 4:00 pm
Thank you for business & visit Again
"
Invoice_2024-06-24_11-25-32_34.pdf,"Invoice details:
Invoice no.: 888
Date issued: 07-10-2020
Invoice From :
Specsworld Opticians
45, 4th Main, Jayamahal Extension, Mumbai - 400005 GSTIN: 29AADCS3456G1ZR
specsworldopticians@gmail.com Pan: RFRBG7060G
Contact no.: 9900232338 State: Maharashtra
Invoice To:
Vijay Mehta
56, Marigold Lane GSTIN: 24UQSES7548G1Z5
Belgaum Pan: WOCOP7903D
Contact no.: 9827840484 Email: viiaymehta@gmail.com State: Karnataka
Item Name HSN/SAC Qty Unit Price IGST Amount
Nova Bluecut
Eyeglasses (Zero
Power) 9005 1 981.00 18% 981.00
Police Men’s Round
Sunglasses 9008 2 3674.00 18% 7348.00
Fastrack Gradient
Wayfarer Sunglasses 9008 1 2799.00 18% 2799.00
Sub total 11128.00
IGST 18% 2003.04
Grand Total 13131.04
Terms & Conditions
1. Payment terms are valid thirty (20) days from the date of this invoice, subject to a Y2 of 2%
discount if paid within ten (10) days of the date of this invoice.
2. 30 days limited warranty unless stated otherwise in this invoice.
3. Balance due within 15 days of Invoice date. There shall be 10% Interest per Month thereafter.
4. A copy of this invoice is required, otherwise the warranty process stated herein will be delayed.
"
19009-Arvind-Kumar.pdf,"INVOICE # sEcTelehe,
NN VO ( = INVOICE DATE Maye
P.O.# 0839
FROM BILL TO INVOICE TOTAL
Lenskart.com Arvind Kumar
98, 27th Main Rd, ‘st 98, Lavender Path, x 1 2,139.28
Sector, HSR Layout, Ranchi, Jharkhand, India
Bangalore - 560102
DESCRIPTION UNIT PRICE QTY AMOUNT
Bobster Eyewear Fuel Photochromic Goggles 2,099.00 2 5,198.00
Fastrack Gradient Wayfarer Sunglasses 2,799.00 2 5,598.00
SUBTOTAL 10,796.00
GST 18.0% 1,943.28
TOTAL = 12,739.28
Powered by Invoice Home
"
ApexInvoice_2024-07-18_18-28-32_105.pdf,"APEX WEAR
New Hind House, Narottam Morarjee Marg, Ballard Estate, Tax Invoice
Mumbai, Maharashtra
GSTIN: 27AAACR7147G1ZQ
Bill To Invoice Details
|State | Gujrat E1831
GST No. 24NOOMY434011Z2 19-06-2023
| Pan No. | IONVS6584R p RefNo [184
ship To [station (surat
23 Pearl Paradise, Gota Road, Near SGVP Circle, Gujarat-382481 Terms of
Address 30Days
Payment
GST No. 24NOOMY434011Z2 9714
[em ”™~*~<~drtCSCS<iSYT «dC | Pee | rT | To
Diesel UV Protected Sunglasses 340.00 | 3366.00] 22066.00
Gucci Women’s Wayfarer Sunglasses 2943.00 19293.00
Sub Total 74422.60
Terms & Conditions Discount 3721.13
1. Goods once sold will not be taken back or exchanged.
2. Please make the payment within 30 days. Grand Total 70701.47
Authorised signature Lo
"
OpticalInvoice_2024-07-18_18-29-56_61.pdf,"Plot No. 45, GIDC Industrial Estate, Vatva, Ahmedabad, Gujarat
OPTICAL GLASSES GSTIN: 27AJHCU1234L1ZA
PERFECTING YOUR EYE PAN: RTRBG5397G
SN CeomA Invoice Date Order No Order Date Ref No Ref Date SDYocreTiPLaCIyIy Dispatch Through
1830 24-01-2023 EC1295 22-01-2023 1816 24-01-2023
Bill To Ship To
Priya Sharma Priya Sharma
56 Diamond Tower, Varachha Road, Near Kailash Nagar, Gujarat-395006 56 Diamond Tower, Varachha Road, Near Kailash Nagar, Gujarat-395006
State: Maharashtra State: Maharashtra
GSTIN: 24RLDFL3149P1Z3 PAN: WLGSU1738A GSTIN: 24RLDFL3149P1Z3 PAN: WLGSU1738A
| Sr.no_| Item Description | HSN | Rate ~—|_—Batch_~—s|_ Qty (| CGST scst_ | Amount
1 Fastrack Gradient Wayfarer | 2536 2074.00 20230124-508 14 2613.24 | 2613.24 34262.48
Sunglasses
2 Calvin Klein Women’s Oval 7434 556.00 20230124-446 13 650.52 650.52 8529.04
Sunglasses
3 . . 8131 1296.00 20230124-655 11 1283.04 1283.04 16822.08
Gucci Men’s Aviator Sunglasses
SUB TOTAL 59613.60
Discount 2980.68
GRAND TOTAL 56632.92
Terms & Condition
1) Goods once sold will not be taken back or exchanged
2) Any warranty claim will not be accepted without warranty card
3) Payment to be made within 30 days
"
OpticalInvoice_2024-07-18_18-30-04_69.pdf,"Plot No. 45, GIDC Industrial Estate, Vatva, Ahmedabad, Gujarat
OPTICAL GLASSES GSTIN: 27AJHCU1234L1ZA
PERFECTING YOUR EYE PAN: RTRBG5397G
SN CeomA Invoice Date Order No Order Date Ref No Ref Date SDYocreTiPLaCIyIy Dispatch Through
1395 19-05-2023 EC1486 17-05-2023 1048 19-05-2023
Bill To Ship To
Kunal Sharma Kunal Sharma
23 Pearl Paradise, Gota Road, Near SGVP Circle, Gujarat-382481 23 Pearl Paradise, Gota Road, Near SGVP Circle, Gujarat-382481
State: Maharashtra State: Maharashtra
GSTIN: 24€4ZDHWU102001Z1 PAN: LNZFC7785K GSTIN: 24ZDHWU102001Z1 PAN: LNZFC7785K
| Sr.no_| Item Description | HSN | Rate ~—|_—Batch_~—s|_ Qty (| CGST scst_ | Amount
1 8587 1781.00 20230519-681 15 2404.35 2404.35 31523.70
Persol Rectangular Sunglasses
Vogue Women’s Wayfarer
2 8739 639.00 20230519-373 18 1035.18 1035.18 13572.36
Sunglasses
Nova Bluecut Eyeglasses (Zero
3 8442 3914.00 20230519-829 18 6340.68 6340.68 83133.36
Power)
SUB TOTAL 128229.42
Discount 6411.47
GRAND TOTAL 121817.95
Terms & Condition
1) Goods once sold will not be taken back or exchanged
2) Any warranty claim will not be accepted without warranty card
3) Payment to be made within 30 days
"
12093-Siddharth-Sharma.pdf,"LensCrafters
No. 25, 3rd Floor, Orion Mall, Brigade Gateway, Dr. Rajkumar Road,
Malleshwaram, Bangalore - 560055

Bill To Invoice # 12093

Siddharth Sharma Invoice Date 03/12/2023
19, Lily Lane, Kanpur, Uttar

Pradesh, India P.O.# Se

3 John Jacobs Clubmaster Sunglasses 2,399.00 7,197.00

3 Polarized Sports Sunglasses for Men & 1,899.00 5,697.00

Women

Subtotal 12,894.00

GST 18.0% 2,320.92

TOTAL tlt X 15,214.92
"
132-Nisha-Verma.pdf,"FROM BILL TO
Vision Express Nisha Verma
1st Floor, Phoenix Marketcity, 88, Marigold Boulevard, Patna,
Whitefield Main Road, Bangalore - Bihar, India
560066
INVOICE # INVOICE DATE P.0.#
132 22/01/2023 0222
aTy DESCRIPTION UNIT PRICE AMOUNT
3 Puma Cat Eye Sunglasses 1,799.00 5,397.00
2 Emporio Armani Round Sunglasses 3,099.00 6,198.00
Subtotal 11,595.00
GST 18.0% 2,087.10
Total = 13,682.10
Powered. by Invoice Home
"
OpticalInvoice_2024-07-18_18-29-12_17.pdf,"Plot No. 45, GIDC Industrial Estate, Vatva, Ahmedabad, Gujarat
OPTICAL GLASSES GSTIN: 27AJHCU1234L1ZA
PERFECTING YOUR EYE PAN: RTRBG5397G
SN CeomA Invoice Date Order No Order Date Ref No Ref Date SDYocreTiPLaCIyIy Dispatch Through
1949 03-08-2023 EC1200 01-08-2023 1472 03-08-2023
Bill To Ship To
Ritika Desai Ritika Desai
89 Sapphire Plaza, Rajkot Road, Near Trikon Baug, Gujarat-360001 89 Sapphire Plaza, Rajkot Road, Near Trikon Baug, Gujarat-360001
State: Maharashtra State: Maharashtra
GSTIN: 24VUMUY1501K1Z8 PAN: GHNPF3262N GSTIN: 24VUMUY1501K1Z8 PAN: GHNPF3262N
| Sr.no_| Item Description | HSN | Rate ~—|_—Batch_~—s|_ Qty (| CGST scst_ | Amount
1 Gucci Women's Wayfarer 8481 843.00 20230803-440 15 1138.05 | 1138.05 14921.10
Sunglasses
2 . . 8319 1612.00 20230803-476 16 2321.28 2321.28 30434.56
Calvin Klein Square Sunglasses
3 Fossil Women’s Rectangular | 3534 700.00 20230803-671 17 1071.00 | 1071.00 14042.00
Sunglasses
SUB TOTAL 59397.66
Discount 2969.88
GRAND TOTAL 56427.78
Terms & Condition
1) Goods once sold will not be taken back or exchanged
2) Any warranty claim will not be accepted without warranty card
3) Payment to be made within 30 days
"
Invoice_2024-06-24_11-25-39_41.pdf,"Invoice details:
Invoice no.: 469
Date issued: 07-12-2020
Invoice From :
Specsworld Opticians
45, 4th Main, Jayamahal Extension, Mumbai - 400005 GSTIN: 29AADCS3456G1ZR
specsworldopticians@gmail.com Pan: RFRBG7060G
Contact no.: 9900232338 State: Maharashtra
Invoice To:
Pooja Mehta
67, Hibiscus Crescent GSTIN: 24HZKPV2128P1Z6
Belgaum Pan: MFNKM7555A
Contact no.: 9750515705 Email: poojamehta@gmail.com State: Karnataka
Item Name HSN/SAC Qty Unit Price IGST Amount
Nova Bluecut
Eyeglasses (Zero
Power) 9007 1 2022.00 18% 2022.00
Persol Rectangular
Sunglasses 9007 1 3670.00 18% 3670.00
IDEAL Spectacle
Frames for Men &
Women 9006 3 1348.00 18% 4044.00
Sub total 9736.00
IGST 18% 1752.48
Grand Total 11488.48
Terms & Conditions
1. Payment terms are valid thirty (20) days from the date of this invoice, subject to a %2 of 2%
discount if paid within ten (10) days of the date of this invoice.
2. 30 days limited warranty unless stated otherwise in this invoice.
3. Balance due within 15 days of Invoice date. There shall be 10% Interest per Month thereafter.
4. A copy of this invoice is required, otherwise the warranty process stated herein will be delayed.
"
OpticalInvoice_2024-07-18_18-29-26_31.pdf,"Plot No. 45, GIDC Industrial Estate, Vatva, Ahmedabad, Gujarat
OPTICAL GLASSES GSTIN: 27AJHCU1234L1ZA
PERFECTING YOUR EYE PAN: RTRBG5397G
SN CeomA Invoice Date Order No Order Date Ref No Ref Date SDYocreTiPLaCIyIy Dispatch Through
1996 20-11-2023 EC1906 18-11-2023 1542 20-11-2023
Bill To Ship To
Sameer Mehta Sameer Mehta
78 Sapphire Springs, Raiya Road, Near Rajkot Junction, Gujarat-360007 78 Sapphire Springs, Raiya Road, Near Rajkot Junction, Gujarat-360007
State: Maharashtra State: Maharashtra
GSTIN: 24QVPDE5894G1Z6_ PAN: lIOZMV4904S GSTIN: 24QVPDE5894G1Z6 PAN: lIOZMV4904S
| Sr.no_| Item Description | HsN | Rate = | Batch_~—|_ Qty _—(| —CGsT scst_ | Amount
1 Vogue Women’s Wayfarer 8996 4881.00 20231120-258 10 4392.90 | 4392.90 57595.80
Sunglasses
2 Titan Men's Wayfarer 7239 960.00 20231120-882 12 1036.80 1036.80 13593.60
Sunglasses
3 Prada Polarized Round 8074 4720.00 20231120-212 14 5947.20 | 5947.20 77974.40
Sunglasses
SUB TOTAL 149163.80
Discount 7458.19
GRAND TOTAL 141705.61
Terms & Condition
1) Goods once sold will not be taken back or exchanged
2) Any warranty claim will not be accepted without warranty card
3) Payment to be made within 30 days
"
ApexInvoice_2024-07-18_18-28-43_116.pdf,"APEX WEAR
New Hind House, Narottam Morarjee Marg, Ballard Estate, Tax Invoice
Mumbai, Maharashtra
GSTIN: 27AAACR7147G1ZQ
Bill To Invoice Details
|State | Gujarat E1874
GST No. 24MOMDR3828C1Z8 18-11-2023
| Pan No. | NKJHJ77962Z P RefNo [153
ship To [station (surat
23 Pearl Paradise, CG Road, Near Law Garden, Gujarat-380009 Terms of
Address 30Days
Payment
GST No. 24MOMDR3828C1Z8 9177
[em ”™~*~<~drtCSCS<iSYT «dC | Pee | rT | To
Polarized Wrap Around Sports Sunglasses 6844.00
Maui Jim Polarized Sunglasses 7686.00 | _50386.00
Vincent Chase Blue Cut Computer Glasses 392.00 | 3528.00] 23128.00
Sub Total 81903.80
Terms & Conditions Discount 4095.19
1. Goods once sold will not be taken back or exchanged.
2. Please make the payment within 30 days. Grand Total 77808.61
Authorised signature Lo
"
ApexInvoice_2024-07-18_18-27-40_53.pdf,"APEX WEAR
New Hind House, Narottam Morarjee Marg, Ballard Estate, Tax Invoice
Mumbai, Maharashtra
GSTIN: 27AAACR7147G1ZQ
Bill To Invoice Details
Gujarat-380015
GST No. 24WDMYC8215B1Z8 28-07-2023
| Pan No. | FPRZAB721Y | RefNo {195
ship To [station (surat
12 Sapphire Heights, Prahladnagar Road, Near Prahladnagar Garden, Terms of
GST No. 24WDMYC8215B1Z8 9473
| Pano. | FPRZAB721Y 30-08-2023
[em ”™~*~<~drtCSCS<iSYT «dC | Pee | rT | To
Tommy Hilfiger Men’s Wayfarer Sunglasses 320.00 16992.00
Bobster Eyewear Fuel Photochromic Goggles 17363.70
Lenskart Air Wrap-Around Sunglasses 7596.00 | _49796.00
Sub Total 99302.90
Terms & Conditions Discount 4965.15
1. Goods once sold will not be taken back or exchanged.
2. Please make the payment within 30 days. Grand Total 94337.76
Authorised signature Lo
"
Invoice_2024-06-24_11-25-15_17.pdf,"Invoice details:
Invoice no.: 453
Date issued: 05-12-2020
Invoice From :
Specsworld Opticians
45, 4th Main, Jayamahal Extension, Mumbai - 400005 GSTIN: 29AADCS3456G1ZR
specsworldopticians@gmail.com Pan: RFRBG7060G
Contact no.: 9900232338 State: Maharashtra
Invoice To:
Swati Kapoor
17, Olive Drive GSTIN: 24VPWKP3198D1Z8
Mangalore Pan: MSCRL9154P
Contact no.: 9294376926 Email: swatikapoor@gmail.com State: Karnataka
Item Name HSN/SAC Qty Unit Price IGST Amount
Oakley Men’s
Rectangular
Sunglasses 9004 2 4473.00 18% 8946.00
Carrera Unisex-Adult
Rectangular
Sunglasses 9005 1 3286.00 18% 3286.00
Persol Rectangular
Sunglasses 9006 1 4840.00 18% 4840.00
Sub total 17072.00
IGST 18% 3072.96
Grand Total 20144.96
Terms & Conditions
1. Payment terms are valid thirty (20) days from the date of this invoice, subject to a %2 of 2%
discount if paid within ten (10) days of the date of this invoice.
2. 30 days limited warranty unless stated otherwise in this invoice.
3. Balance due within 15 days of Invoice date. There shall be 10% Interest per Month thereafter.
4. A copy of this invoice is required, otherwise the warranty process stated herein will be delayed.
"
131-Amit-Singh.pdf,"FROM BILL TO
Vision Express Amit Singh
1st Floor, Phoenix Marketcity, 55, Carnation Road, Jaipur,
Whitefield Main Road, Bangalore - Rajasthan, India
560066
INVOICE # INVOICE DATE P.0.#
131 21/01/2023 0221
ary DESCRIPTION UNIT PRICE AMOUNT
3 Fastrack UV Protected Square Sunglasses 1,599.00 4,797.00
2 Persol Pilot Sunglasses 3,799.00 7,598.00
Subtotal 12,395.00
GST 18.0% 2,231.10
Total = 14,626.10
Powered. by Invoice Home
"
OpticalInvoice_2024-07-18_18-30-36_101.pdf,"Plot No. 45, GIDC Industrial Estate, Vatva, Ahmedabad, Gujarat
OPTICAL GLASSES GSTIN: 27AJHCU1234L1ZA
PERFECTING YOUR EYE PAN: RTRBG5397G
SN CeomA Invoice Date Order No Order Date Ref No Ref Date SDYocreTiPLaCIyIy Dispatch Through
1748 30-07-2023 EC1901 28-07-2023 1296 30-07-2023
Bill To Ship To
Mohit Gupta Mohit Gupta
45 Ruby Residency, Infocity Road, Near GMDC Ground, Gujarat-382421 45 Ruby Residency, Infocity Road, Near GMDC Ground, Gujarat-382421
State: Maharashtra State: Maharashtra
GSTIN: 24ISQIA8596R1Z6 PAN: HQRUL8691Q GSTIN: 24ISQIA8596R1Z6 PAN: HQRUL8691Q
| Sr.no_| Item Description | HSN | Rate ~—|_—Batch_~—s|_ Qty (| CGST scst_ | Amount
1 [Tommy Hilfiger Men's Wayfarer! 459 3116.00 20230730-161 10 2804.40 | 2804.40 36768.80
Sunglasses
Nova Bluecut Eyeglasses (Zero
2 8851 2548.00 20230730-991 11 2522.52 2522.52 33073.04
Power)
3 . 7398 2357.00 20230730-023 14 2969.82 2969.82 38937.64
Gucci Men’s Square Sunglasses
SUB TOTAL 108779.48
Discount 5438.97
GRAND TOTAL 103340.51
Terms & Condition
1) Goods once sold will not be taken back or exchanged
2) Any warranty claim will not be accepted without warranty card
3) Payment to be made within 30 days
"
ApexInvoice_2024-07-18_18-27-06_19.pdf,"APEX WEAR
New Hind House, Narottam Morarjee Marg, Ballard Estate, Tax Invoice
Mumbai, Maharashtra
GSTIN: 27AAACR7147G1ZQ
Bill To Invoice Details
|State | Gujarat E1168
GST No. 24PRRTT9919R1Z6 27-02-2023
| Pan No. | DSGMD7271P P RefNo [182
02-03-2023
Ship To | Station [Surat
| Name | Tarun Malhotra Blue Dart
67 Diamond Palace, Parle Point, Near Magdalla Port, Gujarat-395007 Terms of
Address 30Days
Payment
GST No. 24PRRTT9919R1Z6 9833
[em ”™~*~<~drtCSCS<iSYT «dC | Pee | rT | To
Calvin Klein Women's Oval Sunglasses 5103.00 | _33453.00
Calvin Klein Men's Rectangular Sunglasses 800.10
Sub Total 119663.80
Terms & Conditions Discount 5983.19
1. Goods once sold will not be taken back or exchanged.
2. Please make the payment within 30 days. Grand Total 113680.61
Authorised signature Lo
"
27049-Arvind-Kumar.pdf,"INVOICE # 27049
iN VO ( = INVOICE DATE 19/04/2023
P.O.# 83209
FROM BILL TO INVOICE TOTAL
Gangar Eyenation Arvind Kumar
No. 50, MG Road, Near 98, Lavender Path, x 1 7,222.1 0
Trinity Circle, Bangalore - Ranchi, Jharkhand, India
560001
DESCRIPTION UNIT PRICE QTY AMOUNT
Nova Progressive Eyeglasses 3,099.00 2 6,198.00
Fitovers Polarized Wrap-Around Sunglasses 2,799.00 3 8,397.00
SUBTOTAL 14,595.00
GST 18.0% 2,627.10
TOTAL = 17,222.10
Powered by Invoice Home
"
Invoice_2024-06-24_11-25-14_16.pdf,"Invoice details:
Invoice no.: 584
Date issued: 24-03-2020
Invoice From :
Specsworld Opticians
45, 4th Main, Jayamahal Extension, Mumbai - 400005 GSTIN: 29AADCS3456G1ZR
specsworldopticians@gmail.com Pan: RFRBG7060G
Contact no.: 9900232338 State: Maharashtra
Invoice To:
Arun Kapoor
48, Olive Boulevard GSTIN: 24PMMOB1630Q1Z1
Bangalore Pan: MRCIB5226F
Contact no.: 9312628685 Email: arunkapoor@gmail.com State: Karnataka
Item Name HSN/SAC Qty Unit Price IGST Amount
Lenskart Air Wrap-
Around Sunglasses 9005 1 616.00 18% 616.00
Polarized Wrap
Around Sports
Sunglasses 9007 1 2261.00 18% 2261.00
Emporio Armani
Unisex-Adult
Sunglasses 9008 3 959.00 18% 2877.00
Sub total 5754.00
IGST 18% 1035.72
Grand Total 6789.72
Terms & Conditions
1. Payment terms are valid thirty (20) days from the date of this invoice, subject to a Y2 of 2%
discount if paid within ten (10) days of the date of this invoice.
2. 30 days limited warranty unless stated otherwise in this invoice.
3. Balance due within 15 days of Invoice date. There shall be 10% Interest per Month thereafter.
4. A copy of this invoice is required, otherwise the warranty process stated herein will be delayed.
"
Invoice_2024-06-24_11-26-16_78.pdf,"Invoice details:
Invoice no.: 627
Date issued: 06-04-2020
Invoice From :
Specsworld Opticians
45, 4th Main, Jayamahal Extension, Mumbai - 400005 GSTIN: 29AADCS3456G1ZR
specsworldopticians@gmail.com Pan: RFRBG7060G
Contact no.: 9900232338 State: Maharashtra
Invoice To:
Preeti Agarwal
49, Hibiscus Lane GSTIN: 24FRAFB9519Z1Z2
Hubli Pan: AXCUD1840M
Contact no.: 9578704088 Email: preetiagarwal@gmail.com State: Karnataka
Item Name HSN/SAC Qty Unit Price IGST Amount
Persol Rectangular
Sunglasses 9004 2 2683.00 18% 5366.00
Fitovers Polarized
Sunglasses 9005 2 1545.00 18% 3090.00
Carrera Unisex-Adult
Rectangular
Sunglasses 9006 3 2147.00 18% 6441.00
Sub total 14897.00
IGST 18% 2681.46
Grand Total 17578.46
Terms & Conditions
1. Payment terms are valid thirty (20) days from the date of this invoice, subject to a %2 of 2%
discount if paid within ten (10) days of the date of this invoice.
2. 30 days limited warranty unless stated otherwise in this invoice.
3. Balance due within 15 days of Invoice date. There shall be 10% Interest per Month thereafter.
4. A copy of this invoice is required, otherwise the warranty process stated herein will be delayed.
"
Invoice_2024-06-24_11-25-19_21.pdf,"Invoice details:
Invoice no.: 661
Date issued: 30-01-2020
Invoice From :
Specsworld Opticians
45, 4th Main, Jayamahal Extension, Mumbai - 400005 GSTIN: 29AADCS3456G1ZR
specsworldopticians@gmail.com Pan: RFRBG7060G
Contact no.: 9900232338 State: Maharashtra
Invoice To:
Kavita Patel
88, Orchid Avenue GSTIN: 24JRMRI3909C1Z1
Hubli Pan: FDMNA5536T
Contact no.: 9615847300 Email: kavitapatel@gmail.com State: Karnataka
Item Name HSN/SAC Qty Unit Price IGST Amount
Bobster Eyewear
Fuel Photochromic
Goggles 9007 3 2300.00 18% 6900.00
Lenskart Air Wrap-
Around Sunglasses 9008 2 2778.00 18% 5556.00
Oakley Men’s
Rectangular
Sunglasses 9006 1 4136.00 18% 4136.00
Sub total 16592.00
IGST 18% 2986.56
Grand Total 19578.56
Terms & Conditions
1. Payment terms are valid thirty (20) days from the date of this invoice, subject to a Y2 of 2%
discount if paid within ten (10) days of the date of this invoice.
2. 30 days limited warranty unless stated otherwise in this invoice.
3. Balance due within 15 days of Invoice date. There shall be 10% Interest per Month thereafter.
4. A copy of this invoice is required, otherwise the warranty process stated herein will be delayed.
"
PerfectVisionInvoice_2024-07-08_18-32-38_7.pdf,"INVOICE . .
Perfect Vision Opticals
28, 1st Floor, 2nd Cross, 1st Block, RT Nagar, Mumbai-400050
GSTIN: 28AJHCU1234L1ZA PAN: RFRBG5397G
Invoice No: 24581 BILL TO
Invoice Date: 02-05-2021 Amit Kapoor
P.O.No: 6533 24, Cedar Path
P.O.Date: 30-04-2021 Bangalore
Ref No: 6355 Pan No: CIAFV3552H
Ref Date: 02-05-2021 Mobile No: 9662357182
Email: amitkapoor@gmail.com
GSTIN: 24CJTDQ7058P1Z8
Description In Detail Code Qty Price IGST Discount Total
Bobster Eyewear Fuel 9007 3 2358.00 18% 353.70 6720.30
Photochromic Goggles
Tommy Hilfiger UV Protected 9008 2 4369.00 18% 436.90 8301.10
Square Sunglasses
Carrera Unisex-Adult 9005 { 4144.00 18% 207.20 3936.80
Rectangular Sunglasses
TOTAL 997.80 18958.20
Sub Total 18958.20
IGST @ 18% 3412.48
Grand Total 22370.68
PAYMENT METHOD
we Accept the PayPal, Master Card, VISA and E- Wallets
Terms & Condition:
1. Goods Once Sold Will Not be Taken Back
2. Goods Can be Exchanged During 2:00 pm to 4:00 pm
Thank you for business & visit Again
"
ApexInvoice_2024-07-18_18-26-53_6.pdf,"APEX WEAR
New Hind House, Narottam Morarjee Marg, Ballard Estate, Tax Invoice
Mumbai, Maharashtra
GSTIN: 27AAACR7147G1ZQ
Bill To Invoice Details
| Name | Tarun Malhotra | InvoiceNo 1521
GST No. 24TTDZT9205G1Z3 01-06-2023
| Pan No. | HOCFV1728D | RefNo [167
ship To [station surat
67 Diamond Palace, Parle Point, Near Magdalla Port, Gujarat-395007 Terms of
Address 30Days
Payment
GST No. 24TTDZT9205G1Z3 9833
| Pan No. _| HOCFV1728D 04-07-2023
[em ”™~*~<~drtCSCS<iSYT «dC | Pee | rT | To
Oakley Polarized Sports Sunglasses 193.00 7970.90
Calvin Klein Men's Rectangular Sunglasses 335.00
IDEAL Spectacle Frames for Men & Women 1099.80 | 7209.80
Sub Total 35169.90
Terms & Conditions Discount 1758.50
1. Goods once sold will not be taken back or exchanged.
2. Please make the payment within 30 days. Grand Total 33411.41
Authorised signature Lo
"
002671-Alok-Mehta.pdf,"No 20, Ground Floor, Brigade Road, Bangalore - 560001

Bill To Invoice # 002671

Alok Mehta Invoice Date 01/06/2023
33, Peony Place, Indore,

Madhya Pradesh, India P.O.# cand

Qty Description Unit Price Amount

4 Fastrack Women’s Oval Sunglasses 1,299.00 5,196.00

2 Oakley Frogskins Sunglasses 3,799.00 7,998.00

Subtotal 12,794.00

GST 18.0% 2,302.92

TOTAL llth X 15,096.92
"
PerfectVisionInvoice_2024-07-08_18-33-24_53.pdf,"INVOICE . .
Perfect Vision Opticals
28, 1st Floor, 2nd Cross, 1st Block, RT Nagar, Mumbai-400050
GSTIN: 28AJHCU1234L1ZA PAN: RFRBG5397G
Invoice No: 62173 BILL TO
Invoice Date: 04-04-2021 Rohit Chawla
P.O.No: 5546 42, Jasmine Avenue
P.O.Date: 02-04-2021 Bangalore
Ref No: 5372 Pan No: BKTNE2067S
Ref Date: 04-04-2021 Mobile No: 9583911103
Email: rohitchawla@gmail.com
GSTIN: 24JYGGU5748P1Z7
Description In Detail Code Qty Price IGST Discount Total
Nova Bluecut Eyeglasses (Zero) goog 3 1213.00 18% 181.95 3457.05
Power)
Carrera Unisex-Adult 9004 3 1628.00 18% 244.20 4639.80
Rectangular Sunglasses
Lenskart Air Wrap-Around 9008 2 3014.00 18% 301.40 5726.60
Sunglasses
TOTAL 727.55 13823.45
Sub Total 13823.45
IGST @ 18% 2488.22
Grand Total 16311.67
PAYMENT METHOD
we Accept the PayPal, Master Card, VISA and E- Wallets
Terms & Condition:
1. Goods Once Sold Will Not be Taken Back
2. Goods Can be Exchanged During 2:00 pm to 4:00 pm
Thank you for business & visit Again
"
ApexInvoice_2024-07-18_18-28-09_82.pdf,"Wo APEX EYEWEAR
APEX WEAR

New Hind House, Narottam Morarjee Marg, Ballard Estate, Tax Invoice

Mumbai, Maharashtra

GSTIN: 27AAACR7147G1ZQ

[Name ___—‘Meerakapoor |S twee No [1300

sete [Carat

PPanNo. | ——CHOKHGBAZOM |S Ref

station ——_—isurat——

[Name [_____—‘MeeraKapoor

390001 Payment

sete [Cat

pPanNo. | HOKHG8420M

[em ”™~*~<~drtCSCS<iSYT «dC | Pee | rT | To

[Vincent Chase Blue Cut Computer Gsses_| 7746 | Ta0o% | 00 | #8200 | eoa0e0| ass0080_|

[IDEAL Spectacle Frames for Men & Women | 7685 | 1a00% | eo | 57900 | 337.60] _sa6s7.60_

es

es
Sub Total 122342.40

Terms & Conditions Discount 6117.12

1. Goods once sold will not be taken back or exchanged.

2. Please make the payment within 30 days. Grand Total 116225.28

[Authorised signature] OOOOOSCSCSCS
"
PerfectVisionInvoice_2024-07-08_18-33-45_74.pdf,"INVOICE os
Perfect Vision Opticals
28, 1st Floor, 2nd Cross, 1st Block, RT Nagar, Mumbai-400050
GSTIN: 28AJHCU1234L1ZA PAN: RFRBG5397G
Invoice No: 44214 BILL TO
Invoice Date: 13-03-2021 Sangeeta Rao
P.O.No: 5944 21, Marigold Drive
P.O.Date: 11-03-2021 Bangalore
Ref No: 6274 Pan No: ZQFPH1303A
Ref Date: 13-03-2021 Mobile No: 9229362533
Email: sangeetarao@gmail.com
GSTIN: 24DXPNE1222H1Z4
Description In Detail Code Qty Price IGST Discount Total
Oakley Men's Rectangular 9004 2 1032.00 18% 103.20 1960.80
Sunglasses
Vincent Chase Blue Cut °
Computer Glasses 9004 1 4234.00 18% 211.70 4022.30
Puma Men's Wayfarer 9005 2 2165.00 18% 216.50 4113.50
Sunglasses
TOTAL 531.40 10096.60
Sub Total 10096.60
IGST @ 18% 1817.39
Grand Total 11913.99
PAYMENT METHOD
we Accept the PayPal, Master Card, VISA and E- Wallets
Terms & Condition:
1. Goods Once Sold Will Not be Taken Back
2. Goods Can be Exchanged During 2:00 pm to 4:00 pm
Thank you for business & visit Again
"
Invoice_2024-06-24_11-25-52_54.pdf,"Invoice details:
Invoice no.: 833
Date issued: 03-10-2020
Invoice From :
Specsworld Opticians
45, 4th Main, Jayamahal Extension, Mumbai - 400005 GSTIN: 29AADCS3456G1ZR
specsworldopticians@gmail.com Pan: RFRBG7060G
Contact no.: 9900232338 State: Maharashtra
Invoice To:
Manish Sharma
62, Rosewood Avenue GSTIN: 24HRCNL1434P1Z2
Belgaum Pan: EWLTV1672K
Contact no.: 9208606017 Email: manishsharma@gmail.com State: Karnataka
Item Name HSN/SAC Qty Unit Price IGST Amount
Nova Bluecut
Eyeglasses (Zero
Power) 9005 2 4264.00 18% 8528.00
IDEAL Spectacle
Frames for Men &
Women 9008 2 1750.00 18% 3500.00
Fastrack UV
Protected Aviator
Sunglasses 9008 1 3500.00 18% 3500.00
Sub total 15528.00
IGST 18% 2795.04
Grand Total 18323.04
Terms & Conditions
1. Payment terms are valid thirty (20) days from the date of this invoice, subject to a Y2 of 2%
discount if paid within ten (10) days of the date of this invoice.
2. 30 days limited warranty unless stated otherwise in this invoice.
3. Balance due within 15 days of Invoice date. There shall be 10% Interest per Month thereafter.
4. A copy of this invoice is required, otherwise the warranty process stated herein will be delayed.
"
OpticalInvoice_2024-07-18_18-30-08_73.pdf,"Plot No. 45, GIDC Industrial Estate, Vatva, Ahmedabad, Gujarat
OPTICAL GLASSES GSTIN: 27AJHCU1234L1ZA
PERFECTING YOUR EYE PAN: RTRBG5397G
SN CeomA Invoice Date Order No Order Date Ref No Ref Date SDYocreTiPLaCIyIy Dispatch Through
1223 04-11-2023 BC1503 02-11-2023 1086 04-11-2023
Bill To Ship To
Sneha Verma Sneha Verma
91 Ruby Plaza, SG Highway, Near Nirma University, Gujarat-382481 91 Ruby Plaza, SG Highway, Near Nirma University, Gujarat-382481
State: Maharashtra State: Maharashtra
GSTIN: 24XQOJQ4116M1Z2 PAN: AAHNR8916C GSTIN: 24XQOJQ4116M1Z2 PAN: AAHNR8916C
| Sr.no_| Item Description | HSN | Rate ~—|_—Batch_~—s|_ Qty (| CGST scst_ | Amount
1 Oakley Polarized Sports 8565 4434.00 20231104-127 17 6784.02 6784.02 88946.04
Sunglasses
2 | . 7112 4189.00 20231104-689 17 6409.17 6409.17 84031.34
Maui Jim Polarized Sunglasses
3 John Jacobs Gold-Rimmed 8569 1850.00 20231104-307 13 2164.50 2164.50 28379.00
Aviator Sunglasses
SUB TOTAL 201356.38
Discount 10067.82
GRAND TOTAL 191288.56
Terms & Condition
1) Goods once sold will not be taken back or exchanged
2) Any warranty claim will not be accepted without warranty card
3) Payment to be made within 30 days
"
PerfectVisionInvoice_2024-07-08_18-32-35_4.pdf,"INVOICE os
Perfect Vision Opticals
28, 1st Floor, 2nd Cross, 1st Block, RT Nagar, Mumbai-400050
GSTIN: 28AJHCU1234L1ZA PAN: RFRBG5397G
Invoice No: 51841 BILL TO
Invoice Date: 01-03-2021 Anupam Sharma
P.O.No: 4806 12, Palm Avenue
P.O.Date: 27-02-2021 Bangalore
Ref No: 6926 Pan No: LPJKW7520P
Ref Date: 01-03-2021 Mobile No: 9528043275
Email: anupamsharma@gmail.com
GSTIN: 24HWDPQ8077Q1Z2
Description In Detail Code Qty Price IGST Discount Total
Vogue Eyewear Women’s 3
Round Sunglasses 9008 2 2895.00 18% 289.50 5500.50
John Jacobs Gold-Rimmed 9004 1 2715.00 18% 135.75 2579.25
Aviator Sunglasses
Tommy Hilfiger UV Protected | 9006 2 3736.00 18% 373.60 7098.40
Square Sunglasses
TOTAL 798.85 15178.15
Sub Total 15178.15
IGST @ 18% 2732.07
Grand Total 17910.22
PAYMENT METHOD
we Accept the PayPal, Master Card, VISA and E- Wallets
Terms & Condition:
1. Goods Once Sold Will Not be Taken Back
2. Goods Can be Exchanged During 2:00 pm to 4:00 pm
Thank you for business & visit Again
"
ApexInvoice_2024-07-18_18-28-10_83.pdf,"VW APEX EYEWEAR
APEX WEAR
New Hind House, Narottam Morarjee Marg, Ballard Estate, Tax Invoice
Mumbai, Maharashtra
GSTIN: 27AAACR7147G1ZQ
[Name | Surajkumar |S volte o [505
395007
a
Panne. [| _———CKEKTSB CCC RPS
F station (surat
[Name [Suraj Kumar
395007 Payment
sete [Cat
[Panne [SCIEN
[em ”™~*~<~drtCSCS<iSYT «dC | Pee | rT | To
es
es es
Sub Total 55825.80
Terms & Conditions Discount 2791.29
1. Goods once sold will not be taken back or exchanged.
2. Please make the payment within 30 days. Grand Total 53034.51
[Authorised signature] OOOOOSCSCSCS
"
OpticalInvoice_2024-07-18_18-30-33_98.pdf,"Plot No. 45, GIDC Industrial Estate, Vatva, Ahmedabad, Gujarat
OPTICAL GLASSES GSTIN: 27AJHCU1234L1ZA
PERFECTING YOUR EYE PAN: RTRBG5397G
SN CeomA Invoice Date Order No Order Date Ref No Ref Date SDYocreTiPLaCIyIy Dispatch Through
1183 02-09-2023 EC1760 31-08-2023 1931 02-09-2023
Bill To Ship To
Alok Gupta Alok Gupta
89 Sapphire Enclave, Race Course Ring Road, Near Kuvadava Road, Gujarat- 89 Sapphire Enclave, Race Course Ring Road, Near Kuvadava Road, Gujarat-360001
360001
State: Maharashtra State: Maharashtra
GSTIN: 242UNMWU3250G1Z2_ PAN: YRDKK9560Y GSTIN: 242UNMWU3250G1Z2 PAN: YRDKK9560Y
| Sr.no_| Item Description | HsN | Rate = | Batch_~—|_ Qty _—(| —CGsT scst_ | Amount
y | fommy Hilfiger Men’s Wayfarer) goer 771.00 20230902-645 16 1110.24 1110.24 14556.48
Sunglasses
2 Tommy Hilfiger UV Protected | 7,54 976.00 20230902-495 12 1054.08 1054.08 13820.16
Square Sunglasses
3 Armani Exchange Rectangular | 544. 1586.00 20230902-555 11 1570.14 1570.14 20586.28
Sunglasses
SUB TOTAL 48962.92
Discount 2448.15
GRAND TOTAL 46514.77
Terms & Condition
1) Goods once sold will not be taken back or exchanged
2) Any warranty claim will not be accepted without warranty card
3) Payment to be made within 30 days
"
B-4703-Karan-Joshi.pdf,"INVOICE # B/4703 INVOICE DATE 03/07/2023
P.O.# 09483
BILL TO Ben Franklin Opticians
Karan Joshi 438, 17th Main, 4th T Block,
34, Lotus Lane, Pune, Maharashtra, Jayanagar, Bangalore - 560041
India
oun 4 DESCRIPTION UNIT PRICE AMOUNT
3 Carrera Unisex-Adult Rectangular Sunglasses 2,399.00 7,197.00
4 Vincent Chase Blue Cut Computer Glasses 999.00 3,996.00
Subtotal 11,193.00
GST 18.0% 2,014.74
INVOICE TOTAL X 13,207.74
Powered by Invoice Home
"
ApexInvoice_2024-07-18_18-27-22_35.pdf,"VW APEX EYEWEAR
APEX WEAR
New Hind House, Narottam Morarjee Marg, Ballard Estate, Tax Invoice
Mumbai, Maharashtra
GSTIN: 27AAACR7147G1ZQ
[Name ——=Rameshverma |S tv [022
Psete [Carat
Pano. | ____—Accaaweste |S RefNo
station surat
[Name] ————sRameshVerma
390018 Payment
sete [Cat
[Panne [| ——SCGARASSTE
[em ”™~*~<~drtCSCS<iSYT «dC | Pee | rT | To
es
es es
Sub Total 79832.90
Terms & Conditions Discount 3991.65
1. Goods once sold will not be taken back or exchanged.
2. Please make the payment within 30 days. Grand Total 75841.26
[Authorised signature] OOOOOSCSCSCS
"
ApexInvoice_2024-07-18_18-28-46_119.pdf,"APEX WEAR
New Hind House, Narottam Morarjee Marg, Ballard Estate, Tax Invoice
Mumbai, Maharashtra
GSTIN: 27AAACR7147G1ZQ
Bill To Invoice Details
|State | Gujarat E1758
GST No. 24CQMZE1267X1Z5 10-06-2023
| Pan No. | JOPCASABAF P RefNo [177
13-06-2023
Ship To | Station [Surat
pName | SunilKumar Blue Dart
34 Emerald Valley, Old Padra Road, Near Inox Multiplex, Gujarat-390020 Terms of
Address 30Days
Payment
GST No. 24CQMZE1267X1Z5 9591
[em ”™~*~<~drtCSCS<iSYT «dC | Pee | rT | To
Calvin Klein Men’s Rectangular Sunglasses 460.00 29854.00
Prada Women’s Round Sunglasses | 8556. =| 18.00% | 90 | 123.00 | 1992.60 13062.60
Sub Total 76475.80
Terms & Conditions Discount 3823.79
1. Goods once sold will not be taken back or exchanged.
2. Please make the payment within 30 days. Grand Total 72652.01
Authorised signature Lo
"
OpticalInvoice_2024-07-18_18-29-37_42.pdf,"Plot No. 45, GIDC Industrial Estate, Vatva, Ahmedabad, Gujarat
OPTICAL GLASSES GSTIN: 27AJHCU1234L1ZA
PERFECTING YOUR EYE PAN: RTRBG5397G
SN CeomA Invoice Date Order No Order Date Ref No Ref Date SDYocreTiPLaCIyIy Dispatch Through
1161 26-03-2023 EC1063 24-03-2023 1805 26-03-2023
Bill To Ship To
Nikhil Bhatt Nikhil Bhatt
34 Emerald Residency, Vasna Road, Near Navrachna University, Gujarat-390007 34 Emerald Residency, Vasna Road, Near Navrachna University, Gujarat-390007
State: Maharashtra State: Maharashtra
GSTIN: 24NKBTT4748B1Z3 PAN: LHPVM5169Y GSTIN: 24NKBTT4748B1Z3_ PAN: LHPVM5169Y
| Sr.no_| Item Description | HSN | Rate ~—|_—Batch_~—s|_ Qty (| CGST scst_ | Amount
1 . . 7160 3550.00 20230326-368 19 6070.50 6070.50 79591.00
Fitovers Polarized Sunglasses
2 Fossil Women’s Cat-Eye 8288 1219.00 20230326-289 18 1974.78 | 1974.78 25891.56
Sunglasses
3 . 8780 806.00 20230326-951 17 1233.18 1233.18 16168.36
Gucci Men’s Square Sunglasses
SUB TOTAL 121650.92
Discount 6082.55
GRAND TOTAL 115568.37
Terms & Condition
1) Goods once sold will not be taken back or exchanged
2) Any warranty claim will not be accepted without warranty card
3) Payment to be made within 30 days
"
OpticalInvoice_2024-07-18_18-30-52_117.pdf,"Plot No. 45, GIDC Industrial Estate, Vatva, Ahmedabad, Gujarat
OPTICAL GLASSES GSTIN: 27AJHCU1234L1ZA
PERFECTING YOUR EYE PAN: RTRBG5397G
SN CeomA Invoice Date Order No Order Date Ref No Ref Date SDYocreTiPLaCIyIy Dispatch Through
1792 09-09-2023 EC1733 07-09-2023 1616 09-09-2023
Bill To Ship To
Vikash Mehta Vikash Mehta
78 Sapphire Park, 150 Feet Ring Road, Near Race Course Ring Road, Gujarat- 78 Sapphire Park, 150 Feet Ring Road, Near Race Course Ring Road, Gujarat-360005
360005
State: Maharashtra State: Maharashtra
GSTIN: 24DCQLZ1148K1Z9 PAN: LFDVS6913C GSTIN: 24DCQLZ1148K1Z9 PAN: LFDVS6913C
| Sr.no_| Item Description | HsN | Rate = | Batch_~—|_ Qty _—(| —CGsT scst_ | Amount
1 Vincent Chase Blue Cut 7801 2151.00 20230909-936 16 3097.44 | 3097.44 40610.88
Computer Glasses
2 Fossil UV Protected Wayfarer | 5535 1247.00 20230909-436 10 1122.30 1122.30 14714.60
Sunglasses
3 Lenskart Air Wrap-Around 7569 2288.00 20230909-126 10 2059.20 | 2059.20 26998.40
Sunglasses
SUB TOTAL 82323.88
Discount 4116.19
GRAND TOTAL 78207.69
Terms & Condition
1) Goods once sold will not be taken back or exchanged
2) Any warranty claim will not be accepted without warranty card
3) Payment to be made within 30 days
"
23027-Harshita-Patel.pdf,"Titan Eyeplus

No 13, 3rd Block, 12th Main, Koramangala, Bangalore - 560034

BILL TO INVOICE # 23027

Harshita Patel INVOICE DATE 07/06/2023

10, Rose Crescent, Varanasi, Uttar PO# 23837

Pradesh, India

i X 13,919.2

Invoice Total 3,919.28

QTY DESCRIPTION UNIT PRICE AMOUNT

2 Police Men’s Round Sunglasses 1,999.00 3,998.00

2 Gucci Oversized Square Sunglasses 3,899.00 7,798.00

Subtotal 11,796.00

GST 18.0% 2,123.28
"
ApexInvoice_2024-07-18_18-27-35_48.pdf,"APEX WEAR
New Hind House, Narottam Morarjee Marg, Ballard Estate, Tax Invoice
Mumbai, Maharashtra
GSTIN: 27AAACR7147G1ZQ
Bill To Invoice Details
|State | Gujarat E1521
GST No. 24DLASG623001Z8 03-08-2023
ship To [station (surat
34 Emerald Valley, Old Padra Road, Near Inox Multiplex, Gujarat-390020 Terms of
Address 30Days
Payment
GST No. 24DLASG623001Z8 9589
[em ”™~*~<~drtCSCS<iSYT «dC | Pee | rT | To
Tommy Hilfiger Men's Rectangular Sunglasses 2696.40
Police UV Protected Aviator Sunglasses 378.00
Titan Men's Wayfarer Sunglasses 290.00 18821.00
Sub Total 42326.60
Terms & Conditions Discount 2116.33
1. Goods once sold will not be taken back or exchanged.
2. Please make the payment within 30 days. Grand Total 40210.27
Authorised signature Lo
"
137-Vikas-Jain.pdf,"FROM BILL T0
Vision Express Vikas Jain
1st Floor, Phoenix Marketcity, 72, Daisy Square, Anmedabad,
Whitefield Main Road, Bangalore - Gujarat, India
560066
INVOICE # INVOICE DATE P.0.#
137 27/01/2023 0227
ary DESCRIPTION UNIT PRICE AMOUNT
3 Lenskart Air Round Sunglasses 1,599.00 4,797.00
3 Vincent Chase Full Rim Wayfarer Frames 1,899.00 5,697.00
Subtotal 10,494.00
GST 18.0% 1,888.92
Total X 12,382.92
Powered. by Invoice Home
"
OpticalInvoice_2024-07-18_18-29-49_54.pdf,"Plot No. 45, GIDC Industrial Estate, Vatva, Ahmedabad, Gujarat
OPTICAL GLASSES GSTIN: 27AJHCU1234L1ZA
PERFECTING YOUR EYE PAN: RTRBG5397G
SN CeomA Invoice Date Order No Order Date Ref No Ref Date SDYocreTiPLaCIyIy Dispatch Through
1782 21-02-2023 EC1237 19-02-2023 1536 21-02-2023
Bill To Ship To
Simran Desai Simran Desai
56 Diamond Plaza, Ghod Dod Road, Near VR Mall, Gujarat-395007 56 Diamond Plaza, Ghod Dod Road, Near VR Mall, Gujarat-395007
State: Maharashtra State: Maharashtra
GSTIN: 24QZJVP3603T1Z8 PAN: UKWCO7748H GSTIN: 24QZJVP3603T1Z8 PAN: UKWCO7748H
| Sr.no_| Item Description | HSN | Rate | Batch ~—|_ Qty | CGST sestT_ | Amount
1 Polarized Wrap Around Sports | 455 813.00 20230221-483 12 878.04 878.04 11512.08
Sunglasses
2 . 7087 2992.00 20230221-710 17 4577.76 4577.76 60019.52
Puma Men’s Aviator Sunglasses
3 Vogue Women’s Round 7298 3298.00 20230221-549 14 4155.48 | 4155.48 54482.96
Sunglasses
SUB TOTAL 126014.56
Discount 6300.73
GRAND TOTAL 119713.83
Terms & Condition
1) Goods once sold will not be taken back or exchanged
2) Any warranty claim will not be accepted without warranty card
3) Payment to be made within 30 days
"
27050-Anjali-Desai.pdf,"INVOICE # 27050
iN VO ( = INVOICE DATE 20/04/2023
P.O.# 83210
FROM BILL TO INVOICE TOTAL
Gangar Eyenation Anjali Desai
No. 50, MG Road, Near 7, Magnolia Drive, Surat, x 22,648.92
Trinity Circle, Bangalore - Gujarat, India
560001
DESCRIPTION UNIT PRICE QTY AMOUNT
Bobster Phoenix OTG Goggles 3,599.00 3 10,797.00
Fitovers Polarized Wrap-Around Sunglasses 2,799.00 3 8,397.00
SUBTOTAL 19,194.00
GST 18.0% 3,454.92
TOTAL = 22,648.92
Powered by Invoice Home
"
PerfectVisionInvoice_2024-07-08_18-33-27_56.pdf,"INVOICE .
Perfect Vision Opticals
28, 1st Floor, 2nd Cross, 1st Block, RT Nagar, Mumbai-400050
GSTIN: 28AJHCU1234L1ZA PAN: RFRBG5397G
Invoice No: 34903 BILL TO
Invoice Date: 29-01-2021 Preeti Agarwal
P.O.No: 5636 49, Hibiscus Lane
P.O.Date: 27-01-2021 Hubli
Ref No: 6923 Pan No: HJTTV7190D
Ref Date: 29-01-2021 Mobile No: 9659287548
Email: preetiagarwal@gmail.com
GSTIN: 240GGON9529G1Z5
Description In Detail Code Qty Price IGST Discount Total
Carrera Unisex-Adult °
Rectangular Sunglasses 9007 2 849.00 18% 84.90 1613.10
rastrack UV Protected Aviator | 9997 3 4767.00 18% 715.05 13585.95
Sunglasses
Fastrack Gradient Waytarer 9004 3 3443.00 18% 516.45 9812.55
Sunglasses
TOTAL 1316.40 25011.60
Sub Total 25011.60
IGST @ 18% 4502.09
Grand Total 29513.69
PAYMENT METHOD
we Accept the PayPal, Master Card, VISA and E- Wallets
Terms & Condition:
1. Goods Once Sold Will Not be Taken Back
2. Goods Can be Exchanged During 2:00 pm to 4:00 pm
Thank you for business & visit Again
"
OpticalInvoice_2024-07-18_18-30-43_108.pdf,"Plot No. 45, GIDC Industrial Estate, Vatva, Ahmedabad, Gujarat
OPTICAL GLASSES GSTIN: 27AJHCU1234L1ZA
PERFECTING YOUR EYE PAN: RTRBG5397G
SN CeomA Invoice Date Order No Order Date Ref No Ref Date SDYocreTiPLaCIyIy Dispatch Through
1634 20-08-2023 EC1576 18-08-2023 1625 20-08-2023
Bill To Ship To
Sanjay Jha Sanjay Jha
45 Ruby Residency, Gandhinagar Road, Near Adalaj Stepwell, Gujarat-382421 45 Ruby Residency, Gandhinagar Road, Near Adalaj Stepwell, Gujarat-382421
State: Maharashtra State: Maharashtra
GSTIN: 24UHCFN6663Z1Z8 PAN: VPBCE4011N GSTIN: 24UHCFN6663Z1Z8 PAN: VPBCE4011N
| Sr.no_| Item Description | HsN | Rate = | Batch_~—|_ Qty _—(| —CGsT scst_ | Amount
1 Armani Exchange Rectangular | 5,4 1859.00 20230820-749 14 2342.34 | 2342.34 30710.68
Sunglasses
2 Polarized Wrap Around Sports | 7765 4657.00 20230820-799 11 4610.43 4610.43 60447.86
Sunglasses
3 Emporio Armani Women's 8015 3546.00 20230820-831 20 6382.80 | 6382.80 83685.60
Aviator Sunglasses
SUB TOTAL 174844.14
Discount 8742.21
GRAND TOTAL 166101.93
Terms & Condition
1) Goods once sold will not be taken back or exchanged
2) Any warranty claim will not be accepted without warranty card
3) Payment to be made within 30 days
"
Invoice_2024-06-24_11-25-28_30.pdf,"Invoice details:
Invoice no.: 291
Date issued: 04-12-2020
Invoice From :
Specsworld Opticians
45, 4th Main, Jayamahal Extension, Mumbai - 400005 GSTIN: 29AADCS3456G1ZR
specsworldopticians@gmail.com Pan: RFRBG7060G
Contact no.: 9900232338 State: Maharashtra
Invoice To :
Sunil Verma
61, Tulip Boulevard GSTIN: 24DLEDU3917G12Z7
Mysore Pan: PRLFM6024G
Contact no.: 9134342549 Email: sunilverma@gmail.com State: Karnataka
Item Name HSN/SAC Qty Unit Price IGST Amount
Fastrack Gradient
Wayfarer Sunglasses 9008 2 4461.00 18% 8922.00
IDEAL Spectacle
Frames for Men &
Women 9004 1 3999.00 18% 3999.00
Tommy Hilfiger UV
Protected Square
Sunglasses 9007 2 3879.00 18% 7758.00
Sub total 20679.00
IGST 18% 3722.22
Grand Total 24401.22
Terms & Conditions
1. Payment terms are valid thirty (20) days from the date of this invoice, subject to a Y2 of 2%
discount if paid within ten (10) days of the date of this invoice.
2. 30 days limited warranty unless stated otherwise in this invoice.
3. Balance due within 15 days of Invoice date. There shall be 10% Interest per Month thereafter.
4. A copy of this invoice is required, otherwise the warranty process stated herein will be delayed.
"
12091-Alok-Mehta.pdf,"LensCrafters
No. 25, 3rd Floor, Orion Mall, Brigade Gateway, Dr. Rajkumar Road,
Malleshwaram, Bangalore - 560055

Bill To Invoice # 12091

Alok Mehta Invoice Date 01/12/2023
33, Peony Place, Indore,

Madhya Pradesh, India P.O.# ool

2 Vincent Chase Full Rim Spectacle Frames 1,099.00 2,198.00

2 Lenskart Polarized Wayfarer Sunglasses 1,899.00 3,798.00

Subtotal 5,996.00

GST 18.0% 1,079.28

TOTAL /// dh % 7,075.28
"
ApexInvoice_2024-07-18_18-28-11_84.pdf,"APEX WEAR
New Hind House, Narottam Morarjee Marg, Ballard Estate, Tax Invoice
Mumbai, Maharashtra
GSTIN: 27AAACR7147G1ZQ
Bill To Invoice Details
GST No. 24LZKBU7753P1Z1 02-08-2023
ship To [station (surat
78 Crystal View, Old Padra Road, Near Inox Multiplex, Gujarat-390020 Terms of
Address 30Days
Payment
GST No. 24LZKBU7753P1Z1 9508
| Pan No. _| HUMVY8279V 04-09-2023
[em ”™~*~<~drtCSCS<iSYT «dC | Pee | rT | To
Oakley Men's Rectangular Sunglasses | 7338 = |~—«:18.00% | 60 | 301.00 | 325080] 21310.80
Tommy Hilfiger Women’s Oval Sunglasses 4536.00 29736.00
Sub Total 70422.40
Terms & Conditions Discount 3521.12
1. Goods once sold will not be taken back or exchanged.
2. Please make the payment within 30 days. Grand Total 66901.28
Authorised signature Lo
"
PerfectVisionInvoice_2024-07-08_18-33-25_54.pdf,"INVOICE _
Perfect Vision Opticals
28, 1st Floor, 2nd Cross, 1st Block, RT Nagar, Mumbai-400050
GSTIN: 28AJHCU1234L1ZA PAN: RFRBG5397G
Invoice No: 68532 BILL TO
Invoice Date: 23-10-2021 Sangeeta Rao
P.O.No: 3230 21, Marigold Drive
P.O.Date: 21-10-2021 Bangalore
Ref No: 6079 Pan No: BKHYK2527E
Ref Date: 23-10-2021 Mobile No: 9731086735
Email: sangeetarao@gmail.com
GSTIN: 24UKHWW6738T 129
Description In Detail Code Qty Price IGST Discount Total
Calvin Klein Square Sunglasses |} 9005 1 4968.00 18% 248.40 4719.60
Bobster Eyewear Fuel 6
Photochromic Goggles 9004 3 1596.00 18% 239.40 4548.60
John Jacobs Gold-Rimmed °
Aviator Sunglasses 9008 3 4671.00 18% 700.65 13312.35
TOTAL 1188.45 22580.55
Sub Total 22580.55
IGST @ 18% 4064.50
Grand Total 26645.05
PAYMENT METHOD
we Accept the PayPal, Master Card, VISA and E- Wallets
Terms & Condition:
1. Goods Once Sold Will Not be Taken Back
2. Goods Can be Exchanged During 2:00 pm to 4:00 pm
Thank you for business & visit Again
"
OpticalInvoice_2024-07-18_18-29-05_10.pdf,"Plot No. 45, GIDC Industrial Estate, Vatva, Ahmedabad, Gujarat
OPTICAL GLASSES GSTIN: 27AJHCU1234L1ZA
PERFECTING YOUR EYE PAN: RTRBG5397G
SN CeomA Invoice Date Order No Order Date Ref No Ref Date SDYocreTiPLaCIyIy Dispatch Through
1087 06-06-2023 EC1227 04-06-2023 1215 06-06-2023
Bill To Ship To
Tarun Malhotra Tarun Malhotra
67 Diamond Palace, Parle Point, Near Magdalla Port, Gujarat-395007 67 Diamond Palace, Parle Point, Near Magdalla Port, Gujarat-395007
State: Maharashtra State: Maharashtra
GSTIN: 24AMJOU5658K1Z5 PAN: USLQH1584B GSTIN: 24AMJOU5658K1Z5 PAN: USLQH1584B
| Sr.no_| Item Description | HSN | Rate ~—|_—Batch_~—s|_ Qty (| CGST scst_ | Amount
1 Vincent Chase Blue Cut 8729 1677.00 20230606-008 13 1962.09 | 1962.09 25725.18
Computer Glasses
2 | Tommy Hilfiger Women’s Oval | 447 1339.00 20230606-293 11 1325.61 1325.61 17380.22
Sunglasses
3 _ | Calvin Klein Men’s Rectangular | 54 4¢ 511.00 20230606-019 20 919.80 919.80 12059.60
Sunglasses
SUB TOTAL 55165.00
Discount 2758.25
GRAND TOTAL 52406.75
Terms & Condition
1) Goods once sold will not be taken back or exchanged
2) Any warranty claim will not be accepted without warranty card
3) Payment to be made within 30 days
"
PerfectVisionInvoice_2024-07-08_18-33-33_62.pdf,"INVOICE os
Perfect Vision Opticals
28, 1st Floor, 2nd Cross, 1st Block, RT Nagar, Mumbai-400050
GSTIN: 28AJHCU1234L1ZA PAN: RFRBG5397G
Invoice No: 62775 BILL TO
Invoice Date: 15-06-2021 Vandana Singh
P.O.No: 3801 53, Magnolia Lane
P.O.Date: 13-06-2021 Belgaum
Ref No: 6606 Pan No: HNAXP3931T
Ref Date: 15-06-2021 Mobile No: 9868010599
Email: vandanasingh@gmail.com
GSTIN: 24JBKCV7118U1Z1
Description In Detail Code Qty Price IGST Discount Total
Persol Rectangular Sunglasses 9006 1 3429.00 18% 171.45 3257.55
Vogue Eyewear Women’s °
Round Sunglasses 9008 1 2329.00 18% 116.45 2212.55
Fastrack Gradient Wayfarer 3
Sunglasses 9006 3 3247.00 18% 487.05 9253.95
TOTAL 774.95 14724.05
Sub Total 14724.05
IGST @ 18% 2650.33
Grand Total 17374.38
PAYMENT METHOD
we Accept the PayPal, Master Card, VISA and E- Wallets
Terms & Condition:
1. Goods Once Sold Will Not be Taken Back
2. Goods Can be Exchanged During 2:00 pm to 4:00 pm
Thank you for business & visit Again
"
Invoice_2024-06-24_11-25-41_43.pdf,"Invoice details:
Invoice no.: 791
Date issued: 11-04-2020
Invoice From :
Specsworld Opticians
45, 4th Main, Jayamahal Extension, Mumbai - 400005 GSTIN: 29AADCS3456G1ZR
specsworldopticians@gmail.com Pan: RFRBG7060G
Contact no.: 9900232338 State: Maharashtra
Invoice To:
Preeti Malhotra
49, Pine Boulevard GSTIN: 24KYIEG4112D128
Hubli Pan: VAACD3593H
Contact no.: 9502310887 Email: preetimalhotra@gmail.com State: Karnataka
Item Name HSN/SAC Qty Unit Price IGST Amount
Tommy Hilfiger UV
Protected Square
Sunglasses 9005 1 2521.00 18% 2521.00
Police Men’s Round
Sunglasses 9006 1 3011.00 18% 3011.00
Ray-Ban Aviator
Classic Sunglasses 9005 3 3731.00 18% 11193.00
Sub total 16725.00
IGST 18% 3010.50
Grand Total 19735.50
Terms & Conditions
1. Payment terms are valid thirty (20) days from the date of this invoice, subject to a %2 of 2%
discount if paid within ten (10) days of the date of this invoice.
2. 30 days limited warranty unless stated otherwise in this invoice.
3. Balance due within 15 days of Invoice date. There shall be 10% Interest per Month thereafter.
4. A copy of this invoice is required, otherwise the warranty process stated herein will be delayed.
"
141400-Rahul-Bhardwaj.pdf,"Lawrence and Mayo

4, Near MG Road Metro Station, MG Road, Bangalore - 560001

BILL TO INVOICE # 141400

Rahul Bhardwaj INVOICE DATE 10/10/2023

12, Maple Drive, Trivandrum, PO# 7600

Kerala, India

i Xt 1 1

Invoice Total 6,396.10

QTY DESCRIPTION UNIT PRICE AMOUNT

3 Puma Men’s Wayfarer Sunglasses 2,299.00 6,897.00

2 Emporio Armani Unisex-Adult Sunglasses 3,499.00 6,998.00

Subtotal 13,895.00

GST 18.0% 2,501.10
"
ApexInvoice_2024-07-18_18-28-08_81.pdf,"APEX WEAR
New Hind House, Narottam Morarjee Marg, Ballard Estate, Tax Invoice
Mumbai, Maharashtra
GSTIN: 27AAACR7147G1ZQ
Bill To Invoice Details
|State | Gujarat £1798
GST No. 24VYQFY2915B1Z7 08-05-2023
| Pan No. | STXPW2741R | RefNo [156
ship To [station (surat
91 Ruby Residency, Infocity Road, Near GMDC Ground, Gujarat-382421 Terms of
Address 30Days
Payment
GST No. 24VYQFY2915B1Z7 9606
[em ”™~*~<~drtCSCS<iSYT «dC | Pee | rT | To
Tommy Hilfiger Women’s Oval Sunglasses 1623.60 10643.60
Ray-Ban Women’s Aviator Sunglasses | 8294 || 18.00% | 80 | 157.00 | 2260.80 14820.80
Calvin Klein Polarized Sunglasses | 7551 «| 18.00% | 90 | 524.00 | 8488.80] 55648.80
Sub Total 131670.30
Terms & Conditions Discount 6583.52
1. Goods once sold will not be taken back or exchanged.
2. Please make the payment within 30 days. Grand Total 125086.79
Authorised signature Lo
"
002678-Arjun-Das.pdf,"No 20, Ground Floor, Brigade Road, Bangalore - 560001

Bill To Invoice # 002678

Arjun Das Invoice Date 08/06/2023

29, Tulip Lane, Guwahati, P.O# 448
Assam, India

Olin Description Unit Price Amount

3 Gucci Oversized Square Sunglasses 3,599.00 10,797.00

2 Ray-Ban Wayfarer Sunglasses 2,799.00 5,598.00

Subtotal 16,395.00

GST 18.0% 2,951.10

TOTAL llth X 19,346.10
"
OpticalInvoice_2024-07-18_18-30-11_76.pdf,"Plot No. 45, GIDC Industrial Estate, Vatva, Ahmedabad, Gujarat
OPTICAL GLASSES GSTIN: 27AJHCU1234L1ZA
PERFECTING YOUR EYE PAN: RTRBG5397G
SN CeomA Invoice Date Order No Order Date Ref No Ref Date SDYocreTiPLaCIyIy Dispatch Through
1848 14-09-2023 EC1246 12-09-2023 1795 14-09-2023
Bill To Ship To
Suresh Sharma Suresh Sharma
67 Diamond Palace, Parle Point, Near Magdalla Port, Gujarat-395007 67 Diamond Palace, Parle Point, Near Magdalla Port, Gujarat-395007
State: Maharashtra State: Maharashtra
GSTIN: 24ZBMLA1122P1Z8 PAN: WKXUC2738D GSTIN: 24ZBMLA1122P1Z8 PAN: WKXUC2738D
| Sr.no_| Item Description | HsN | Rate = | Batch_~—|_ Qty _—(| —CGsT scst_ | Amount
1 Carrera Unisex-Adult 7916 3911.00 20230914-247 19 6687.81 6687.81 87684.62
Rectangular Sunglasses
2 Ray-Ban Men's Wayfarer 8332 3530.00 20230914-878 13 4130.10 | 4130.10 54150.20
Sunglasses
3 Police UV Protected Square | 5454 3665.00 20230914-955 18 5937.30 | 5937.30 77844.60
Sunglasses
SUB TOTAL 219679.42
Discount 10983.97
GRAND TOTAL 208695.45
Terms & Condition
1) Goods once sold will not be taken back or exchanged
2) Any warranty claim will not be accepted without warranty card
3) Payment to be made within 30 days
"
OpticalInvoice_2024-07-18_18-30-26_91.pdf,"Plot No. 45, GIDC Industrial Estate, Vatva, Ahmedabad, Gujarat
OPTICAL GLASSES GSTIN: 27AJHCU1234L1ZA
PERFECTING YOUR EYE PAN: RTRBG5397G
SN CeomA Invoice Date Order No Order Date Ref No Ref Date SDYocreTiPLaCIyIy Dispatch Through
1138 13-03-2023 BC1332 11-03-2023 1731 13-03-2023
Bill To Ship To
Rohan Chatterjee Rohan Chatterjee
34 Emerald Enclave, Karelibaug Main Road, Near Galaxy Cinema, Gujarat-390018 34 Emerald Enclave, Karelibaug Main Road, Near Galaxy Cinema, Gujarat-390018
State: Maharashtra State: Maharashtra
GSTIN: 24U0XML3414H1Z7 PAN: DLBKZ6658W GSTIN: 24U0XML3414H1Z7 PAN: DLBKZ6658W
| Sr.no_| Item Description | HsN | Rate = | Batch_~—|_ Qty _—(| —CGsT scst_ | Amount
1 Calvin Klein Polarized 8193 4211.00 20230313-972 12 4547.88 4547.88 59627.76
Sunglasses
2 Carrera Men’s Rectangular 8927 1343.00 20230313-518 15 1813.05 1813.05 23771.10
Sunglasses
3 Ray-Ban Polarized Aviator 7744 4422.00 20230313-768 15 5969.70 5969.70 78269.40
Sunglasses
SUB TOTAL 161668.26
Discount 8083.41
GRAND TOTAL 153584.85
Terms & Condition
1) Goods once sold will not be taken back or exchanged
2) Any warranty claim will not be accepted without warranty card
3) Payment to be made within 30 days
"
ApexInvoice_2024-07-18_18-27-56_69.pdf,"APEX WEAR
New Hind House, Narottam Morarjee Marg, Ballard Estate, Tax Invoice
Mumbai, Maharashtra
GSTIN: 27AAACR7147G1ZQ
Bill To Invoice Details
GST No. 24RYOFC1022U1Z8 29-06-2023
ship To [station (surat
Payment
pState | Giarat 18517
GST No. 24RYOFC1022U1Z8 9141
[em ”™~*~<~drtCSCS<iSYT «dC | Pee | rT | To
Emporio Armani Women’s Aviator Sunglasses 2169.00
Vogue Eyewear Women’s Round Sunglasses 3088.80 20248.80
Oakley Polarized Sports Sunglasses 6199.20 | 40639.20
Nova Bluecut Eyeglasses (Zero Power) 793.80 5203.80
Sub Total 80310.80
Terms & Conditions Discount 4015.54
1. Goods once sold will not be taken back or exchanged.
2. Please make the payment within 30 days. Grand Total 76295.26
Authorised signature Lo
"
ApexInvoice_2024-07-18_18-27-36_49.pdf,"APEX WEAR
New Hind House, Narottam Morarjee Marg, Ballard Estate, Tax Invoice
Mumbai, Maharashtra
GSTIN: 27AAACR7147G1ZQ
Bill To Invoice Details
GST No. 24BXZMO5169X1Z8 06-06-2023
ship To [station (surat
78 Sapphire Residency, Waghodia Road, Near Ambe Vidyalaya, Gujarat- Terms of
GST No. 24BXZMO5169X1Z8 9898
[em ”™~*~<~drtCSCS<iSYT «dC | Pee | rT | To
Police Men’s Round Sunglasses 1108.80 7268.80
Ray-Ban Aviator Classic Sunglasses 509.00 6006.20
Sub Total 38267.40
Terms & Conditions Discount 1913.37
1. Goods once sold will not be taken back or exchanged.
2. Please make the payment within 30 days. Grand Total 36354.03
Authorised signature Lo
"
2455-Poonam-Singh.pdf,"Optik Eyewear
No 22, 4th Cross, Sampige Road, Malleswaram, Bangalore - 560003
Bill To Invoice # Invoice Date
Poonam Singh 2455 05/10/2023
56, Bluebell Boulevard,
Chandigarh, Haryana; Indian a ae...
5295
ohn) Description Unit Price Amount
2 John Jacobs Gold-Rimmed Aviator Sunglasses 3,199.00 6,398.00
3 Tommy Hilfiger UV Protected Square 899.00 2,697.00
Sunglasses
———
Subtotal 9,095.00
GST 18.0% 1,637.10
Invoice Total = 10,732.10
ESE eS
ee ail
Powered by Invoice Home
"
OpticalInvoice_2024-07-18_18-29-38_43.pdf,"Plot No. 45, GIDC Industrial Estate, Vatva, Ahmedabad, Gujarat
OPTICAL GLASSES GSTIN: 27AJHCU1234L1ZA
PERFECTING YOUR EYE PAN: RTRBG5397G
SN CeomA Invoice Date Order No Order Date Ref No Ref Date SDYocreTiPLaCIyIy Dispatch Through
1224 10-08-2023 EC 1360 08-08-2023 1645 10-08-2023
Bill To Ship To
Simran Desai Simran Desai
56 Diamond Plaza, Ghod Dod Road, Near VR Mall, Gujarat-395007 56 Diamond Plaza, Ghod Dod Road, Near VR Mall, Gujarat-395007
State: Maharashtra State: Maharashtra
GSTIN: 24CDDAD4571X1Z1 PAN: KJUAN3535E GSTIN: 24CDDAD4571X1Z1 PAN: KJUAN3535E
| Sr.no_| Item Description | HSN [| Rate — || Batch ~— || Qty | CGST scsT_ | Amount
1 Vogue Women’s Wayfarer 7209 728.00 20230810-651 19 1244.88 1244.88 16321.76
Sunglasses
2 Carrera Unisex-Adult 7782 1581.00 20230810-114 18 2561.22 2561.22 33580.44
Rectangular Sunglasses
3 John Jacobs Gold-Rimmed 7169 4445.00 20230810-696 16 6400.80 6400.80 83921.60
Aviator Sunglasses
SUB TOTAL 133823.80
Discount 6691.19
GRAND TOTAL 127132.61
Terms & Condition
1) Goods once sold will not be taken back or exchanged
2) Any warranty claim will not be accepted without warranty card
3) Payment to be made within 30 days
"
OpticalInvoice_2024-07-18_18-29-29_34.pdf,"Plot No. 45, GIDC Industrial Estate, Vatva, Ahmedabad, Gujarat
OPTICAL GLASSES GSTIN: 27AJHCU1234L1ZA
PERFECTING YOUR EYE PAN: RTRBG5397G
SN CeomA Invoice Date Order No Order Date Ref No Ref Date SDYocreTiPLaCIyIy Dispatch Through
1649 20-06-2023 EC1143 18-06-2023 1856 20-06-2023
Bill To Ship To
Amit Kumar Amit Kumar
34 Emerald Park, Alkapuri Main Road, Near Inorbit Mall, Gujarat-390007 34 Emerald Park, Alkapuri Main Road, Near Inorbit Mall, Gujarat-390007
State: Maharashtra State: Maharashtra
GSTIN: 24WGYKK3337W1Z2 PAN: YCFXN6184L GSTIN: 24WGYKK3337W1Z2 PAN: YCFXN6184L
| Sr.no_| Item Description | HsN | Rate = | Batch_~—|_ Qty _—(| —CGsT scst_ | Amount
1 Tommy Hilfiger Women’s Oval | 5444 4112.00 20230620-047 12 4440.96 4440.96 58225.92
Sunglasses
2 Fossil UV Protected Wayfarer | 24, 515.00 20230620-265 16 741.60 741.60 9723.20
Sunglasses
3 Oakley Polarized Sports g991 4744.00 20230620-694 11 4696.56 | 4696.56 61577.12
Sunglasses
SUB TOTAL 129526.24
Discount 6476.31
GRAND TOTAL 123049.93
Terms & Condition
1) Goods once sold will not be taken back or exchanged
2) Any warranty claim will not be accepted without warranty card
3) Payment to be made within 30 days
"
OpticalInvoice_2024-07-18_18-30-00_65.pdf,"Plot No. 45, GIDC Industrial Estate, Vatva, Ahmedabad, Gujarat
OPTICAL GLASSES GSTIN: 27AJHCU1234L1ZA
PERFECTING YOUR EYE PAN: RTRBG5397G
SN CeomA Invoice Date Order No Order Date Ref No Ref Date SDYocreTiPLaCIyIy Dispatch Through
1092 12-02-2023 EC1650 10-02-2023 1391 12-02-2023
Bill To Ship To
Amit Kapoor Amit Kapoor
89 Sapphire Enclave, Race Course Ring Road, Near Kuvadava Road, Gujarat- 89 Sapphire Enclave, Race Course Ring Road, Near Kuvadava Road, Gujarat-360001
360001
State: Maharashtra State: Maharashtra
GSTIN: 24VFKSA289211Z0 PAN: CHPUO9046P GSTIN: 24VFKSA289211Z0 PAN: CHPUO9046P
| Sr.no_| Item Description | HSN | Rate ~—|_—Batch_~—s|_ Qty (| CGST scst_ | Amount
1 Fossil UV Protected Wayfarer | 74.5 2226.00 20230212-216 16 3205.44 | 3205.44 42026.88
Sunglasses
2 Fossil Women’s Cat-Eye 8244 3471.00 20230212-587 16 4998.24 | 4998.24 65532.48
Sunglasses
Tommy Hilfiger Men’s
3 8642 4396.00 20230212-308 12 4747.68 4747.68 62247.36
Rectangular Sunglasses
SUB TOTAL 169806.72
Discount 8490.34
GRAND TOTAL 161316.38
Terms & Condition
1) Goods once sold will not be taken back or exchanged
2) Any warranty claim will not be accepted without warranty card
3) Payment to be made within 30 days
"
Invoice_2024-06-24_11-26-12_74.pdf,"Invoice details:
Invoice no.: 907
Date issued: 01-03-2020
Invoice From :
Specsworld Opticians
45, 4th Main, Jayamahal Extension, Mumbai - 400005 GSTIN: 29AADCS3456G1ZR
specsworldopticians@gmail.com Pan: RFRBG7060G
Contact no.: 9900232338 State: Maharashtra
Invoice To:
Kunal Sharma
59, Cedar Path GSTIN: 24RHAMG8541L129
Belgaum Pan: EMSTV7144S
Contact no.: 9454750448 Email: kunalsharma@gmail.com State: Karnataka
Item Name HSN/SAC Qty Unit Price IGST Amount
Emporio Armani
Unisex-Adult
Sunglasses 9004 2 2774.00 18% 5548.00
Vincent Chase Blue
Cut Computer
Glasses 9008 1 3941.00 18% 3941.00
Carrera Unisex-Adult
Rectangular
Sunglasses 9008 1 1514.00 18% 1514.00
Sub total 11003.00
IGST 18% 1980.54
Grand Total 12983.54
Terms & Conditions
1. Payment terms are valid thirty (20) days from the date of this invoice, subject to a %2 of 2%
discount if paid within ten (10) days of the date of this invoice.
2. 30 days limited warranty unless stated otherwise in this invoice.
3. Balance due within 15 days of Invoice date. There shall be 10% Interest per Month thereafter.
4. A copy of this invoice is required, otherwise the warranty process stated herein will be delayed.
"
2453-Aakash-Mehta.pdf,"Optik Eyewear
No 22, 4th Cross, Sampige Road, Malleswaram, Bangalore - 560003
Bill To Invoice # Invoice Date
Aakash Mehta 2453 03/10/2023
28, Sunflower Street,
5293
ohn) Description Unit Price Amount
2 Carrera Unisex-Adult Rectangular Sunglasses 3,099.00 6,198.00
3 Vincent Chase Blue Cut Computer Glasses 999.00 2,997.00
SS Subtotal 9,195.00
GST 18.0% 1,655.10
Invoice Total = 10,850.10
ESE eS
ee ail
Powered by Invoice Home
"
2731253-Meera-Kapoor.pdf,"No. 124, ist Main, 7th Block, Koramangala, Bangalore - 560095
Bill To Invoice # Invoice Date
Meera Kapoor 2731253 03/12/2023
19, Rosewood Lane, Jaipur,
8373
ohn) Description Unit Price Amount
2 Gucci Oversized Square Sunglasses 4,099.00 8,198.00
2 Ray-Ban Wayfarer Sunglasses 3,599.00 7,198.00
———
Subtotal 15,396.00
GST 18.0% 2,771.28
Invoice Total ~ 18,167.28
ee lial eS
ee ail
Powered by Invoice Home
"
OpticalInvoice_2024-07-18_18-29-47_52.pdf,"Plot No. 45, GIDC Industrial Estate, Vatva, Ahmedabad, Gujarat
OPTICAL GLASSES GSTIN: 27AJHCU1234L1ZA
PERFECTING YOUR EYE PAN: RTRBG5397G
SN CeomA Invoice Date Order No Order Date Ref No Ref Date SDYocreTiPLaCIyIy Dispatch Through
1839 21-04-2023 EC1022 19-04-2023 1642 21-04-2023
Bill To Ship To
Anil Sharma Anil Sharma
67 Diamond Palace, Ghod Dod Road, Near Magdalla Port, Gujarat-395007 67 Diamond Palace, Ghod Dod Road, Near Magdalla Port, Gujarat-395007
State: Maharashtra State: Maharashtra
GSTIN: 24AANKK400701Z2 PAN: LUMUZ6734C GSTIN: 24AANKK400701Z2 PAN: LUMUZ6734C
| Sr.no_| Item Description | HSN | Rate ~—|_—Batch_~—s|_ Qty (| CGST scst_ | Amount
1 Prada Women’s Round 8238 2043.00 20230421-125 17 3125.79 3125.79 40982.58
Sunglasses
Diesel Women’s Rectangular
2 7194 3488.00 20230421-927 15 4708.80 4708.80 61737.60
Sunglasses
3 Police UV Protected Aviator | 5655 1723.00 20230421-173 20 3101.40 3101.40 40662.80
Sunglasses
SUB TOTAL 143382.98
Discount 7169.15
GRAND TOTAL 136213.83
Terms & Condition
1) Goods once sold will not be taken back or exchanged
2) Any warranty claim will not be accepted without warranty card
3) Payment to be made within 30 days
"
7632356-Rajesh-Verma.pdf,"INVOICE # 7632356 INVOICE DATE 06/06/2023
P.O.# 7306
BILL TO Vasan Eye Care
Rajesh Verma 44, 3rd Floor, JNC Road,
12, Pine Crescent, Indore, Madhya Koramangala 5th Block, Bangalore
Pradesh, India - 560095
QTY DESCRIPTION UNIT PRICE AMOUNT
2 Lenskart Polarized Wayfarer Sunglasses 2,599.00 5,198.00
3 Vincent Chase Full Rim Spectacle Frames 1,399.00 4,197.00
Subtotal 9,395.00
GST 18.0% 1,691.10
INVOICE TOTAL < 11,086.10
Powered by Invoice Home
"
OpticalInvoice_2024-07-18_18-30-45_110.pdf,"Plot No. 45, GIDC Industrial Estate, Vatva, Ahmedabad, Gujarat
OPTICAL GLASSES GSTIN: 27AJHCU1234L1ZA
PERFECTING YOUR EYE PAN: RTRBG5397G
SN CeomA Invoice Date Order No Order Date Ref No Ref Date SDYocreTiPLaCIyIy Dispatch Through
1493 18-02-2023 EC1364 16-02-2023 1307 18-02-2023
Bill To Ship To
Preeti Malhotra Preeti Malhotra
91 Ruby Residency, Infocity Road, Near GMDC Ground, Gujarat-382421 91 Ruby Residency, Infocity Road, Near GMDC Ground, Gujarat-382421
State: Maharashtra State: Maharashtra
GSTIN: 24URQVF9549H1Z6 PAN: BXYYD4977X GSTIN: 24URQVF9549H1Z6 PAN: BXYYD4977X
| Sr.no_| Item Description | HSN [| Rate — || Batch ~— || Qty | CGST scsT_ | Amount
1 Ray-Ban Aviator Classic 8144 2488.00 20230218-585 14 3134.88 3134.88 41101.76
Sunglasses
2 Fastrack Gradient Wayfarer | 136 2130.00 20230218-104 17 3258.90 3258.90 42727.80
Sunglasses
Tommy Hilfiger Men's Wayfarer] 5.55 1531.00 20230218-031 2755.80 2755.80 36131.60
Sunglasses
SUB TOTAL 119961.16
Discount 5998.06
GRAND TOTAL 113963.10
Terms & Condition
1) Goods once sold will not be taken back or exchanged
2) Any warranty claim will not be accepted without warranty card
3) Payment to be made within 30 days
"
12090-Rahul-Bhardwaj.pdf,"LensCrafters
No. 25, 3rd Floor, Orion Mall, Brigade Gateway, Dr. Rajkumar Road,
Malleshwaram, Bangalore - 560055

Bill To Invoice # 12090

Rahul Bhardwaj Invoice Date 10/12/2023

Ke Maple Drive, Trivandrum, P.O# 390
erala, India

2 Calvin Klein Aviator Sunglasses 2,299.00 4,598.00

2 Ray-Ban Round Metal Sunglasses 2,799.00 5,598.00

Subtotal 10,196.00

GST 18.0% 1,835.28

TOTAL V/s // X 12,031.28
"
ApexInvoice_2024-07-18_18-28-20_93.pdf,"Wo APEX EYEWEAR
APEX WEAR
New Hind House, Narottam Morarjee Marg, Ballard Estate, Tax Invoice
Mumbai, Maharashtra
GSTIN: 27AAACR7147G1ZQ
[Name [| _______AmitKapoor || vole No [1275
rsete [Carat
PPanNo. | uaLTSasT «|S Ref
station (Surat
[Name [Amit Kapoor
Gujarat-360001 Payment
sete [Cat
| PanNow | HUALHIS4ST
[em ”™~*~<~drtCSCS<iSYT «dC | Pee | rT | To
[Tommy Hilfiger Women's Oval Sunglasses | 6262 | _Ta00% | 90 | 15700 | 254340] 1667340 _
es
es es
Sub Total 59826.00
Terms & Conditions Discount 2991.30
1. Goods once sold will not be taken back or exchanged.
2. Please make the payment within 30 days. Grand Total 56834.70
[Authorised signature] OOOOOSCSCSCS
"
OpticalInvoice_2024-07-18_18-28-58_3.pdf,"Plot No. 45, GIDC Industrial Estate, Vatva, Ahmedabad, Gujarat
OPTICAL GLASSES GSTIN: 27AJHCU1234L1ZA
PERFECTING YOUR EYE PAN: RTRBG5397G
SN CeomA Invoice Date Order No Order Date Ref No Ref Date SDYocreTiPLaCIyIy Dispatch Through
1114 02-12-2023 EC1019 30-11-2023 1863 02-12-2023
Bill To Ship To
Rahul Yadav Rahul Yadav
78 Sapphire Hills, Kotecha Chowk, Near Kotecha Stadium, Gujarat-360002 78 Sapphire Hills, Kotecha Chowk, Near Kotecha Stadium, Gujarat-360002
State: Maharashtra State: Maharashtra
GSTIN: 24FIYXP6070Z1Z4 PAN: QWENL5784I GSTIN: 24FIYXP6070Z1Z4 PAN: QWENL5784I
| Sr.no_| Item Description | HSN | Rate | Batch ~—|_ Qty | CGST sestT_ | Amount
1 . . 7297 2024.00 20231202-884 15 2732.40 2732.40 35824.80
Calvin Klein Square Sunglasses
2 . 7642 3750.00 20231202-250 14 4725.00 4725.00 61950.00
Prada Men’s Aviator Sunglasses
3 . . 8979 1305.00 20231202-015 10 1174.50 1174.50 15399.00
Maui Jim Polarized Sunglasses
SUB TOTAL 113173.80
Discount 5658.69
GRAND TOTAL 107515.11
Terms & Condition
1) Goods once sold will not be taken back or exchanged
2) Any warranty claim will not be accepted without warranty card
3) Payment to be made within 30 days
"
ApexInvoice_2024-07-18_18-26-58_11.pdf,"Wo APEX EYEWEAR
APEX WEAR
New Hind House, Narottam Morarjee Marg, Ballard Estate, Tax Invoice
Mumbai, Maharashtra
GSTIN: 27AAACR7147G1ZQ
[Name | ————Aruiatver |S |v [1210
rsete [Carat
pPanNow | ecuiezoop_— | RefNo B80
station surat
[Name] Araer
Gujarat-360001 Payment
sete [Cat
[Pano | —C@IGROOP
[em ”™~*~<~drtCSCS<iSYT «dC | Pee | rT | To
es
es es
Sub Total 73543.50
Terms & Conditions Discount 3677.18
1. Goods once sold will not be taken back or exchanged.
2. Please make the payment within 30 days. Grand Total 69866.33
[Authorised signature] OOOOOSCSCSCS
"
OpticalInvoice_2024-07-18_18-30-48_113.pdf,"Plot No. 45, GIDC Industrial Estate, Vatva, Ahmedabad, Gujarat
OPTICAL GLASSES GSTIN: 27AJHCU1234L1ZA
PERFECTING YOUR EYE PAN: RTRBG5397G
SN CeomA Invoice Date Order No Order Date Ref No Ref Date SDYocreTiPLaCIyIy Dispatch Through
1428 24-12-2023 EC1272 22-12-2023 1070 24-12-2023
Bill To Ship To
Mansi Gupta Mansi Gupta
89 Sapphire Palace, Sadhu Vaswani Road, Near Racecourse, Gujarat-360005 89 Sapphire Palace, Sadhu Vaswani Road, Near Racecourse, Gujarat-360005
State: Maharashtra State: Maharashtra
GSTIN: 24GQOZN3296Q1Z8 PAN: TOGNA2734U GSTIN: 24GQOZN3296Q1Z8 PAN: TOGNA2734U
| Sr.no_| Item Description | HSN [| Rate — || Batch ~— || Qty | CGST scsT_ | Amount
1 Calvin Klein Men's Rectangular | 74-4 1524.00 20231224-994 16 2194.56 2194.56 28773.12
Sunglasses
2 Carrera Unisex-Adult 8649 3336.00 20231224-314 13 3903.12 3903.12 51174.24
Rectangular Sunglasses
3 Tommy Hilfiger Men's 8755 3775.00 20231224-930 1 3737.25 3737.25 48999.50
Rectangular Sunglasses
SUB TOTAL 128946.86
Discount 6447.34
GRAND TOTAL 122499.52
Terms & Condition
1) Goods once sold will not be taken back or exchanged
2) Any warranty claim will not be accepted without warranty card
3) Payment to be made within 30 days
"
OpticalInvoice_2024-07-18_18-30-51_116.pdf,"Plot No. 45, GIDC Industrial Estate, Vatva, Ahmedabad, Gujarat
OPTICAL GLASSES GSTIN: 27AJHCU1234L1ZA
PERFECTING YOUR EYE PAN: RTRBG5397G
SN CeomA Invoice Date Order No Order Date Ref No Ref Date SDYocreTiPLaCIyIy Dispatch Through
1951 18-08-2023 EC1089 16-08-2023 1575 18-08-2023
Bill To Ship To
Ashok Kumar Ashok Kumar
23 Pearl Point, Science City Road, Near SG Highway, Gujarat-380060 23 Pearl Point, Science City Road, Near SG Highway, Gujarat-380060
State: Maharashtra State: Maharashtra
GSTIN: 24MHMXI5631Y1Z8 PAN: VUDMX4759X GSTIN: 24MHMXI5631Y1Z8 PAN: VUDMX4759X
| Sr.no_| Item Description | HSN | Rate ~—|_—Batch_~—s|_ Qty (| CGST scst_ | Amount
1 Vogue Women’s Round 8391 3980.00 20230818-895 15 5373.00 | 5373.00 70446.00
Sunglasses
2 8231 1889.00 20230818-668 11 1870.11 1870.11 24519.22
Persol Rectangular Sunglasses
3 Carrera Women's Aviator 7688 4418.00 20230818-111 18 7157.16 | 7157.16 93838.32
Sunglasses
SUB TOTAL 188803.54
Discount 9440.18
GRAND TOTAL 179363.36
Terms & Condition
1) Goods once sold will not be taken back or exchanged
2) Any warranty claim will not be accepted without warranty card
3) Payment to be made within 30 days
"
B-4704-Neha-Gupta.pdf,"INVOICE # B/4704 INVOICE DATE 04/07/2023
P.O.# 09484
BILL TO Ben Franklin Opticians
Neha Gupta 438, 17th Main, 4th T Block,
23, Hibiscus Street, Bhopal, Madhya Jayanagar, Bangalore - 560041
Pradesh, India
oun 4 DESCRIPTION UNIT PRICE AMOUNT
3 Lenskart Air Wrap-Around Sunglasses 1,999.00 5,997.00
3 Vincent Chase Blue Cut Computer Glasses 1,099.00 3,297.00
Subtotal 9,294.00
GST 18.0% 1,672.92
INVOICE TOTAL X 10,966.92
Powered by Invoice Home
"
7322-Meera-Kapoor.pdf,"John Jacobs Eyewear INVOICE
2nd Floor, Garuda Mall, Magrath Road, Ashok Nagar, Bangalore - 560025
Bill To Invoice # 7322
Meera Kapoor Invoice Date 02/08/2023
19, Rosewood Lane, Jaipur,
Rajasthan, India P.O# 242
DESCRIPTION UNIT PRICE AMOUNT
Carrera Polarized Rectangular Sunglasses 3,099.00 6,198.00
Vincent Chase Rimless Spectacle Frames 1,199.00 3,597.00
Subtotal 9,795.00
GST 18.0% 1,763.10
Powered by Invoice Home
"
ApexInvoice_2024-07-18_18-27-21_34.pdf,"APEX WEAR
New Hind House, Narottam Morarjee Marg, Ballard Estate, Tax Invoice
Mumbai, Maharashtra
GSTIN: 27AAACR7147G1ZQ
Bill To Invoice Details
|State | Gujarat £1628
GST No. 24DRRAV9112U1Z7 06-09-2023
ship To [station (surat
23 Pearl Palace, Navrangpura Road, Near CG Square, Gujarat-380009 Terms of
Address 30Days
Payment
GST No. 24DRRAV9112U1Z7 9631
[em ”™~*~<~drtCSCS<iSYT «dC | Pee | rT | To
Fossil Women’s Cat-Eye Sunglasses 8366 3852.00
Lenskart Air Wrap-Around Sunglasses 2088.00 | 1368.00
IDEAL Spectacle Frames for Men & Women 168.00 16850.40
Sub Total 71667.30
Terms & Conditions Discount 3583.37
1. Goods once sold will not be taken back or exchanged.
2. Please make the payment within 30 days. Grand Total 68083.94
Authorised signature Lo
"
ApexInvoice_2024-07-18_18-27-51_64.pdf,"APEX WEAR
New Hind House, Narottam Morarjee Marg, Ballard Estate, Tax Invoice
Mumbai, Maharashtra
GSTIN: 27AAACR7147G1ZQ
Bill To Invoice Details
jState | Garat E1121
GST No. 24MSCER5359L1Z9 24-06-2023
| Pan No. | GBTCL2651H [RefNo 140
ship To [station (surat
34 Emerald Valley, Old Padra Road, Near Inox Multiplex, Gujarat-390020 Terms of
Address 30Days
Payment
GST No. 24MSCER5359L1Z9 9328
[em ”™~*~<~drtCSCS<iSYT «dC | Pee | rT | To
Polarized Wrap Around Sports Sunglasses 5079.90
IDEAL Spectacle Frames for Men & Women | 7069 | 18.00% | 90 | 545.00 | 8829.00| 57879.00
Sub Total 68758.60
Terms & Conditions Discount 3437.93
1. Goods once sold will not be taken back or exchanged.
2. Please make the payment within 30 days. Grand Total 65320.67
Authorised signature Lo
"
141491-Alok-Mehta.pdf,"Lawrence and Mayo

4, Near MG Road Metro Station, MG Road, Bangalore - 560001

BILL TO INVOICE # 141491

Alok Mehta INVOICE DATE 01/10/2023

33, Peony Place, Indore, Madhya PO# 8473

Pradesh, India

i X 12,267.2

Invoice Total ,26/.28

QTY DESCRIPTION UNIT PRICE AMOUNT

2 Ray-Ban Aviator Classic Sunglasses 2,999.00 5,998.00

2 Fastrack UV Protected Aviator Sunglasses 2,199.00 4,398.00

Subtotal 10,396.00

GST 18.0% 1,871.28
"
ApexInvoice_2024-07-18_18-27-19_32.pdf,"APEX WEAR
New Hind House, Narottam Morarjee Marg, Ballard Estate, Tax Invoice
Mumbai, Maharashtra
GSTIN: 27AAACR7147G1ZQ
Bill To Invoice Details
GST No. 24QYUOI9279U1Z5 10-09-2023
| Pan No. FXGHWSS512E p RefNo [112
ship To [station surat
78 Sapphire Residency, Waghodia Road, Near Ambe Vidyalaya, Gujarat- Terms of
GST No. 24QYUOI9279U1Z5 9950
| Pan No. FXGHWSS512E 13-10-2023
[em ”™~*~<~drtCSCS<iSYT «dC | Pee | rT | To
Prada Polarized Round Sunglasses 8866 6867.60
Carrera Men‘s Rectangular Sunglasses 3433.80
Sub Total 36485.60
Terms & Conditions Discount 1824.28
1. Goods once sold will not be taken back or exchanged.
2. Please make the payment within 30 days. Grand Total 34661.32
Authorised signature Lo
"
04354-Suman-Mishra.pdf,"Trendy Eyes INVOICE
No 324, 1st Floor, 9th Main, 1st Block, HRBR Layout, Bangalore - 560043
Bill To Invoice # 04354
Suman Mishra Invoice Date 04/07/2023
65, Poppy Path, Ranchi, Jharkhand,
; P.0O.# 2934
India
DESCRIPTION UNIT PRICE AMOUNT
Calvin Klein Aviator Sunglasses 3,099.00 6,198.00
Ray-Ban Round Metal Sunglasses 2,799.00 5,598.00
Subtotal 11,796.00
GST 18.0% 2,123.28
TOTAL X 13,919.28
Powered by Invoice Home
"
Invoice_2024-06-24_11-26-14_76.pdf,"Invoice details:
Invoice no.: 941
Date issued: 01-05-2020
Invoice From :
Specsworld Opticians
45, 4th Main, Jayamahal Extension, Mumbai - 400005 GSTIN: 29AADCS3456G1ZR
specsworldopticians@gmail.com Pan: RFRBG7060G
Contact no.: 9900232338 State: Maharashtra
Invoice To:
Snehal Patel
18, Hibiscus Lane GSTIN: 24WXVPE4546G1Z7
Bangalore Pan: XQVZA2997H
Contact no.: 9415356755 Email: snehalpatel@gmail.com State: Karnataka
Item Name HSN/SAC Qty Unit Price IGST Amount
Puma Men’s
Wayfarer Sunglasses 9007 2 1772.00 18% 3544.00
Oakley Men’s
Rectangular
Sunglasses 9006 3 4012.00 18% 12036.00
Ray-Ban Aviator
Classic Sunglasses 9008 1 1771.00 18% 1771.00
Sub total 17351.00
IGST 18% 3123.18
Grand Total 20474.18
Terms & Conditions
1. Payment terms are valid thirty (20) days from the date of this invoice, subject to a %2 of 2%
discount if paid within ten (10) days of the date of this invoice.
2. 30 days limited warranty unless stated otherwise in this invoice.
3. Balance due within 15 days of Invoice date. There shall be 10% Interest per Month thereafter.
4. A copy of this invoice is required, otherwise the warranty process stated herein will be delayed.
"
OpticalInvoice_2024-07-18_18-30-46_111.pdf,"Plot No. 45, GIDC Industrial Estate, Vatva, Ahmedabad, Gujarat
OPTICAL GLASSES GSTIN: 27AJHCU1234L1ZA
PERFECTING YOUR EYE PAN: RTRBG5397G
SN CeomA Invoice Date Order No Order Date Ref No Ref Date SDYocreTiPLaCIyIy Dispatch Through
1375 11-05-2023 EC1984 09-05-2023 1529 11-05-2023
Bill To Ship To
Rajesh Verma Rajesh Verma
45 Sapphire Plaza, Adalaj Road, Near Adalaj Stepwell, Gujarat-382421 45 Sapphire Plaza, Adalaj Road, Near Adalaj Stepwell, Gujarat-382421
State: Maharashtra State: Maharashtra
GSTIN: 24GVMWU7580M1Z4_ PAN: FHLTB2423Z GSTIN: 24GVMWU7580M1Z4_ PAN: FHLTB2423Z
| Sr.no_| Item Description | HSN | Rate ~—|_—Batch_~—s|_ Qty (| CGST scst_ | Amount
1 Carrera Unisex-Adult 8428 3893.00 20230511-956 17 5956.29 | 5956.29 78093.58
Rectangular Sunglasses
Gucci Women’s Wayfarer
2 8570 2398.00 20230511-149 14 3021.48 3021.48 39614.96
Sunglasses
3 7261 2627.00 20230511-474 15 3546.45 3546.45 46497.90
Persol Rectangular Sunglasses
SUB TOTAL 164206.44
Discount 8210.32
GRAND TOTAL 155996.12
Terms & Condition
1) Goods once sold will not be taken back or exchanged
2) Any warranty claim will not be accepted without warranty card
3) Payment to be made within 30 days
"
7632352-Meera-Kapoor.pdf,"INVOICE # 7632352 INVOICE DATE 02/06/2023
P.O.# 7302
BILL TO Vasan Eye Care
Meera Kapoor 44, 3rd Floor, JNC Road,
19, Rosewood Lane, Jaipur, Koramangala 5th Block, Bangalore
Rajasthan, India - 560095
oun 4 DESCRIPTION UNIT PRICE AMOUNT
2 Gucci Oversized Square Sunglasses 3,099.00 6,198.00
2 Ray-Ban Wayfarer Sunglasses 3,399.00 6,798.00
Subtotal 12,996.00
GST 18.0% 2,339.28
INVOICE TOTAL X 15,335.28
Powered by Invoice Home
"
Invoice_2024-06-24_11-26-03_65.pdf,"Invoice details:
Invoice no.: 233
Date issued: 27-09-2020
Invoice From :
Specsworld Opticians
45, 4th Main, Jayamahal Extension, Mumbai - 400005 GSTIN: 29AADCS3456G1ZR
specsworldopticians@gmail.com Pan: RFRBG7060G
Contact no.: 9900232338 State: Maharashtra
Invoice To:
Rina Das
25, Cypress Boulevard GSTIN: 24TCDJR1424B1Z7
Belgaum Pan: IEGVL5476U
Contact no.: 9784496988 Email: rinadas@gmail.com State: Karnataka
Item Name HSN/SAC Qty Unit Price IGST Amount
Calvin Klein Square
Sunglasses 9004 3 1789.00 18% 5367.00
Oakley Men’s
Rectangular
Sunglasses 9006 1 4054.00 18% 4054.00
Polarized Wrap
Around Sports
Sunglasses 9005 2 3199.00 18% 6398.00
Sub total 15819.00
IGST 18% 2847.42
Grand Total 18666.42
Terms & Conditions
1. Payment terms are valid thirty (20) days from the date of this invoice, subject to a Y2 of 2%
discount if paid within ten (10) days of the date of this invoice.
2. 30 days limited warranty unless stated otherwise in this invoice.
3. Balance due within 15 days of Invoice date. There shall be 10% Interest per Month thereafter.
4. A copy of this invoice is required, otherwise the warranty process stated herein will be delayed.
"
PerfectVisionInvoice_2024-07-08_18-32-37_6.pdf,"INVOICE os
Perfect Vision Opticals
28, 1st Floor, 2nd Cross, 1st Block, RT Nagar, Mumbai-400050
GSTIN: 28AJHCU1234L1ZA PAN: RFRBG5397G
Invoice No: 27298 BILL TO
Invoice Date: 03-11-2021 Sangeeta Rao
P.O.No: 4803 21, Marigold Drive
P.O.Date: 01-11-2021 Bangalore
Ref No: 6808 Pan No: VVAJS7373P
Ref Date: 03-11-2021 Mobile No: 9603368496
Email: sangeetarao@gmail.com
GSTIN: 24WGNWG7503B1Z24
Description In Detail Code Qty Price IGST Discount Total
Fastrack Gradient Wayfarer 3
Sunglasses 9005 2 2898.00 18% 289.80 5506.20
Bobster Eyewear Fuel 6
Photochromic Goggles 9005 1 4552.00 18% 227.60 4324.40
Carrera Unisex-Adult °
Rectangular Sunglasses 9006 2 3707.00 18% 370.70 7043.30
TOTAL 888.10 16873.90
Sub Total 16873.90
IGST @ 18% 3037.30
Grand Total 19911.20
PAYMENT METHOD
we Accept the PayPal, Master Card, VISA and E- Wallets
Terms & Condition:
1. Goods Once Sold Will Not be Taken Back
2. Goods Can be Exchanged During 2:00 pm to 4:00 pm
Thank you for business & visit Again
"
Invoice_2024-06-24_11-25-44_46.pdf,"Invoice details:
Invoice no.: 576
Date issued: 29-08-2020
Invoice From :
Specsworld Opticians
45, 4th Main, Jayamahal Extension, Mumbai - 400005 GSTIN: 29AADCS3456G1ZR
specsworldopticians@gmail.com Pan: RFRBG7060G
Contact no.: 9900232338 State: Maharashtra
Invoice To:
Sunil Kumar
23, Marigold Lane GSTIN: 24JQBQF7979J1Z5
Bangalore Pan: ADCXG91711
Contact no.: 9878044984 Email: sunilkumar@gmail.com State: Karnataka
Item Name HSN/SAC Qty Unit Price IGST Amount
Fitovers Polarized
Sunglasses 9006 2 1563.00 18% 3126.00
Carrera Unisex-Adult
Rectangular
Sunglasses 9007 2 1493.00 18% 2986.00
Polarized Wrap
Around Sports
Sunglasses 9005 3 3407.00 18% 10221.00
Sub total 16333.00
IGST 18% 2939.94
Grand Total 19272.94
Terms & Conditions
1. Payment terms are valid thirty (20) days from the date of this invoice, subject to a Y2 of 2%
discount if paid within ten (10) days of the date of this invoice.
2. 30 days limited warranty unless stated otherwise in this invoice.
3. Balance due within 15 days of Invoice date. There shall be 10% Interest per Month thereafter.
4. A copy of this invoice is required, otherwise the warranty process stated herein will be delayed.
"
Invoice_2024-06-24_11-26-15_77.pdf,"Invoice details:
Invoice no.: 813
Date issued: 26-02-2020
Invoice From :
Specsworld Opticians
45, 4th Main, Jayamahal Extension, Mumbai - 400005 GSTIN: 29AADCS3456G1ZR
specsworldopticians@gmail.com Pan: RFRBG7060G
Contact no.: 9900232338 State: Maharashtra
Invoice To:
Shraddha Joshi
83, Maple Boulevard GSTIN: 24YMBUP4122S1Z3
Hubli Pan: PZWMU2104S
Contact no.: 9152310996 Email: shraddhajoshi@gmail.com State: Karnataka
Item Name HSN/SAC Qty Unit Price IGST Amount
Fastrack Gradient
Wayfarer Sunglasses 9006 3 4679.00 18% 14037.00
Puma Men’s
Wayfarer Sunglasses 9006 2 1960.00 18% 3920.00
Persol Rectangular
Sunglasses 9008 3 4000.00 18% 12000.00
Sub total 29957.00
IGST 18% 5392.26
Grand Total 35349.26
Terms & Conditions
1. Payment terms are valid thirty (20) days from the date of this invoice, subject to a %2 of 2%
discount if paid within ten (10) days of the date of this invoice.
2. 30 days limited warranty unless stated otherwise in this invoice.
3. Balance due within 15 days of Invoice date. There shall be 10% Interest per Month thereafter.
4. A copy of this invoice is required, otherwise the warranty process stated herein will be delayed.
"
Invoice_2024-06-24_11-26-24_86.pdf,"Invoice details:
Invoice no.: 167
Date issued: 06-03-2020
Invoice From :
Specsworld Opticians
45, 4th Main, Jayamahal Extension, Mumbai - 400005 GSTIN: 29AADCS3456G1ZR
specsworldopticians@gmail.com Pan: RFRBG7060G
Contact no.: 9900232338 State: Maharashtra
Invoice To:
Neeraj Sethi
27, Cedar Crescent GSTIN: 24TTEMA9616D12Z5
Hubli Pan: KAACW9111Z
Contact no.: 9508452760 Email: neerajsethi@gmail.com State: Karnataka
Item Name HSN/SAC Qty Unit Price IGST Amount
Oakley Men’s
Rectangular
Sunglasses 9007 2 3902.00 18% 7804.00
Tommy Hilfiger UV
Protected Square
Sunglasses 9005 3 4066.00 18% 12198.00
John Jacobs Gold-
Rimmed Aviator
Sunglasses 9005 1 1010.00 18% 1010.00
Sub total 21012.00
IGST 18% 3782.16
Grand Total 24794.16
Terms & Conditions
1. Payment terms are valid thirty (20) days from the date of this invoice, subject to a Y2 of 2%
discount if paid within ten (10) days of the date of this invoice.
2. 30 days limited warranty unless stated otherwise in this invoice.
3. Balance due within 15 days of Invoice date. There shall be 10% Interest per Month thereafter.
4. A copy of this invoice is required, otherwise the warranty process stated herein will be delayed.
"
ApexInvoice_2024-07-18_18-28-35_108.pdf,"APEX WEAR
New Hind House, Narottam Morarjee Marg, Ballard Estate, Tax Invoice
Mumbai, Maharashtra
GSTIN: 27AAACR7147G1ZQ
Bill To Invoice Details
jState | Garat E1722
GST No. 24YANUS9676T1Z5 21-10-2023
ship To [station (surat
12 Sapphire Tower, Satellite Road, Near AlphaOne Mall, Gujarat-380015 Terms of
Address 30Days
Payment
GST No. 24YANUS9676T1Z5 9033
[em ”™~*~<~drtCSCS<iSYT «dC | Pee | rT | To
Emporio Armani Unisex-Adult Sunglasses 313.00 12926.90
Carrera Unisex-Adult Rectangular Sunglasses 193.00 6832.20
Police UV Protected Square Sunglasses 7062.30
Sub Total 45618.80
Terms & Conditions Discount 2280.94
1. Goods once sold will not be taken back or exchanged.
2. Please make the payment within 30 days. Grand Total 43337.86
Authorised signature Lo
"
OpticalInvoice_2024-07-18_18-30-54_119.pdf,"Plot No. 45, GIDC Industrial Estate, Vatva, Ahmedabad, Gujarat
OPTICAL GLASSES GSTIN: 27AJHCU1234L1ZA
PERFECTING YOUR EYE PAN: RTRBG5397G
SN CeomA Invoice Date Order No Order Date Ref No Ref Date SDYocreTiPLaCIyIy Dispatch Through
1062 02-08-2023 EC1672 31-07-2023 1316 02-08-2023
Bill To Ship To
Sneha Rao Sneha Rao
78 Crystal Heights, Subhanpura Road, Near Sardar Patel Stadium, Gujarat- 78 Crystal Heights, Subhanpura Road, Near Sardar Patel Stadium, Gujarat-390007
390007
State: Maharashtra State: Maharashtra
GSTIN: 24MCDLN208801Z1 PAN: TFPOQ9193A GSTIN: 24MCDLN208801Z1 PAN: TFPOQ9193A
| Sr.no_| Item Description | HSN | Rate ~—|_—Batch_~—s|_ Qty (| CGST scst_ | Amount
1 Police UV Protected Aviator | 5365 977.00 20230802-237 20 1758.60 | 1758.60 23057.20
Sunglasses
Nova Bluecut Eyeglasses (Zero
2 8904 2311.00 20230802-185 14 2911.86 2911.86 38177.72
Power)
3 Polarized Wrap Around Sports | 7.45 4901.00 20230802-531 15 6616.35 6616.35 86747.70
Sunglasses
SUB TOTAL 147982.62
Discount 7399.13
GRAND TOTAL 140583.49
Terms & Condition
1) Goods once sold will not be taken back or exchanged
2) Any warranty claim will not be accepted without warranty card
3) Payment to be made within 30 days
"
ApexInvoice_2024-07-18_18-28-41_114.pdf,"VW APEX EYEWEAR
APEX WEAR
New Hind House, Narottam Morarjee Marg, Ballard Estate, Tax Invoice
Mumbai, Maharashtra
GSTIN: 27AAACR7147G1ZQ
[Name [ ______AmitKapoor || vole No [1498
rsete [Carat
pPanNow | Yupresse2w | RefNo
station (Surat
[Name [Amit Kapoor
Gujarat-360001 Payment
a
[Pano | _____—*YUBRESB@QW
Cem SC~*dSCiaSN YT ys | Price | GST | Total
es
es es
Sub Total 34361.60
Terms & Conditions Discount 1718.08
1. Goods once sold will not be taken back or exchanged.
2. Please make the payment within 30 days. Grand Total 32643.52
[Authorised signature] OOOOOSCSCSCS
"
ApexInvoice_2024-07-18_18-27-14_27.pdf,"VW APEX EYEWEAR
APEX WEAR
New Hind House, Narottam Morarjee Marg, Ballard Estate, Tax Invoice
Mumbai, Maharashtra
GSTIN: 27AAACR7147G1ZQ
[Name [| ———MansiGupta |S |v [1015
sete [Carat
pPanNow | MGMVHi40oT =| RefNo 80
station surat
[Name MansiGupia
360005 Payment
a
[Panne [| ——SGMV40OT
[em ”™~*~<~drtCSCS<iSYT «dC | Pee | rT | To
[Nova Bluecut Eyeglasses Zero Powe | 7906 | 180% | 90 | 22400 | a7s080| 2485000
[Tommy Hiiger Men's Wayfarer Sunglasses | 7175 | Taoo% | 60 | 5800 | e3520 | sa7520_|
es
es es
Sub Total 80269.50
Terms & Conditions Discount 4013.48
1. Goods once sold will not be taken back or exchanged.
2. Please make the payment within 30 days. Grand Total 76256.03
[Authorised signature] OOOOOSCSCSCS
"
ApexInvoice_2024-07-18_18-27-45_58.pdf,"VW APEX EYEWEAR
APEX WEAR

New Hind House, Narottam Morarjee Marg, Ballard Estate, Tax Invoice

Mumbai, Maharashtra

GSTIN: 27AAACR7147G1ZQ

[Name | _———Aunatel_——— || vole No [1064

390007

sete [Carat

PPanNo. | —uvaccrsoon «dCi eff

station ‘surat

[Name] AunPatel

390007 Payment

sete [Cat

[Pano | ——=SGGCTBOOR

[em ”™~*~<~drtCSCS<iSYT «dC | Pee | rT | To

es

es es
Sub Total 131263.20

Terms & Conditions Discount 6563.16

1. Goods once sold will not be taken back or exchanged.

2. Please make the payment within 30 days. Grand Total 124700.04

[Authorised signature] OOOOOSCSCSCS
"
1445-Rakesh-Sharma.pdf,"FROM BILL T0
Specsmakers Opticians Rakesh Sharma
1075, 12th Main, HAL 2nd Stage, 67, Violet Avenue, Kolkata, West
Indiranagar, Bangalore - 560008 Bengal, India
INVOICE # INVOICE DATE P.0.#
1445 05/02/2023 94825
ary DESCRIPTION UNIT PRICE AMOUNT
3 IDEAL Full Rim Spectacle Frames 899.00 2,697.00
2 Police Wrap Around Sports Sunglasses 3,099.00 6,198.00
Subtotal 8,895.00
GST 18.0% 1,601.10
Total = 10,496.10
Powered. by Invoice Home
"
ApexInvoice_2024-07-18_18-28-44_117.pdf,"APEX WEAR
New Hind House, Narottam Morarjee Marg, Ballard Estate, Tax Invoice
Mumbai, Maharashtra
GSTIN: 27AAACR7147G1ZQ
Bill To Invoice Details
Gujarat-382424
GST No. 24CIWDX8416Q1Z2 21-11-2023
ship To [station (surat
45 Ruby Residency, Chandkheda Road, Near Gandhinagar Highway, Terms of
GST No. 24CIWDX8416Q1Z2 9091
[em ”™~*~<~drtCSCS<iSYT «dC | Pee | rT | To
Fossil Men's Square Sunglasses 353.00 | 1906.20
Gucci Men's Aviator Sunglasses 328.00 27092.80
Sub Total 66616.90
Terms & Conditions Discount 3330.85
1. Goods once sold will not be taken back or exchanged.
2. Please make the payment within 30 days. Grand Total 63286.06
Authorised signature Lo
"
ApexInvoice_2024-07-18_18-28-16_89.pdf,"APEX WEAR
New Hind House, Narottam Morarjee Marg, Ballard Estate, Tax Invoice
Mumbai, Maharashtra
GSTIN: 27AAACR7147G1ZQ
Bill To Invoice Details
Gujarat-380015
GST No. 24LYOEQ9001H1Z3 04-11-2023
ship To [station (surat
12 Sapphire Heights, Prahladnagar Road, Near Prahladnagar Garden, Terms of
GST No. 24LYOEQ9001H1Z3 9515
[em ”™~*~<~drtCSCS<iSYT «dC | Pee | rT | To
Diesel Women’s Rectangular Sunglasses 3504.60
Ray-Ban Women’s Aviator Sunglasses 384.00 | 3456.00 22656.00
Prada Men’s Aviator Sunglasses | 8821s | 18.00% | 90 | 123.00 | 1992.60]  13062.60
Sub Total 50498.10
Terms & Conditions Discount 2524.91
1. Goods once sold will not be taken back or exchanged.
2. Please make the payment within 30 days. Grand Total 47973.20
Authorised signature Lo
"
OpticalInvoice_2024-07-18_18-29-08_13.pdf,"Plot No. 45, GIDC Industrial Estate, Vatva, Ahmedabad, Gujarat
OPTICAL GLASSES GSTIN: 27AJHCU1234L1ZA
PERFECTING YOUR EYE PAN: RTRBG5397G
SN CeomA Invoice Date Order No Order Date Ref No Ref Date SDYocreTiPLaCIyIy Dispatch Through
1525 28-05-2023 EC1770 26-05-2023 1434 28-05-2023
Bill To Ship To
Ritu Kapoor Ritu Kapoor
91 Ruby Residency, Kalol Highway, Near GIDC Estate, Gujarat-382721 91 Ruby Residency, Kalol Highway, Near GIDC Estate, Gujarat-382721
State: Maharashtra State: Maharashtra
GSTIN: 24CIUNF807311Z3_ PAN: ZZEGO5543P GSTIN: 24CIUNF807311Z3 PAN: ZZEGO5543P
| Sr.no_| Item Description | HSN | Rate ~—|_—Batch_~—s|_ Qty (| CGST scst_ | Amount
1 Titan Men’s Wayfarer 7878 4973.00 20230528-239 12 5370.84 | 5370.84 70417.68
Sunglasses
2 . 7882 4025.00 20230528-270 19 6882.75 6882.75 90240.50
Prada Men’s Aviator Sunglasses
3 Diesel Unisex Aviator 7063 4813.00 20230528-415 15 6497.55 | 6497.55 85190.10
Sunglasses
SUB TOTAL 245848.28
Discount 12292.41
GRAND TOTAL 233555.87
Terms & Condition
1) Goods once sold will not be taken back or exchanged
2) Any warranty claim will not be accepted without warranty card
3) Payment to be made within 30 days
"
23023-Siddharth-Sharma.pdf,"Titan Eyeplus

No 13, 3rd Block, 12th Main, Koramangala, Bangalore - 560034

BILL TO INVOICE # 23023

Siddharth Sharma INVOICE DATE 03/06/2023

19, Lily Lane, Kanpur, Uttar

Pradesh, India P.O.# 23839

i X 11,323.2

Invoice Total 020.20

QTY DESCRIPTION UNIT PRICE AMOUNT

2 Carrera Unisex-Adult Rectangular Sunglasses 2,299.00 4,598.00

2 Vogue Eyewear Women’s Round Sunglasses 2,499.00 4,998.00

Subtotal 9,596.00

GST 18.0% 1,727.28
"
OpticalInvoice_2024-07-18_18-30-49_114.pdf,"Plot No. 45, GIDC Industrial Estate, Vatva, Ahmedabad, Gujarat
OPTICAL GLASSES GSTIN: 27AJHCU1234L1ZA
PERFECTING YOUR EYE PAN: RTRBG5397G
Invoice No Invoice Date Order No Order Date Ref No Ref Date Destination Dispatch Through
1988 07-09-2023 EC1234 05-09-2023 1349 07-09-2023
Bill To Ship To
Prateek Yadav Prateek Yadav
45 Ruby Residency, Chandkheda Road, Near Gandhinagar Highway, Gujarat- 45 Ruby Residency, Chandkheda Road, Near Gandhinagar Highway, Gujarat-382424
382424
State: Maharashtra State: Maharashtra
GSTIN: 2€4QDMLG3334E1Z2 PAN: VRKRG1368X GSTIN: 24QDMLG3334E1Z2 PAN: VRKRG1368X
| Sr.no_| Item Description | HSN | Rate ~—|_—Batch_~—s|_ Qty (| CGST scst_ | Amount
1 Gucci Women's Cat-Eye 8892 2648.00 20230907-014 16 3813.12 | 3813.12 49994.24
Sunglasses
Fossil Women’s Rectangular
2 8271 817.00 20230907-110 18 1323.54 1323.54 17353.08
Sunglasses
3 John Jacobs Gold-Rimmed 7418 2230.00 20230907-887 14 2809.80 | 2809.80 36839.60
Aviator Sunglasses
SUB TOTAL 104186.92
Discount 5209.35
GRAND TOTAL 98977.57
Terms & Condition
1) Goods once sold will not be taken back or exchanged
2) Any warranty claim will not be accepted without warranty card
3) Payment to be made within 30 days
"
7632351-Rohit-Chawla.pdf,"INVOICE # 7632351 INVOICE DATE 01/06/2023
P.O.# 7301
BILL TO Vasan Eye Care
Rohit Chawla 44, 3rd Floor, JNC Road,
42, Jasmine Avenue, Lucknow, Uttar Koramangala 5th Block, Bangalore
Pradesh, India - 560095
oun 4 DESCRIPTION UNIT PRICE AMOUNT
2 Emporio Armani Unisex-Adult Sunglasses 3,599.00 7,198.00
2 Calvin Klein Square Sunglasses 2,399.00 4,798.00
Subtotal 11,996.00
GST 18.0% 2,159.28
INVOICE TOTAL X 14,155.28
Powered by Invoice Home
"
ApexInvoice_2024-07-18_18-28-21_94.pdf,"APEX WEAR
New Hind House, Narottam Morarjee Marg, Ballard Estate, Tax Invoice
Mumbai, Maharashtra
GSTIN: 27AAACR7147G1ZQ
Bill To Invoice Details
|State | Gujarat E1807
GST No. 241FXLR9697E1Z7 01-03-2023
| Pan No. | OWNYG6555I P RefNo [159
04-03-2023
Ship To | Station [Surat
| Name | Alok Verma Blue Dart
23 Pearl Point, Science City Road, Near SG Highway, Gujarat-380060 Terms of
Address 30Days
Payment
GST No. 241FXLRO697E1Z7 9517
[em ”™~*~<~drtCSCS<iSYT «dC | Pee | rT | To
Tommy Hilfiger Women’s Aviator Sunglasses 3013.20
Fossil Men's Square Sunglasses 8333 1269.00 | 8319.00
Prada Polarized Round Sunglasses | 8328 | 18.00% | 60 | 274.00 | 2959.20, 19399.20
Sub Total 67212.80
Terms & Conditions Discount 3360.64
1. Goods once sold will not be taken back or exchanged.
2. Please make the payment within 30 days. Grand Total 63852.16
Authorised signature Lo
"
12099-Mira-Sethi.pdf,"LensCrafters
No. 25, 3rd Floor, Orion Mall, Brigade Gateway, Dr. Rajkumar Road,
Malleshwaram, Bangalore - 560055
Bill To Invoice # 12099
Mira Sethi Invoice Date 09/12/2023
° Sunflower Street, Amritsar, P.O# 389
unjab, India
2 Emporio Armani Round Sunglasses 2,099.00 4,198.00
2 Puma Cat Eye Sunglasses 1,799.00 3,598.00
Subtotal 7,796.00
GST 18.0% 1,403.28
TOTAL / 1 / dh X 9,199.28
"
7327-Sunita-Sharma.pdf,"John Jacobs Eyewear INVOICE
2nd Floor, Garuda Mall, Magrath Road, Ashok Nagar, Bangalore - 560025
Bill To Invoice # 7327
Sunita Sharma Invoice Date 07/08/2023
31, Marigold Drive, Bangalore,
Karnataka, India P.O# 247
DESCRIPTION UNIT PRICE AMOUNT
Fitovers Polarized Cat Eye Sunglasses 2,599.00 5,198.00
Bobster Convertible Sunglasses 2,999.00 5,998.00
Subtotal 11,196.00
GST 18.0% 2,015.28
Powered by Invoice Home
"
Invoice_2024-06-24_11-25-43_45.pdf,"Invoice details:
Invoice no.: 832
Date issued: 13-05-2020
Invoice From :
Specsworld Opticians
45, 4th Main, Jayamahal Extension, Mumbai - 400005 GSTIN: 29AADCS3456G1ZR
specsworldopticians@gmail.com Pan: RFRBG7060G
Contact no.: 9900232338 State: Maharashtra
Invoice To:
Sunita Sharma
31, Marigold Drive GSTIN: 24XDMNW2099J12Z5
Bangalore Pan: DDRFW2724D
Contact no.: 9237045548 Email: sunitasharma@gmail.com State: Karnataka
Item Name HSN/SAC Qty Unit Price IGST Amount
Vincent Chase Blue
Cut Computer
Glasses 9008 2 4445.00 18% 8890.00
Tommy Hilfiger UV
Protected Square
Sunglasses 9005 3 1036.00 18% 3108.00
Police Men’s Round
Sunglasses 9004 3 1690.00 18% 5070.00
Sub total 17068.00
IGST 18% 3072.24
Grand Total 20140.24
Terms & Conditions
1. Payment terms are valid thirty (20) days from the date of this invoice, subject to a Y2 of 2%
discount if paid within ten (10) days of the date of this invoice.
2. 30 days limited warranty unless stated otherwise in this invoice.
3. Balance due within 15 days of Invoice date. There shall be 10% Interest per Month thereafter.
4. A copy of this invoice is required, otherwise the warranty process stated herein will be delayed.
"
ApexInvoice_2024-07-18_18-28-15_88.pdf,"APEX WEAR
New Hind House, Narottam Morarjee Marg, Ballard Estate, Tax Invoice
Mumbai, Maharashtra
GSTIN: 27AAACR7147G1ZQ
Bill To Invoice Details
|State | Gujarat £1688
GST No. 24SQMPE3785L1Z3 02-04-2023
| Pan No. | QDIWNS719H P RefNo [103
05-04-2023
ship To [station (surat
78 Crystal View, Old Padra Road, Near Inox Multiplex, Gujarat-390020 Terms of
Address 30Days
Payment
GST No. 24SQMPE3785L1Z3 9216
[em ”™~*~<~drtCSCS<iSYT «dC | Pee | rT | To
Ray-Ban Polarized Aviator Sunglasses 391.00 | 2463.30] 16148.30
Sub Total 67655.30
Terms & Conditions Discount 3382.77
1. Goods once sold will not be taken back or exchanged.
2. Please make the payment within 30 days. Grand Total 64272.54
Authorised signature Lo
"
ApexInvoice_2024-07-18_18-28-24_97.pdf,"APEX WEAR
New Hind House, Narottam Morarjee Marg, Ballard Estate, Tax Invoice
Mumbai, Maharashtra
GSTIN: 27AAACR7147G1ZQ
Bill To Invoice Details
Gujarat-380015
GST No. 24HUFYV160401Z1 30-12-2022
ship To [station (surat
12 Sapphire Heights, Prahladnagar Road, Near Prahladnagar Garden, Terms of
GST No. 24HUFYV160401Z1 9985
[em ”™~*~<~drtCSCS<iSYT «dC | Pee | rT | To
Police UV Protected Aviator Sunglasses 2403.00
Fastrack Gradient Wayfarer Sunglasses 9558.00
Gucci Women’s Wayfarer Sunglasses 367.00 330.30
Sub Total 41848.70
Terms & Conditions Discount 2092.44
1. Goods once sold will not be taken back or exchanged.
2. Please make the payment within 30 days. Grand Total 39756.27
Authorised signature Lo
"
ApexInvoice_2024-07-18_18-27-44_57.pdf,"Wo APEX EYEWEAR
APEX WEAR
New Hind House, Narottam Morarjee Marg, Ballard Estate, Tax Invoice
Mumbai, Maharashtra
GSTIN: 27AAACR7147G1ZQ
[Name] —CNilesh Desai |S tvoleeNo[iata
Psete [Carat
pPanNow | XFBH2SBAH | RefNo 26
station ‘surat
[Name] ————SNilesh Desh
390018 Payment
a
a
[em ”™~*~<~drtCSCS<iSYT «dC | Pee | rT | To
es
es es
Sub Total 51961.30
Terms & Conditions Discount 2598.07
1. Goods once sold will not be taken back or exchanged.
2. Please make the payment within 30 days. Grand Total 49363.24
[Authorised signature] OOOOOSCSCSCS
"
Invoice_2024-06-24_11-26-04_66.pdf,"Invoice details:
Invoice no.: 885
Date issued: 18-12-2020
Invoice From :
Specsworld Opticians
45, 4th Main, Jayamahal Extension, Mumbai - 400005 GSTIN: 29AADCS3456G1ZR
specsworldopticians@gmail.com Pan: RFRBG7060G
Contact no.: 9900232338 State: Maharashtra
Invoice To:
Aarti Gupta
91, Cedar Path GSTIN: 24AYJZ01082D124
Mangalore Pan: JEGQJ7339R
Contact no.: 9663145231 Email: aartigupta@gmail.com State: Karnataka
Item Name HSN/SAC Qty Unit Price IGST Amount
Fastrack Gradient
Wayfarer Sunglasses 9007 3 4118.00 18% 12354.00
Emporio Armani
Unisex-Adult
Sunglasses 9005 3 4121.00 18% 12363.00
Oakley Men’s
Rectangular
Sunglasses 9005 2 2135.00 18% 4270.00
Sub total 28987.00
IGST 18% 5217.66
Grand Total 34204.66
Terms & Conditions
1. Payment terms are valid thirty (20) days from the date of this invoice, subject to a Y2 of 2%
discount if paid within ten (10) days of the date of this invoice.
2. 30 days limited warranty unless stated otherwise in this invoice.
3. Balance due within 15 days of Invoice date. There shall be 10% Interest per Month thereafter.
4. A copy of this invoice is required, otherwise the warranty process stated herein will be delayed.
"
Invoice_2024-06-24_11-26-18_80.pdf,"Invoice details:
Invoice no.: 676
Date issued: 26-12-2020
Invoice From :
Specsworld Opticians
45, 4th Main, Jayamahal Extension, Mumbai - 400005 GSTIN: 29AADCS3456G1ZR
specsworldopticians@gmail.com Pan: RFRBG7060G
Contact no.: 9900232338 State: Maharashtra
Invoice To:
Divya Gupta
38, Lotus Street GSTIN: 24UTIOH4119Q12Z3
Bangalore Pan: FLHOD3325Q
Contact no.: 9140958522 Email: divvagupta@gmail.com State: Karnataka
Item Name HSN/SAC Qty Unit Price IGST Amount
Tommy Hilfiger UV
Protected Square
Sunglasses 9008 3 3469.00 18% 10407.00
Bobster Eyewear
Fuel Photochromic
Goggles 9006 3 3612.00 18% 10836.00
Puma Men’s
Wayfarer Sunglasses 9004 1 2692.00 18% 2692.00
Sub total 23935.00
IGST 18% 4308.30
Grand Total 28243.30
Terms & Conditions
1. Payment terms are valid thirty (20) days from the date of this invoice, subject to a Y2 of 2%
discount if paid within ten (10) days of the date of this invoice.
2. 30 days limited warranty unless stated otherwise in this invoice.
3. Balance due within 15 days of Invoice date. There shall be 10% Interest per Month thereafter.
4. A copy of this invoice is required, otherwise the warranty process stated herein will be delayed.
"
Invoice_2024-06-24_11-25-06_8.pdf,"Invoice details:
Invoice no.: 834
Date issued: 21-08-2020
Invoice From :
Specsworld Opticians
45, 4th Main, Jayamahal Extension, Mumbai - 400005 GSTIN: 29AADCS3456G1ZR
specsworldopticians@gmail.com Pan: RFRBG7060G
Contact no.: 9900232338 State: Maharashtra
Invoice To:
Abhishek Roy
44, Magnolia Path GSTIN: 24GQLCC2012N12Z9
Mangalore Pan: LQGNP5372T
Contact no.: 9539654101 Email: abhishekroy@gmail.com State: Karnataka
Item Name HSN/SAC Qty Unit Price IGST Amount
Calvin Klein Square
Sunglasses 9006 1 1564.00 18% 1564.00
Polarized Wrap
Around Sports
Sunglasses 9005 1 1549.00 18% 1549.00
Vogue Eyewear
Women’s Round
Sunglasses 9004 2 1571.00 18% 3142.00
Sub total 6255.00
IGST 18% 1125.90
Grand Total 7380.90
Terms & Conditions
1. Payment terms are valid thirty (20) days from the date of this invoice, subject to a Y2 of 2%
discount if paid within ten (10) days of the date of this invoice.
2. 30 days limited warranty unless stated otherwise in this invoice.
3. Balance due within 15 days of Invoice date. There shall be 10% Interest per Month thereafter.
4. A copy of this invoice is required, otherwise the warranty process stated herein will be delayed.
"
Invoice_2024-06-24_11-26-06_68.pdf,"Invoice details:
Invoice no.: 921
Date issued: 29-04-2020
Invoice From :
Specsworld Opticians
45, 4th Main, Jayamahal Extension, Mumbai - 400005 GSTIN: 29AADCS3456G1ZR
specsworldopticians@gmail.com Pan: RFRBG7060G
Contact no.: 9900232338 State: Maharashtra
Invoice To:
Karan Desai
22, Tulip Lane GSTIN: 24LBGRK2105L1Z24
Mysore Pan: CNRGB9214W
Contact no.: 9279543869 Email: karandesai@gmail.com State: Karnataka
Item Name HSN/SAC Qty Unit Price IGST Amount
Emporio Armani
Unisex-Adult
Sunglasses 9005 3 4087.00 18% 12261.00
Nova Bluecut
Eyeglasses (Zero
Power) 9005 1 4632.00 18% 4632.00
Persol Rectangular
Sunglasses 9005 3 1500.00 18% 4500.00
Sub total 21393.00
IGST 18% 3850.74
Grand Total 25243.74
Terms & Conditions
1. Payment terms are valid thirty (20) days from the date of this invoice, subject to a Y2 of 2%
discount if paid within ten (10) days of the date of this invoice.
2. 30 days limited warranty unless stated otherwise in this invoice.
3. Balance due within 15 days of Invoice date. There shall be 10% Interest per Month thereafter.
4. A copy of this invoice is required, otherwise the warranty process stated herein will be delayed.
"
ApexInvoice_2024-07-18_18-27-08_21.pdf,"VW APEX EYEWEAR
APEX WEAR
New Hind House, Narottam Morarjee Marg, Ballard Estate, Tax Invoice
Mumbai, Maharashtra
GSTIN: 27AAACR7147G1ZQ
[Name | Snchaao |S volo [735
a
[Pano | _—aoopxsrmx Si Ref S
station ‘surat
[Name [Sneha Ra
Gujarat-390007 Payment
a
[Pano | _—sQDODKASTIX
Cem SC~*dSCiaSN YT ys | Price | GST | Total
es
es es
Sub Total 73785.40
Terms & Conditions Discount 3689.27
1. Goods once sold will not be taken back or exchanged.
2. Please make the payment within 30 days. Grand Total 70096.13
[Authorised signature] OOOOOSCSCSCS
"
ApexInvoice_2024-07-18_18-28-18_91.pdf,"VW APEX EYEWEAR
APEX WEAR

New Hind House, Narottam Morarjee Marg, Ballard Estate, Tax Invoice

Mumbai, Maharashtra

GSTIN: 27AAACR7147G1ZQ

[Name | Vikash Mehta |S vole

rsete [Carat

[Pano | —iteznooaan> «Si Ref

station —_—isurat—

[Name [Vikas Mehta

Gujarat-360005 Payment

sete [Cat

Panne. [| ——SEZND BAAD

[em ”™~*~<~drtCSCS<iSYT «dC | Pee | rT | To

[Tommy Hilger Women's AviatorSunglasses | 7149 | 180% | eo | 47700 | 60040] 2036400

[Oakley Men's Rectangular sunglasses | 6764 | Ta00% | 60 | #6700 | soaaeo| 3306360_|

[Emporio Armani Women's Aviator Sunglasses | 7684 | _1800% | 60] 35000 | 378000] 2472000

es

es es
Sub Total 101308.90

Terms & Conditions Discount 5065.45

1. Goods once sold will not be taken back or exchanged.

2. Please make the payment within 30 days. Grand Total 96243.46

[Authorised signature] OOOOOSCSCSCS
"
Invoice_2024-06-24_11-25-25_27.pdf,"Invoice details:
Invoice no.: 468
Date issued: 01-11-2020
Invoice From :
Specsworld Opticians
45, 4th Main, Jayamahal Extension, Mumbai - 400005 GSTIN: 29AADCS3456G1ZR
specsworldopticians@gmail.com Pan: RFRBG7060G
Contact no.: 9900232338 State: Maharashtra
Invoice To:
Tarun Malhotra
78, Willow Street GSTIN: 24PFCLD2771M1Z6
Bangalore Pan: SHRPY2887X
Contact no.: 9845078772 Email: tarunmalhotra@gmail.com State: Karnataka
Item Name HSN/SAC Qty Unit Price IGST Amount
Persol Rectangular
Sunglasses 9004 3 933.00 18% 2799.00
Bobster Eyewear
Fuel Photochromic
Goggles 9005 1 3625.00 18% 3625.00
Police Men’s Round
Sunglasses 9006 1 3267.00 18% 3267.00
Sub total 9691.00
IGST 18% 1744.38
Grand Total 11435.38
Terms & Conditions
1. Payment terms are valid thirty (20) days from the date of this invoice, subject to a %2 of 2%
discount if paid within ten (10) days of the date of this invoice.
2. 30 days limited warranty unless stated otherwise in this invoice.
3. Balance due within 15 days of Invoice date. There shall be 10% Interest per Month thereafter.
4. A copy of this invoice is required, otherwise the warranty process stated herein will be delayed.
"
ApexInvoice_2024-07-18_18-28-06_79.pdf,"APEX WEAR
New Hind House, Narottam Morarjee Marg, Ballard Estate, Tax Invoice
Mumbai, Maharashtra
GSTIN: 27AAACR7147G1ZQ
Bill To Invoice Details
|State | Gujarat E1002
GST No. 24JFYKD7717M1Z6 17-07-2023
| Pan No. | CAPEJ48376 [RefNo (148
20-07-2023
ship To [station surat
91 Ruby Residency, Infocity Road, Near GMDC Ground, Gujarat-382421 Terms of
Address 30Days
Payment
GST No. 24JFYKD7717M1Z6 9046
[em ”™~*~<~drtCSCS<iSYT «dC | Pee | rT | To
Police UV Protected Square Sunglasses 168.00
Prada Polarized Round Sunglasses 8980 469.80 | 3079.80
Fossil Men's Polarized Sunglasses 333.00 3929.40
Sub Total 14938.80
Terms & Conditions Discount 746.94
1. Goods once sold will not be taken back or exchanged.
2. Please make the payment within 30 days. Grand Total 14191.86
Authorised signature Lo
"
Invoice_2024-06-24_11-25-18_20.pdf,"Invoice details:
Invoice no.: 116
Date issued: 25-03-2020
Invoice From :
Specsworld Opticians
45, 4th Main, Jayamahal Extension, Mumbai - 400005 GSTIN: 29AADCS3456G1ZR
specsworldopticians@gmail.com Pan: RFRBG7060G
Contact no.: 9900232338 State: Maharashtra
Invoice To:
Neha Desai
51, Cedar Path GSTIN: 24CDQUE1993K1Z8
Hubli Pan: QKVUT2726V
Contact no.: 9686490138 Email: nehadesai@gmail.com State: Karnataka
Item Name HSN/SAC Qty Unit Price IGST Amount
Vincent Chase Blue
Cut Computer
Glasses 9007 1 1254.00 18% 1254.00
Lenskart Air Wrap-
Around Sunglasses 9007 1 1280.00 18% 1280.00
IDEAL Spectacle
Frames for Men &
Women 9005 2 3701.00 18% 7402.00
Sub total 9936.00
IGST 18% 1788.48
Grand Total 11724.48
Terms & Conditions
1. Payment terms are valid thirty (20) days from the date of this invoice, subject to a Y2 of 2%
discount if paid within ten (10) days of the date of this invoice.
2. 30 days limited warranty unless stated otherwise in this invoice.
3. Balance due within 15 days of Invoice date. There shall be 10% Interest per Month thereafter.
4. A copy of this invoice is required, otherwise the warranty process stated herein will be delayed.
"
OpticalInvoice_2024-07-18_18-29-57_62.pdf,"Plot No. 45, GIDC Industrial Estate, Vatva, Ahmedabad, Gujarat
OPTICAL GLASSES GSTIN: 27AJHCU1234L1ZA
PERFECTING YOUR EYE PAN: RTRBG5397G
SN CeomA Invoice Date Order No Order Date Ref No Ref Date SDYocreTiPLaCIyIy Dispatch Through
1305 02-02-2023 EC1186 31-01-2023 1736 02-02-2023
Bill To Ship To
Kavita Patel Kavita Patel
56 Diamond Park, Udhna Magdalla Road, Near VR Surat, Gujarat-395007 56 Diamond Park, Udhna Magdalla Road, Near VR Surat, Gujarat-395007
State: Maharashtra State: Maharashtra
GSTIN: 24HWEMT2127012Z1 PAN: SSQKV5151Z GSTIN: 24HWEMT21270121 PAN: SSQKV5151Z
| Sr.no_| Item Description | HSN | Rate | Batch ~—|_ Qty | CGST sestT_ | Amount
Tommy Hilfiger UV Protected
1 7074 4039.00 20230202-709 15 5452.65 5452.65 71490.30
Square Sunglasses
2 Diesel Women’s Square 7536 2065.00 20230202-732 17 3159.45 3159.45 41423.90
Sunglasses
Tommy Hilfiger Men’s
3 7995 4129.00 20230202-255 19 7060.59 7060.59 92572.18
Rectangular Sunglasses
SUB TOTAL 205486.38
Discount 10274.32
GRAND TOTAL 195212.06
Terms & Condition
1) Goods once sold will not be taken back or exchanged
2) Any warranty claim will not be accepted without warranty card
3) Payment to be made within 30 days
"
ApexInvoice_2024-07-18_18-27-54_67.pdf,"VW APEX EYEWEAR
APEX WEAR
New Hind House, Narottam Morarjee Marg, Ballard Estate, Tax Invoice
Mumbai, Maharashtra
GSTIN: 27AAACR7147G1ZQ
PName | —CRahulYadev |S vole No [i927
rsete [Carat
pPanNow | wynuassez | RefNo 79
station _—isurat——
[Name] ————SRahl Yadav
360002 Payment
sete [Cat
Pano. [| __——sWWYNUSSOZ
[em ”™~*~<~drtCSCS<iSYT «dC | Pee | rT | To
[Calley Polarized Sports Sunglasses | 7736 | 180% | 90 | 7200 | 116640] 764640
[Tammy Hiliger Women’s Aviator Sunglases_| 0510 | Ta00% | 60 | 16100 | 1736G0| 1139880_|
es
es es
Sub Total 31063.50
Terms & Conditions Discount 1553.18
1. Goods once sold will not be taken back or exchanged.
2. Please make the payment within 30 days. Grand Total 29510.33
[Authorised signature] OOOOOSCSCSCS
"
ApexInvoice_2024-07-18_18-27-23_36.pdf,"APEX WEAR
New Hind House, Narottam Morarjee Marg, Ballard Estate, Tax Invoice
Mumbai, Maharashtra
GSTIN: 27AAACR7147G1ZQ
Bill To Invoice Details
|State | Gujarat E1329
GST No. 24RSJXO2975D1Z1 24-12-2023
ship To [station ‘(surat
23 Pearl Paradise, Gota Road, Near SGVP Circle, Gujarat-382481 Terms of
Address 30Days
Payment
GST No. 24RSJXO2975D1Z1 9998
[em ”™~*~<~drtCSCS<iSYT «dC | Pee | rT | To
Tommy Hilfiger Women's Oval Sunglasses 2953.80 | _ 19363.80
Puma Men's Wayfarer Sunglasses 323.00 | 2034.90|  13339.90
Sub Total 44645.30
Terms & Conditions Discount 2232.27
1. Goods once sold will not be taken back or exchanged.
2. Please make the payment within 30 days. Grand Total 42413.04
Authorised signature Lo
"
ApexInvoice_2024-07-18_18-27-25_38.pdf,"Wo APEX EYEWEAR
APEX WEAR

New Hind House, Narottam Morarjee Marg, Ballard Estate, Tax Invoice

Mumbai, Maharashtra

GSTIN: 27AAACR7147G1ZQ

[Name] WinySeti |S volo [iat

390007

sete [Carat

Pano. | vara S| RefNo

station —_—isurat—

a

390007 Payment

a

[Pano | UVOPASSD

[em ”™~*~<~drtCSCS<iSYT «dC | Pee | rT | To

[Carrera Men's RectangularSunglasses__| 6522 | _1a00% | e0 | s1600 | 743040] 871040

es

es es
Sub Total 100400.30

Terms & Conditions Discount 5020.02

1. Goods once sold will not be taken back or exchanged.

2. Please make the payment within 30 days. Grand Total 95380.29

[Authorised signature] OOOOOSCSCSCS
"
ApexInvoice_2024-07-18_18-28-22_95.pdf,"Wo APEX EYEWEAR
APEX WEAR

New Hind House, Narottam Morarjee Marg, Ballard Estate, Tax Invoice

Mumbai, Maharashtra

GSTIN: 27AAACR7147G1ZQ

[Name | __—Sunitasharma || voleeNo [1738

sete [Carat

Pano. | __—_—ciiwrsossa_— S| RefNo

station ‘surat

PName]Suritasharma

Gujarat-390011 Payment

a

[Pano | ——=CWFOOSSQ

Cem SC~*dSCiaSN YT ys | Price | GST | Total

es

es es
Sub Total 56746.20

Terms & Conditions Discount 2837.31

1. Goods once sold will not be taken back or exchanged.

2. Please make the payment within 30 days. Grand Total 53908.89

[Authorised signature] OOOOOSCSCSCS
"
OpticalInvoice_2024-07-18_18-29-16_21.pdf,"Plot No. 45, GIDC Industrial Estate, Vatva, Ahmedabad, Gujarat
OPTICAL GLASSES GSTIN: 27AJHCU1234L1ZA
PERFECTING YOUR EYE PAN: RTRBG5397G
SN CeomA Invoice Date Order No Order Date Ref No Ref Date SDYocreTiPLaCIyIy Dispatch Through
1254 21-05-2023 BC1362 19-05-2023 1055 21-05-2023
Bill To Ship To
Sunil Verma Sunil Verma
45 Ruby Residency, Gandhinagar Road, Near Adalaj Stepwell, Gujarat-382421 45 Ruby Residency, Gandhinagar Road, Near Adalaj Stepwell, Gujarat-382421
State: Maharashtra State: Maharashtra
GSTIN: 24RGSRH9793K1ZO PAN: GXPEP3467S GSTIN: 24RGSRH9793K1ZO PAN: GXPEP3467S
| Sr.no_| Item Description | HsN | Rate = | Batch_~—|_ Qty _—(| —CGsT scst_ | Amount
1 Police UV Protected Square | 579, 3051.00 20230521-025 14 3844.26 | 3844.26 50402.52
Sunglasses
2 John Jacobs Gold-Rimmed 7609 1739.00 20230521-380 10 1565.10 1565.10 20520.20
Aviator Sunglasses
3 Fossil Women’s Rectangular | 2455 2330.00 20230521-834 17 3564.90 3564.90 46739.80
Sunglasses
SUB TOTAL 117662.52
Discount 5883.13
GRAND TOTAL 111779.39
Terms & Condition
1) Goods once sold will not be taken back or exchanged
2) Any warranty claim will not be accepted without warranty card
3) Payment to be made within 30 days
"
Invoice_2024-06-24_11-24-58_1.pdf,"Invoice details:
Invoice no.: 233
Date issued: 07-12-2020
Invoice From :
Specsworld Opticians
45, 4th Main, Jayamahal Extension, Mumbai - 400005 GSTIN: 29AADCS3456G1ZR
specsworldopticians@gmail.com Pan: RFRBG7060G
Contact no.: 9900232338 State: Maharashtra
Invoice To:
Ritu Sharma
89, Cedar Crescent GSTIN: 24DAQBR3923C1Z1
Mangalore Pan: MDGHV9269K
Contact no.: 9869764281 Email: ritusharma@gmail.com State: Karnataka
Item Name HSN/SAC Qty Unit Price IGST Amount
Nova Bluecut
Eyeglasses (Zero
Power) 9006 2 3822.00 18% 7644.00
Persol Rectangular
Sunglasses 9006 1 604.00 18% 604.00
Lenskart Air Wrap-
Around Sunglasses 9005 2 3762.00 18% 7524.00
Sub total 15772.00
IGST 18% 2838.96
Grand Total 18610.96
Terms & Conditions
1. Payment terms are valid thirty (20) days from the date of this invoice, subject to a %2 of 2%
discount if paid within ten (10) days of the date of this invoice.
2. 30 days limited warranty unless stated otherwise in this invoice.
3. Balance due within 15 days of Invoice date. There shall be 10% Interest per Month thereafter.
4. A copy of this invoice is required, otherwise the warranty process stated herein will be delayed.
"
B-4705-Rakesh-Sharma.pdf,"INVOICE # B/4705 INVOICE DATE 05/07/2023
P.O.# 09485
BILL TO Ben Franklin Opticians
Rakesh Sharma 438, 17th Main, 4th T Block,
67, Violet Avenue, Kolkata, West Jayanagar, Bangalore - 560041
Bengal, India
oun 4 DESCRIPTION UNIT PRICE AMOUNT
2 Tommy Hilfiger UV Protected Square Sunglasses 2,899.00 5,798.00
2 John Jacobs Gold-Rimmed Aviator Sunglasses 3,099.00 6,198.00
Subtotal 11,996.00
GST 18.0% 2,159.28
INVOICE TOTAL X 14,155.28
Powered by Invoice Home
"
ApexInvoice_2024-07-18_18-28-13_86.pdf,"APEX WEAR
New Hind House, Narottam Morarjee Marg, Ballard Estate, Tax Invoice
Mumbai, Maharashtra
GSTIN: 27AAACR7147G1ZQ
Bill To Invoice Details
GST No. 24TSGGZ6661C1Z2 11-12-2023
ship To [station (surat
Payment
GST No. 24TSGGZ6661C1Z2 9795
[em ”™~*~<~drtCSCS<iSYT «dC | Pee | rT | To
Tommy Hilfiger Men's Rectangular Sunglasses 506.00 | 6831.00
Fossil Men's Aviator Sunglasses | 7504 | 18.00% | 80 | 586.00 | 8438.40
Polarized Wrap Around Sports Sunglasses 160.00 | 288.00 | 1888.00
Sub Total 132466.80
Terms & Conditions Discount 6623.34
1. Goods once sold will not be taken back or exchanged.
2. Please make the payment within 30 days. Grand Total 125843.46
Authorised signature Lo
"
ApexInvoice_2024-07-18_18-26-59_12.pdf,"APEX WEAR
New Hind House, Narottam Morarjee Marg, Ballard Estate, Tax Invoice
Mumbai, Maharashtra
GSTIN: 27AAACR7147G1ZQ
Bill To Invoice Details
|State | Gujarat £1780
GST No. 24ABJLN7969K1Z3 14-08-2023
| Pan No. | EQRGN8026 P RefNo [133
ship To [station (surat
23 Pearl Paradise, CG Road, Near Law Garden, Gujarat-380009 Terms of
Address 30Days
Payment
GST No. 24ABJLN7969K1Z3 9108
[em ”™~*~<~drtCSCS<iSYT «dC | Pee | rT | To
Fastrack UV Protected Aviator Sunglasses | 7474s | 18.00% | 90 | 284.00 | 4600.80 30160.80
Calvin Klein Square Sunglasses 166.00 9794.00
Prada Polarized Round Sunglasses 8386 6669.00 | 43719.00
Sub Total 97951.80
Terms & Conditions Discount 4897.59
1. Goods once sold will not be taken back or exchanged.
2. Please make the payment within 30 days. Grand Total 93054.21
Authorised signature Lo
"
Invoice_2024-06-24_11-25-13_15.pdf,"Invoice details:
Invoice no.: 936
Date issued: 21-08-2020
Invoice From :
Specsworld Opticians
45, 4th Main, Jayamahal Extension, Mumbai - 400005 GSTIN: 29AADCS3456G1ZR
specsworldopticians@gmail.com Pan: RFRBG7060G
Contact no.: 9900232338 State: Maharashtra
Invoice To:
Ankita Verma
36, Cedar Street GSTIN: 24VSDJP6727N1Z7
Mysore Pan: MAMCB6021N
Contact no.: 9784643290 Email: ankitaverma@gmail.com State: Karnataka
Item Name HSN/SAC Qty Unit Price IGST Amount
IDEAL Spectacle
Frames for Men &
Women 9005 2 1332.00 18% 2664.00
Emporio Armani
Unisex-Adult
Sunglasses 9007 1 2135.00 18% 2135.00
Polarized Wrap
Around Sports
Sunglasses 9006 2 4815.00 18% 9630.00
Sub total 14429.00
IGST 18% 2597.22
Grand Total 17026.22
Terms & Conditions
1. Payment terms are valid thirty (20) days from the date of this invoice, subject to a %2 of 2%
discount if paid within ten (10) days of the date of this invoice.
2. 30 days limited warranty unless stated otherwise in this invoice.
3. Balance due within 15 days of Invoice date. There shall be 10% Interest per Month thereafter.
4. A copy of this invoice is required, otherwise the warranty process stated herein will be delayed.
"
OpticalInvoice_2024-07-18_18-29-04_9.pdf,"Plot No. 45, GIDC Industrial Estate, Vatva, Ahmedabad, Gujarat
OPTICAL GLASSES GSTIN: 27AJHCU1234L1ZA
PERFECTING YOUR EYE PAN: RTRBG5397G
SN CeomA Invoice Date Order No Order Date Ref No Ref Date SDYocreTiPLaCIyIy Dispatch Through
1925 03-08-2023 EC1288 01-08-2023 1441 03-08-2023
Bill To Ship To
Ravi Verma Ravi Verma
78 Sapphire Springs, Raiya Road, Near Rajkot Junction, Gujarat-360007 78 Sapphire Springs, Raiya Road, Near Rajkot Junction, Gujarat-360007
State: Maharashtra State: Maharashtra
GSTIN: 24QFMCO1763X1Z6 PAN: LGGUD1478W GSTIN: 24QFMCO1763X1Z6 PAN: LGGUD1478W
| Sr.no_| Item Description | HSN | Rate ~—|_—Batch_~—s|_ Qty (| CGST scst_ | Amount
Tommy Hilfiger UV Protected
1 8999 3524.00 20230803-726 11 3488.76 3488.76 45741.52
Square Sunglasses
2 Emporio Armani Women's 8650 2731.00 20230803-940 19 4670.01 4670.01 61229.02
Aviator Sunglasses
3 Fossil UV Protected Wayfarer | ay, 1143.00 20230803-653 14 1440.18 1440.18 18882.36
Sunglasses
SUB TOTAL 125852.90
Discount 6292.65
GRAND TOTAL 119560.26
Terms & Condition
1) Goods once sold will not be taken back or exchanged
2) Any warranty claim will not be accepted without warranty card
3) Payment to be made within 30 days
"
PerfectVisionInvoice_2024-07-08_18-33-19_48.pdf,"INVOICE _
Perfect Vision Opticals
28, 1st Floor, 2nd Cross, 1st Block, RT Nagar, Mumbai-400050
GSTIN: 28AJHCU1234L1ZA PAN: RFRBG5397G
Invoice No: 40652 BILL TO
Invoice Date: 01-11-2021 Ritu Sharma
P.O.No: 3414 89, Cedar Crescent
P.O.Date: 30-10-2021 Mangalore
Ref No: 5523 Pan No: HMJTV6723H
Ref Date: 01-11-2021 Mobile No: 9565502608
Email: ritusharma@gmail.com
GSTIN: 24MELFB2085N1Z3
Description In Detail Code Qty Price IGST Discount Total
Fitovers Polarized Sunglasses 9004 1 2747.00 18% 137.35 2609.65
Vogue Eyewear Women’s °
Round Sunglasses 9005 1 1775.00 18% 88.75 1686.25
Calvin Klein Square Sunglasses || 9004 2 1095.00 18% 109.50 2080.50
TOTAL 335.60 6376.40
Sub Total 6376.40
IGST @ 18% 1147.75
Grand Total 7524.15
PAYMENT METHOD
we Accept the PayPal, Master Card, VISA and E- Wallets
Terms & Condition:
1. Goods Once Sold Will Not be Taken Back
2. Goods Can be Exchanged During 2:00 pm to 4:00 pm
Thank you for business & visit Again
"
OpticalInvoice_2024-07-18_18-29-35_40.pdf,"Plot No. 45, GIDC Industrial Estate, Vatva, Ahmedabad, Gujarat
OPTICAL GLASSES GSTIN: 27AJHCU1234L1ZA
PERFECTING YOUR EYE PAN: RTRBG5397G
SN CeomA Invoice Date Order No Order Date Ref No Ref Date SDYocreTiPLaCIyIy Dispatch Through
1690 01-01-2023 EC1159 30-12-2022 1756 01-01-2023
Bill To Ship To
Swati Mehta Swati Mehta
12 Sapphire Tower, Satellite Road, Near AlphaOne Mall, Gujarat-380015 12 Sapphire Tower, Satellite Road, Near AlphaOne Mall, Gujarat-380015
State: Maharashtra State: Maharashtra
GSTIN: 24ZHBNT2633M1Z4 PAN: FNGMF1154F GSTIN: 24ZHBNT2633M1Z4 PAN: FNGMF1154F
| Sr.no_| Item Description | HsN | Rate = | Batch_~—|_ Qty _—(| —CGsT scst_ | Amount
1 Diesel Women’s Square 7379 1045.00 20230101-437 19 1786.95 1786.95 23428.90
Sunglasses
2 Oakley Polarized Sports 7347 1488.00 20230101-300 19 2544.48 2544.48 33360.96
Sunglasses
3 Prada Women’s Round 8900 631.00 20230101-278 20 1135.80 1135.80 14891.60
Sunglasses
SUB TOTAL 71681.46
Discount 3584.07
GRAND TOTAL 68097.39
Terms & Condition
1) Goods once sold will not be taken back or exchanged
2) Any warranty claim will not be accepted without warranty card
3) Payment to be made within 30 days
"
OpticalInvoice_2024-07-18_18-30-44_109.pdf,"Plot No. 45, GIDC Industrial Estate, Vatva, Ahmedabad, Gujarat
OPTICAL GLASSES GSTIN: 27AJHCU1234L1ZA
PERFECTING YOUR EYE PAN: RTRBG5397G
SN CeomA Invoice Date Order No Order Date Ref No Ref Date SDYocreTiPLaCIyIy Dispatch Through
1973 06-07-2023 EC1197 04-07-2023 1098 06-07-2023
Bill To Ship To
Nikhil Bhatt Nikhil Bhatt
34 Emerald Residency, Vasna Road, Near Navrachna University, Gujarat-390007 34 Emerald Residency, Vasna Road, Near Navrachna University, Gujarat-390007
State: Maharashtra State: Maharashtra
GSTIN: 24EZSDZ3806P1Z7 PAN: UYSTY1103Q GSTIN: 24EZSDZ3806P1Z7 PAN: UYSTY1103Q
| Sr.no_| Item Description | HSN | Rate ~—|_—Batch_~—s|_ Qty (| CGST scst_ | Amount
1 Fossil Men's Polarized 8525 1115.00 20230706-274 15 1505.25 1505.25 19735.50
Sunglasses
Vogue Women’s Round
2 8159 1291.00 20230706-751 15 1742.85 1742.85 22850.70
Sunglasses
3 Prada Women’s Round 8619 1082.00 20230706-436 15 1460.70 | 1460.70 19151.40
Sunglasses
SUB TOTAL 61737.60
Discount 3086.88
GRAND TOTAL 58650.72
Terms & Condition
1) Goods once sold will not be taken back or exchanged
2) Any warranty claim will not be accepted without warranty card
3) Payment to be made within 30 days
"
OpticalInvoice_2024-07-18_18-29-06_11.pdf,"Plot No. 45, GIDC Industrial Estate, Vatva, Ahmedabad, Gujarat
OPTICAL GLASSES GSTIN: 27AJHCU1234L1ZA
PERFECTING YOUR EYE PAN: RTRBG5397G
SN CeomA Invoice Date Order No Order Date Ref No Ref Date SDYocreTiPLaCIyIy Dispatch Through
1665 30-10-2023 EC1067 28-10-2023 1942 30-10-2023
Bill To Ship To
Meenakshi Jain Meenakshi Jain
56 Diamond Garden, City Light Road, Near Galaxy Circle, Gujarat-395007 56 Diamond Garden, City Light Road, Near Galaxy Circle, Gujarat-395007
State: Maharashtra State: Maharashtra
GSTIN: 24BRHFV3761Q1Z1 PAN: VDNBP1975Q GSTIN: 24BRHFV3761Q1Z1 PAN: VDNBP1975Q
| Sr.no_| Item Description | HsN | Rate = | Batch_~—|_ Qty _—(| —CGsT scst_ | Amount
1 | Tommy Hilfiger Women's Oval | 7.44 977.00 20231030-885 11 967.23 967.23 12681.46
Sunglasses
2 _ | Calvin Klein Men’s Rectangular | 5544 2139.00 20231030-883 12 2310.12 2310.12 30288.24
Sunglasses
3 Gucci Women's Cat-Eye 7399 1004.00 20231030-251 16 1445.76 1445.76 18955.52
Sunglasses
SUB TOTAL 61925.22
Discount 3096.26
GRAND TOTAL 58828.96
Terms & Condition
1) Goods once sold will not be taken back or exchanged
2) Any warranty claim will not be accepted without warranty card
3) Payment to be made within 30 days
"
B-4707-Vikas-Jain.pdf,"INVOICE # B/4707 INVOICE DATE 07/07/2023
P.O.# 09487
BILL TO Ben Franklin Opticians
Vikas Jain 438, 17th Main, 4th T Block,
72, Daisy Square, Anmedabad, Jayanagar, Bangalore - 560041
Gujarat, India
oun 4 DESCRIPTION UNIT PRICE AMOUNT
4 IDEAL Spectacle Frames for Men & Women 599.00 2,396.00
2 Nova Bluecut Eyeglasses (Zero Power) 2,099.00 4,198.00
Subtotal 6,594.00
GST 18.0% 1,186.92
INVOICE TOTAL < 7,780.92
Powered by Invoice Home
"
OpticalInvoice_2024-07-18_18-30-17_82.pdf,"Plot No. 45, GIDC Industrial Estate, Vatva, Ahmedabad, Gujarat
OPTICAL GLASSES GSTIN: 27AJHCU1234L1ZA
PERFECTING YOUR EYE PAN: RTRBG5S397G
SN CeomA Invoice Date Order No Order Date Ref No Ref Date SDYocreTiPLaCIyIy Dispatch Through
1253 30-07-2023 EC1757 28-07-2023 1452 30-07-2023
Bill To Ship To
Anjali Singh Anjali Singh
89 Sapphire Society, Raiya Road, Near Rajkot Junction, Gujarat-360007 89 Sapphire Society, Raiya Road, Near Rajkot Junction, Gujarat-360007
State: Maharashtra State: Maharashtra
GSTIN: 24TEYYU9057G1Z1 PAN: AKDQX7987J GSTIN: 24TEYYU9057G1Z1 PAN: AKDQX7987J
| Sr.no_| Item Description | HSN | Rate ~—|_—Batch_~—s|_ Qty (| CGST scst_ | Amount
1 {Tommy Hilfiger Men’s Wayfarer! 595. 618.00 20230730-486 10 556.20 556.20 7292.40
Sunglasses
2 Carrera Men’s Rectangular 7549 3054.00 20230730-507 14 3848.04 | 3848.04 50452.08
Sunglasses
Carrera Women’s Aviator
3 8494 520.00 20230730-628 18 842.40 842.40 11044.80
Sunglasses
SUB TOTAL 68789.28
Discount 3439.46
GRAND TOTAL 65349.82
Terms & Condition
1) Goods once sold will not be taken back or exchanged
2) Any warranty claim will not be accepted without warranty card
3) Payment to be made within 30 days
"
ApexInvoice_2024-07-18_18-27-49_62.pdf,"Wo APEX EYEWEAR
APEX WEAR
New Hind House, Narottam Morarjee Marg, Ballard Estate, Tax Invoice
Mumbai, Maharashtra
GSTIN: 27AAACR7147G1ZQ
[Name ———KavitaSharma |S tv [7S
sete [Carat
PPanNo. | sRvOWSS7AO «CSC RefNo
station (Surat
[Name] __——__—KevilaShorma
Gujarat-390022 Payment
a
[Pano | CSRVUWORAO
[em ”™~*~<~drtCSCS<iSYT «dC | Pee | rT | To
es
es es
Sub Total 60109.20
Terms & Conditions Discount 3005.46
1. Goods once sold will not be taken back or exchanged.
2. Please make the payment within 30 days. Grand Total 57103.74
[Authorised signature] OOOOOSCSCSCS
"
ApexInvoice_2024-07-18_18-27-48_61.pdf,"APEX WEAR
New Hind House, Narottam Morarjee Marg, Ballard Estate, Tax Invoice
Mumbai, Maharashtra
GSTIN: 27AAACR7147G1ZQ
Bill To Invoice Details
GST No. 24LGKBM7171G1Z7 18-01-2023
ship To [station (surat
67 Diamond Palace, Parle Point, Near Magdalla Port, Gujarat-395007 Terms of
Address 30Days
Payment
GST No. 24LGKBM7171G1Z7 9537
[em ”™~*~<~drtCSCS<iSYT «dC | Pee | rT | To
Nova Bluecut Eyeglasses (Zero Power) | 7336 =| 18.00% | 90 | 173.00 | 2802.60 18372.60
IDEAL Spectacle Frames for Men & Women 338.00 9971.00
Sub Total 34574.00
Terms & Conditions Discount 1728.70
1. Goods once sold will not be taken back or exchanged.
2. Please make the payment within 30 days. Grand Total 32845.30
Authorised signature Lo
"
23021-Alok-Mehta.pdf,"Titan Eyeplus
No 13, 3rd Block, 12th Main, Koramangala, Bangalore - 560034
BILL TO INVOICE # 23021
Alok Mehta INVOICE DATE 01/06/2023
33, Peony Place, Indore, Madh
a “eye P.0.# 23831
Pradesh, India
= x
Invoice Total 16,984.92
QTY DESCRIPTION UNIT PRICE AMOUNT
3 Ray-Ban Aviator Classic Sunglasses 2,299.00 6,897.00
3 Fastrack UV Protected Aviator Sunglasses 2,499.00 7,497.00
Subtotal 14,394.00
GST 18.0% 2,590.92
"
OpticalInvoice_2024-07-18_18-29-30_35.pdf,"Plot No. 45, GIDC Industrial Estate, Vatva, Ahmedabad, Gujarat
OPTICAL GLASSES GSTIN: 27AJHCU1234L1ZA
PERFECTING YOUR EYE PAN: RTRBG5397G
SN CeomA Invoice Date Order No Order Date Ref No Ref Date SDYocreTiPLaCIyIy Dispatch Through
1967 04-03-2023 EC1642 02-03-2023 1243 04-03-2023
Bill To Ship To
Deepa Patel Deepa Patel
56 Diamond Plaza, Athwalines Road, Near Kargil Chowk, Gujarat-395007 56 Diamond Plaza, Athwalines Road, Near Kargil Chowk, Gujarat-395007
State: Maharashtra State: Maharashtra
GSTIN: 24WGAGF6386H1Z5 PAN: OVBNC2173S GSTIN: 24WGAGF6386H1Z5 PAN: OVBNC2173S
| Sr.no_| Item Description | HSN | Rate | Batch | ty | CGST sestT_ | Amount
1 ; . 8067 4955.00 20230304-726 17 7581.15 7581.15 99397.30
Calvin Klein Square Sunglasses
2 Ray-Ban Aviator Classic 8516 4845.00 20230304-250 19 8284.95 8284.95 108624.90
Sunglasses
3 . 8312 4841.00 20230304-227 15 6535.35 6535.35 85685.70
Puma Men’s Aviator Sunglasses
SUB TOTAL 293707.90
Discount 14685.40
GRAND TOTAL 279022.51
Terms & Condition
1) Goods once sold will not be taken back or exchanged
2) Any warranty claim will not be accepted without warranty card
3) Payment to be made within 30 days
"
136-Priya-Nair.pdf,"FROM BILL T0
Vision Express Priya Nair
1st Floor, Phoenix Marketcity, 41, Orchid Circle, Kochi, Kerala,
Whitefield Main Road, Bangalore - India
560066
INVOICE # INVOICE DATE P.O.#
136 26/01/2023 0226
QTY DESCRIPTION UNIT PRICE AMOUNT
2 Carrera Oversized Sunglasses 3,099.00 6,198.00
3 Vincent Chase Full Rim Wayfarer Frames 1,799.00 5,397.00
Subtotal 11,595.00
GST 18.0% 2,087.10
Total = 13,682.10
Powered. by Invoice Home
"
OpticalInvoice_2024-07-18_18-30-18_83.pdf,"Plot No. 45, GIDC Industrial Estate, Vatva, Ahmedabad, Gujarat
OPTICAL GLASSES GSTIN: 27AJHCU1234L1ZA
PERFECTING YOUR EYE PAN: RTRBG5S397G
SN CeomA Invoice Date Order No Order Date Ref No Ref Date SDYocreTiPLaCIyIy Dispatch Through
1114 11-02-2023 EC1165 09-02-2023 1545 11-02-2023
Bill To Ship To
Swati Kapoor Swati Kapoor
12 Sapphire Park, Ambli Road, Near Anandnagar Cross Road, Gujarat-380015 12 Sapphire Park, Ambli Road, Near Anandnagar Cross Road, Gujarat-380015
State: Maharashtra State: Maharashtra
GSTIN: 24YCCSZ6254F1Z3. PAN: AAPGN7159Y GSTIN: 24YCCSZ6254F1Z3_ PAN: AAPGN7159Y
| Sr.no_| Item Description | HSN | Rate | Batch ~—|_ Qty | CGST sestT_ | Amount
1 7254 2092.00 20230211-115 20 3765.60 3765.60 49371.20
Persol Rectangular Sunglasses
2 Fastrack UV Protected Aviator | 7364 1271.00 20230211-211 18 2059.02 | 2059.02 26996.04
Sunglasses
3 . . 8035 4123.00 20230211-165 17 6308.19 6308.19 82707.38
Calvin Klein Square Sunglasses
SUB TOTAL 159074.62
Discount 7953.73
GRAND TOTAL 151120.89
Terms & Condition
1) Goods once sold will not be taken back or exchanged
2) Any warranty claim will not be accepted without warranty card
3) Payment to be made within 30 days
"
PerfectVisionInvoice_2024-07-08_18-32-32_2.pdf,"INVOICE os
Perfect Vision Opticals
28, 1st Floor, 2nd Cross, 1st Block, RT Nagar, Mumbai-400050
GSTIN: 28AJHCU1234L1ZA PAN: RFRBG5397G
Invoice No: 48270 BILL TO
Invoice Date: 04-08-2021 Rohit Chawla
P.O.No: 6294 42, Jasmine Avenue
P.O.Date: 02-08-2021 Bangalore
Ref No: 6003 Pan No: KMZZO9019A
Ref Date: 04-08-2021 Mobile No: 9505834429
Email: rohitchawla@gmail.com
GSTIN: 24PCUAB2428F1Z3
Description In Detail Code Qty Price IGST Discount Total
Police Men’s Round Sunglasses|} 9008 1 1657.00 18% 82.85 1574.15
Bobster Eyewear Fuel 3
Photochromic Goggles 9004 3 3538.00 18% 530.70 10083.30
Qakley Men's Rectangular 9007 2 4462.00 18% 446.20 8477.80
Sunglasses
TOTAL 1059.75 20135.25
Sub Total 20135.25
IGST @ 18% 3624.35
Grand Total 23759.60
PAYMENT METHOD
we Accept the PayPal, Master Card, VISA and E- Wallets
Terms & Condition:
1. Goods Once Sold Will Not be Taken Back
2. Goods Can be Exchanged During 2:00 pm to 4:00 pm
Thank you for business & visit Again
"
OpticalInvoice_2024-07-18_18-29-15_20.pdf,"Plot No. 45, GIDC Industrial Estate, Vatva, Ahmedabad, Gujarat
OPTICAL GLASSES GSTIN: 27AJHCU1234L1ZA
PERFECTING YOUR EYE PAN: RTRBG5397G
SN CeomA Invoice Date Order No Order Date Ref No Ref Date SDYocreTiPLaCIyIy Dispatch Through
1400 29-01-2023 EC1264 27-01-2023 1516 29-01-2023
Bill To Ship To
Tanvi Kapoor Tanvi Kapoor
78 Crystal Heights, Subhanpura Road, Near Sardar Patel Stadium, Gujarat- 78 Crystal Heights, Subhanpura Road, Near Sardar Patel Stadium, Gujarat-390007
390007
State: Maharashtra State: Maharashtra
GSTIN: 24SWKAF1091A1Z6_ PAN: ZIUOV2367) GSTIN: 2€4SWKAF1091A1Z6_ PAN: ZIUOV2367)
| Sr.no_| Item Description | HSN | Rate ~—|_—Batch_~—s|_ Qty (| CGST scst_ | Amount
1 Tommy Hilfiger Women’s 7953 730.00 20230129-701 14 919.80 919.80 12059.60
Aviator Sunglasses
2 Oakley Women’s Rectangular | 7355 697.00 20230129-914 11 690.03 690.03 9047.06
Sunglasses
3 | Tommy Hilfiger Women’s Oval | 5464 4611.00 20230129-769 13 5394.87 | 5394.87 70732.74
Sunglasses
SUB TOTAL 91839.40
Discount 4591.97
GRAND TOTAL 87247.43
Terms & Condition
1) Goods once sold will not be taken back or exchanged
2) Any warranty claim will not be accepted without warranty card
3) Payment to be made within 30 days
"
002675-Rohan-Deshmukh.pdf,"No 20, Ground Floor, Brigade Road, Bangalore - 560001

Bill To Invoice # 002675

Rohan Deshmukh Invoice Date 05/06/2023
25, Orchid Avenue, Nagpur,

Maharashtra, India P.O.# ame

Olin Description Unit Price Amount

2 Tommy Hilfiger Sports Sunglasses 2,099.00 5,198.00

2 John Jacobs Square Metal Sunglasses 2,099.00 4,198.00

Subtotal 9,396.00

GST 18.0% 1,691.28

TOTAL llth X 11,087.28
"
7632360-Vikram-Sethi.pdf,"INVOICE # 7632360 INVOICE DATE 10/06/2023
P.0.# 7310
BILL TO Vasan Eye Care
Vikram Sethi 44, 3rd Floor, JNC Road,
23, Hibiscus Boulevard, Chennai, Koramangala 5th Block, Bangalore
Tamil Nadu, India - 560095
oun 4 DESCRIPTION UNIT PRICE AMOUNT
2 Nova Progressive Eyeglasses 3,199.00 6,398.00
2 Fitovers Polarized Wrap-Around Sunglasses 2,799.00 5,598.00
Subtotal 11,996.00
GST 18.0% 2,159.28
INVOICE TOTAL X 14,155.28
Powered by Invoice Home
"
OpticalInvoice_2024-07-18_18-30-16_81.pdf,"Plot No. 45, GIDC Industrial Estate, Vatva, Ahmedabad, Gujarat
OPTICAL GLASSES GSTIN: 27AJHCU1234L1ZA
PERFECTING YOUR EYE PAN: RTRBG5397G
SN CeomA Invoice Date Order No Order Date Ref No Ref Date SDYocreTiPLaCIyIy Dispatch Through
2000 20-06-2023 EC1688 18-06-2023 1832 20-06-2023
Bill To Ship To
Rina Das Rina Das
78 Crystal Paradise, Dandia Bazar Road, Near Kirti Stambh, Gujarat-390001 78 Crystal Paradise, Dandia Bazar Road, Near Kirti Stambh, Gujarat-390001
State: Maharashtra State: Maharashtra
GSTIN: 24EULSX6579M1Z0 PAN: WENAB5962X GSTIN: 24EULSX6579M1Z0 PAN: WENAB5962X
| Sr.no_| Item Description | HSN | Rate ~—|_—Batch_~—s|_ Qty (| CGST scst_ | Amount
1 Calvin Klein Polarized 7247 2907.00 20230620-110 12 3139.56 3139.56 41163.12
Sunglasses
Carrera Men’s Rectangular
2 8779 514.00 20230620-908 16 740.16 740.16 9704.32
Sunglasses
Police Polarized Sports
3 8180 4771.00 20230620-224 13 5582.07 5582.07 73187.14
Sunglasses
SUB TOTAL 124054.58
Discount 6202.73
GRAND TOTAL 117851.85
Terms & Condition
1) Goods once sold will not be taken back or exchanged
2) Any warranty claim will not be accepted without warranty card
3) Payment to be made within 30 days
"
OpticalInvoice_2024-07-18_18-30-02_67.pdf,"Plot No. 45, GIDC Industrial Estate, Vatva, Ahmedabad, Gujarat
OPTICAL GLASSES GSTIN: 27AJHCU1234L1ZA
PERFECTING YOUR EYE PAN: RTRBG5397G
SN CeomA Invoice Date Order No Order Date Ref No Ref Date SDYocreTiPLaCIyIy Dispatch Through
1663 17-03-2023 EC1005 15-03-2023 1240 17-03-2023
Bill To Ship To
Swati Kapoor Swati Kapoor
12 Sapphire Park, Ambli Road, Near Anandnagar Cross Road, Gujarat-380015 12 Sapphire Park, Ambli Road, Near Anandnagar Cross Road, Gujarat-380015
State: Maharashtra State: Maharashtra
GSTIN: 2€4CMCVQ4918U1Z6 PAN: MSPCE9048H GSTIN: 2€4CMCVQ4918U1Z6 PAN: MSPCE9048H
| Sr.no_| Item Description | HSN | Rate ~—|_—Batch_~—s|_ Qty (| CGST scst_ | Amount
1 . 8291 1711.00 20230317-220 14 2155.86 2155.86 28265.72
Fossil Men’s Square Sunglasses
2 Fossil Men's Polarized 7383 4234.00 20230317-548 20 7621.20 | 7621.20 99922.40
Sunglasses
3 Vogue Eyewear Women's 9002 1011.00 20230317-830 18 1637.82 1637.82 21473.64
Round Sunglasses
SUB TOTAL 149661.76
Discount 7483.09
GRAND TOTAL 142178.67
Terms & Condition
1) Goods once sold will not be taken back or exchanged
2) Any warranty claim will not be accepted without warranty card
3) Payment to be made within 30 days
"
Invoice_2024-06-24_11-25-24_26.pdf,"Invoice details:
Invoice no.: 592
Date issued: 16-03-2020
Invoice From :
Specsworld Opticians
45, 4th Main, Jayamahal Extension, Mumbai - 400005 GSTIN: 29AADCS3456G1ZR
specsworldopticians@gmail.com Pan: RFRBG7060G
Contact no.: 9900232338 State: Maharashtra
Invoice To:
Preeti Malhotra
49, Pine Boulevard GSTIN: 24GMJUO7579W12Z2
Hubli Pan: AOWLY5436T
Contact no.: 9476618301 Email: preetimalhotra@gmail.com State: Karnataka
Item Name HSN/SAC Qty Unit Price IGST Amount
Lenskart Air Wrap-
Around Sunglasses 9005 1 849.00 18% 849.00
Puma Men’s
Wayfarer Sunglasses 9008 2 2728.00 18% 5456.00
Fitovers Polarized
Sunglasses 9006 1 1874.00 18% 1874.00
Sub total 8179.00
IGST 18% 1472.22
Grand Total 9651.22
Terms & Conditions
1. Payment terms are valid thirty (20) days from the date of this invoice, subject to a %2 of 2%
discount if paid within ten (10) days of the date of this invoice.
2. 30 days limited warranty unless stated otherwise in this invoice.
3. Balance due within 15 days of Invoice date. There shall be 10% Interest per Month thereafter.
4. A copy of this invoice is required, otherwise the warranty process stated herein will be delayed.
"
2731259-Manish-Joshi.pdf,"No. 124, ist Main, 7th Block, Koramangala, Bangalore - 560095
Bill To Invoice # Invoice Date
Manish Joshi 2731259 09/12/2023
47, Lily Lane, Jaipur,
8379
ohn) Description Unit Price Amount
3 IDEAL Blue Cut Reading Glasses 799.00 2,397.00
2 Nova Progressive Eyeglasses 3,199.00 6,398.00
SS Subtotal 8,795.00
GST 18.0% 1,583.10
Invoice Total SCLC RCT Asma 10
ee lial eS
ee ail
Powered by Invoice Home
"
ApexInvoice_2024-07-18_18-27-24_37.pdf,"APEX WEAR
New Hind House, Narottam Morarjee Marg, Ballard Estate, Tax Invoice
Mumbai, Maharashtra
GSTIN: 27AAACR7147G1ZQ
Bill To Invoice Details
382421
GST No. 24RAHKB711311Z5 25-05-2023
ship To [station (surat
45 Ruby Residency, Gandhinagar Road, Near Adalaj Stepwell, Gujarat- Terms of
[State | Guarat_ 18141
GST No. 24RAHKB711311Z5 9355
| Pano. | IPHAYS807W 27-06-2023
[em ”™~*~<~drtCSCS<iSYT «dC | Pee | rT | To
John Jacobs Gold-Rimmed Aviator Sunglasses 60.00 1062.00
Emporio Armani Women's Aviator Sunglasses g996 | —- 18.00% | 60 | 282.00 | 304560] 19965.60
Sub Total 66428.10
Terms & Conditions Discount 3321.41
1. Goods once sold will not be taken back or exchanged.
2. Please make the payment within 30 days. Grand Total 63106.70
Authorised signature Lo
"
12098-Arjun-Das.pdf,"LensCrafters
No. 25, 3rd Floor, Orion Mall, Brigade Gateway, Dr. Rajkumar Road,
Malleshwaram, Bangalore - 560055

Bill To Invoice # 12098
Arjun Das Invoice Date 08/12/2023
29, Tulip Lane, Guwahati, P.O# 388

Assam, India _—
3 Persol Pilot Sunglasses 3,099.00 9,297.00
3 Bobster Phoenix OTG Goggles 1,099.00 3,297.00
Subtotal 12,594.00
GST 18.0% 2,266.92
TOTAL V/s // dh X 14,860.92
"
Invoice_2024-06-24_11-25-38_40.pdf,"Invoice details:
Invoice no.: 696
Date issued: 18-12-2020
Invoice From :
Specsworld Opticians
45, 4th Main, Jayamahal Extension, Mumbai - 400005 GSTIN: 29AADCS3456G1ZR
specsworldopticians@gmail.com Pan: RFRBG7060G
Contact no.: 9900232338 State: Maharashtra
Invoice To:
Anil Jain
71, Jasmine Path GSTIN: 24DBLMZ9754R1Z7
Belgaum Pan: YOLWM1850T
Contact no.: 9790354259 Email: aniljain@gmail.com State: Karnataka
Item Name HSN/SAC Qty Unit Price IGST Amount
Oakley Men’s
Rectangular
Sunglasses 9007 3 2220.00 18% 6660.00
Carrera Unisex-Adult
Rectangular
Sunglasses 9006 2 3514.00 18% 7028.00
Fastrack UV
Protected Aviator
Sunglasses 9007 1 4353.00 18% 4353.00
Sub total 18041.00
IGST 18% 3247.38
Grand Total 21288.38
Terms & Conditions
1. Payment terms are valid thirty (20) days from the date of this invoice, subject to a %2 of 2%
discount if paid within ten (10) days of the date of this invoice.
2. 30 days limited warranty unless stated otherwise in this invoice.
3. Balance due within 15 days of Invoice date. There shall be 10% Interest per Month thereafter.
4. A copy of this invoice is required, otherwise the warranty process stated herein will be delayed.
"
OpticalInvoice_2024-07-18_18-30-25_90.pdf,"Plot No. 45, GIDC Industrial Estate, Vatva, Ahmedabad, Gujarat
OPTICAL GLASSES GSTIN: 27AJHCU1234L1ZA
PERFECTING YOUR EYE PAN: RTRBG5397G
SN CeomA Invoice Date Order No Order Date Ref No Ref Date SDYocreTiPLaCIyIy Dispatch Through
1841 27-03-2023 EC1330 25-03-2023 1732 27-03-2023
Bill To Ship To
Naveen Singh Naveen Singh
78 Sapphire Residency, Waghodia Road, Near Ambe Vidyalaya, Gujarat-390019 78 Sapphire Residency, Waghodia Road, Near Ambe Vidyalaya, Gujarat-390019
State: Maharashtra State: Maharashtra
GSTIN: 24EKBCZ6231C1Z9 PAN: XLZOZ3632F GSTIN: 24EKBCZ6231C1Z9 PAN: XLZOZ3632F
| Sr.no_| Item Description | HsN | Rate = | Batch_~—|_ Qty _—(| —CGsT scst_ | Amount
1 Carrera Unisex-Adult 7184 1052.00 20230327-686 14 1325.52 1325.52 17379.04
Rectangular Sunglasses
2 Prada Polarized Round 8354 4251.00 20230327-590 19 7269.21 7269.21 95307.42
Sunglasses
3 | Calvin Klein Men's Rectangular | yey 2226.00 20230327-479 18 3606.12 | 3606.12 47280.24
Sunglasses
SUB TOTAL 159966.70
Discount 7998.34
GRAND TOTAL 151968.37
Terms & Condition
1) Goods once sold will not be taken back or exchanged
2) Any warranty claim will not be accepted without warranty card
3) Payment to be made within 30 days
"
7330-Vikram-Sethi.pdf,"John Jacobs Eyewear INVOICE
2nd Floor, Garuda Mall, Magrath Road, Ashok Nagar, Bangalore - 560025
Bill To Invoice # 7330
Vikram Sethi Invoice Date 10/08/2023
23, Hibiscus Boulevard, Chennai,
Tamil Nadu, India P.0.# 250
DESCRIPTION UNIT PRICE AMOUNT
Emporio Armani Square Metal Sunglasses 2,599.00 5,198.00
Calvin Klein Wayfarer Sunglasses 2,899.00 5,798.00
Subtotal 10,996.00
GST 18.0% 1,979.28
TOTAL XT 12,975.28
Powered by Invoice Home
"
2452-Meera-Kapoor.pdf,"Optik Eyewear
No 22, 4th Cross, Sampige Road, Malleswaram, Bangalore - 560003
Bill To Invoice # Invoice Date
Meera Kapoor 2452 02/10/2023
19, Rosewood Lane, Jaipur,
5292
ohn) Description Unit Price Amount
2 Oakley Men’s Rectangular Sunglasses 2,599.00 5,198.00
2 Vogue Eyewear Women’s Round Sunglasses 3,299.00 6,598.00
SS Subtotal 11,796.00
GST 18.0% 2,123.28
Invoice Total = 13,919.28
ee lial eS
ee ail
Powered by Invoice Home
"
04357-Sunita-Sharma.pdf,"Trendy Eyes INVOICE
No 324, 1st Floor, 9th Main, 1st Block, HRBR Layout, Bangalore - 560043
Bill To Invoice # 04357
Sunita Sharma Invoice Date 07/07/2023
31, Marigold Drive, Bangalore,
Karnataka, India P.O# 2937
DESCRIPTION UNIT PRICE AMOUNT
Carrera Oversized Sunglasses 3,599.00 7,198.00
Vincent Chase Full Rim Wayfarer Frames 1,499.00 4,497.00
Subtotal 11,695.00
GST 18.0% 2,105.10
TOTAL X 13,800.10
Powered by Invoice Home
"
OpticalInvoice_2024-07-18_18-29-54_59.pdf,"Plot No. 45, GIDC Industrial Estate, Vatva, Ahmedabad, Gujarat
OPTICAL GLASSES GSTIN: 27AJHCU1234L1ZA
PERFECTING YOUR EYE PAN: RTRBG5397G
SN CeomA Invoice Date Order No Order Date Ref No Ref Date SDYocreTiPLaCIyIy Dispatch Through
1548 11-08-2023 EC1421 09-08-2023 1528 11-08-2023
Bill To Ship To
Manish Sharma Manish Sharma
23 Pearl Paradise, Gota Road, Near SGVP Circle, Gujarat-382481 23 Pearl Paradise, Gota Road, Near SGVP Circle, Gujarat-382481
State: Maharashtra State: Maharashtra
GSTIN: 24EXLQN6986U1Z0 PAN: OLKOG8831F GSTIN: 24EXLQN6986U1Z0 PAN: OLKOG8831F
| Sr.no_| Item Description | HSN | Rate ~—|_—Batch_~—s|_ Qty (| CGST scst_ | Amount
1 Tommy Hilfiger Women’s 7470 1528.00 20230811-409 13 1787.76 1787.76 23439.52
Aviator Sunglasses
Oakley Women’s Rectangular
2 8864 4829.00 20230811-931 20 8692.20 8692.20 113964.40
Sunglasses
3 Police UV Protected Aviator | 3449 2614.00 20230811-559 18 4234.68 | 4234.68 55521.36
Sunglasses
SUB TOTAL 192925.28
Discount 9646.26
GRAND TOTAL 183279.02
Terms & Condition
1) Goods once sold will not be taken back or exchanged
2) Any warranty claim will not be accepted without warranty card
3) Payment to be made within 30 days
"
ApexInvoice_2024-07-18_18-28-28_101.pdf,"VW APEX EYEWEAR
APEX WEAR

New Hind House, Narottam Morarjee Marg, Ballard Estate, Tax Invoice

Mumbai, Maharashtra

GSTIN: 27AAACR7147G1ZQ

[Name | ___—AbhishekRoy «|| volte o [500

rsete [Carat

pPanNow | vzwkesiseg | RefNo

station ‘surat

[Name [Abhishek Roy

380015 Payment

a

Pano. [| ___——=«VawBTSBQ

[em ”™~*~<~drtCSCS<iSYT «dC | Pee | rT | To

[Foss Men's Square Sunglasses | 7312 | _1a00% | 60 | 26400 | 2es120] 1869720

es

es es
Sub Total 110548.30

Terms & Conditions Discount 5527.42

1. Goods once sold will not be taken back or exchanged.

2. Please make the payment within 30 days. Grand Total 105020.89

[Authorised signature] OOOOOSCSCSCS
"
OpticalInvoice_2024-07-18_18-29-19_24.pdf,"Plot No. 45, GIDC Industrial Estate, Vatva, Ahmedabad, Gujarat
OPTICAL GLASSES GSTIN: 27AJHCU1234L1ZA
PERFECTING YOUR EYE PAN: RTRBG5397G
SN CeomA Invoice Date Order No Order Date Ref No Ref Date SDYocreTiPLaCIyIy Dispatch Through
1111 03-11-2023 EC 1086 01-11-2023 1660 03-11-2023
Bill To Ship To
Sunita Yadav Sunita Yadav
67 Diamond Palace, Parle Point, Near Magdalla Port, Gujarat-395007 67 Diamond Palace, Parle Point, Near Magdalla Port, Gujarat-395007
State: Maharashtra State: Maharashtra
GSTIN: 24UYNIX7451Y1Z2_ PAN: IPZSD2031F GSTIN: 24UYNIX7451Y1Z2 PAN: IPZSD2031F
| Sr.no_| Item Description | HSN | Rate ~—|_—Batch_~—s|_ Qty (| CGST scst_ | Amount
1 . 8171 1793.00 20231103-981 12 1936.44 1936.44 25388.88
Fossil Men’s Square Sunglasses
2 Tommy Hilfiger UV Protected | 7554 3948.00 20231103-981 17 6040.44 | 6040.44 79196.88
Square Sunglasses
3 John Jacobs Gold-Rimmed 8777 623.00 20231103-643 18 1009.26 1009.26 13232.52
Aviator Sunglasses
SUB TOTAL 117818.28
Discount 5890.91
GRAND TOTAL 111927.37
Terms & Condition
1) Goods once sold will not be taken back or exchanged
2) Any warranty claim will not be accepted without warranty card
3) Payment to be made within 30 days
"
PerfectVisionInvoice_2024-07-08_18-33-46_75.pdf,"INVOICE .
Perfect Vision Opticals
28, 1st Floor, 2nd Cross, 1st Block, RT Nagar, Mumbai-400050
GSTIN: 28AJHCU1234L1ZA PAN: RFRBG5397G
Invoice No: 41502 BILL TO
Invoice Date: 04-04-2021 Sunita Yadav
P.O.No: 5053 23, Marigold Drive
P.O.Date: 02-04-2021 Bangalore
Ref No: 6414 Pan No: FMLYK4696B
Ref Date: 04-04-2021 Mobile No: 9738439101
Email: sunitayadav@gmail.com
GSTIN: 24SUYQM9532A1Z2
Description In Detail Code Qty Price IGST Discount Total
IDEAL Spectacle Frames for 9004 { 2552.00 18% 127.60 2424.40
Men & Women
Carrera Unisex-Adult 9005 3 3771.00 18% 565.65 10747.35
Rectangular Sunglasses
Ray-Ban Aviator Classic 9006 1 4159.00 18% 207.95 3951.05
Sunglasses
TOTAL 901.20 17122.80
Sub Total 17122.80
IGST @ 18% 3082.10
Grand Total 20204.90
PAYMENT METHOD
we Accept the PayPal, Master Card, VISA and E- Wallets
Terms & Condition:
1. Goods Once Sold Will Not be Taken Back
2. Goods Can be Exchanged During 2:00 pm to 4:00 pm
Thank you for business & visit Again
"
27047-Vikas-Jain.pdf,"INVOICE # PAA 4
NN VO ( = INVOICE DATE 17/04/2023
P.O.# 83207
FROM BILL TO INVOICE TOTAL
Gangar Eyenation Vikas Jain
No. 50, MG Road, Near 72, Daisy Square, x 1 9,1 1 0.1 0
Trinity Circle, Bangalore - Ahmedabad, Gujarat,
560001 India
DESCRIPTION UNIT PRICE QTY AMOUNT
John Jacobs Clubmaster Sunglasses 2,099.00 2 4,198.00
Polarized Sports Sunglasses for Men & 3,999.00 3 11,997.00
Women
SUBTOTAL 16,195.00
GST 18.0% 2,915.10
TOTAL = 19,110.10
Powered by Invoice Home
"
PerfectVisionInvoice_2024-07-08_18-33-17_46.pdf,"INVOICE os
Perfect Vision Opticals
28, 1st Floor, 2nd Cross, 1st Block, RT Nagar, Mumbai-400050
GSTIN: 28AJHCU1234L1ZA PAN: RFRBG5397G
Invoice No: 49140 BILL TO
Invoice Date: 16-09-2021 Pooja Mehta
P.O.No: 4714 67, Hibiscus Crescent
P.O.Date: 14-09-2021 Belgaum
Ref No: 6769 Pan No: IWKCM6268W
Ref Date: 16-09-2021 Mobile No: 9173869370
Email: poojamehta@gmail.com
GSTIN: 24IJACL8995U1Z2
Description In Detail Code Qty Price IGST Discount Total
John Jacobs Gold-Rimmed °
Aviator Sunglasses 9008 3 2439.00 18% 365.85 6951.15
Police Men’s Round Sunglasses), 9007 2 837.00 18% 83.70 1590.30
Ray-Ban Aviator Classic 9007 2 1707.00 18% 170.70 3243.30
Sunglasses
TOTAL 620.25 11784.75
Sub Total 11784.75
IGST @ 18% 2121.26
Grand Total 13906.01
PAYMENT METHOD
we Accept the PayPal, Master Card, VISA and E- Wallets
Terms & Condition:
1. Goods Once Sold Will Not be Taken Back
2. Goods Can be Exchanged During 2:00 pm to 4:00 pm
Thank you for business & visit Again
"
12092-Pooja-Agarwal.pdf,"LensCrafters
No. 25, 3rd Floor, Orion Mall, Brigade Gateway, Dr. Rajkumar Road,
Malleshwaram, Bangalore - 560055

Bill To Invoice # 12092

Pooja Agarwal Invoice Date 02/12/2023
47, Daisy Drive, Mysore,

Karnataka, India P.O.# 382

2 Vincent Chase Full Rim Spectacle Frames 1,399.00 2,798.00

3 Tommy Hilfiger Aviator Sunglasses 2,899.00 8,697.00

Subtotal 11,495.00

GST 18.0% 2,069.10

TOTAL V/s // X 13,564.10
"
Invoice_2024-06-24_11-25-57_59.pdf,"Invoice details:
Invoice no.: 665
Date issued: 31-05-2020
Invoice From :
Specsworld Opticians
45, 4th Main, Jayamahal Extension, Mumbai - 400005 GSTIN: 29AADCS3456G1ZR
specsworldopticians@gmail.com Pan: RFRBG7060G
Contact no.: 9900232338 State: Maharashtra
Invoice To:
Sunita Yadav
23, Marigold Drive GSTIN: 24LIZSZ1738X127
Bangalore Pan: CXBRJ5132N
Contact no.: 9801468034 Email: sunitayadav@gmail.com State: Karnataka
Item Name HSN/SAC Qty Unit Price IGST Amount
Fastrack UV
Protected Aviator
Sunglasses 9007 1 3690.00 18% 3690.00
Fitovers Polarized
Sunglasses 9008 2 3500.00 18% 7000.00
Persol Rectangular
Sunglasses 9007 2 1582.00 18% 3164.00
Sub total 13854.00
IGST 18% 2493.72
Grand Total 16347.72
Terms & Conditions
1. Payment terms are valid thirty (20) days from the date of this invoice, subject to a Y2 of 2%
discount if paid within ten (10) days of the date of this invoice.
2. 30 days limited warranty unless stated otherwise in this invoice.
3. Balance due within 15 days of Invoice date. There shall be 10% Interest per Month thereafter.
4. A copy of this invoice is required, otherwise the warranty process stated herein will be delayed.
"
OpticalInvoice_2024-07-18_18-30-31_96.pdf,"Plot No. 45, GIDC Industrial Estate, Vatva, Ahmedabad, Gujarat
OPTICAL GLASSES GSTIN: 27AJHCU1234L1ZA
PERFECTING YOUR EYE PAN: RTRBG5397G
SN CeomA Invoice Date Order No Order Date Ref No Ref Date SDYocreTiPLaCIyIy Dispatch Through
1098 10-10-2023 EC1485 08-10-2023 1383 10-10-2023
Bill To Ship To
Sunita Sharma Sunita Sharma
78 Crystal Heights, Manjalpur Main Road, Near Sardar Patel Stadium, Gujarat- | 78 Crystal Heights, Manjalpur Main Road, Near Sardar Patel Stadium, Gujarat-390011
390011
State: Maharashtra State: Maharashtra
GSTIN: 24JWXXE2140A1Z7 PAN: GOQPI6163H GSTIN: 24JWXXE2140A1Z7 PAN: GOQPI6163H
| Sr.no_| Item Description | HsN | Rate = | Batch_~—|_ Qty _—(| —CGsT scst_ | Amount
1 Polarized Wrap Around Sports | 27, 4959.00 20231010-263 20 8926.20 | 8926.20 117032.40
Sunglasses
2 Prada Polarized Round 7575 3045.00 20231010-044 16 4384.80 4384.80 57489.60
Sunglasses
3 Gucci Women's Cat-Eye 8012 1442.00 20231010-954 20 2595.60 2595.60 34031.20
Sunglasses
SUB TOTAL 208553.20
Discount 10427.66
GRAND TOTAL 198125.54
Terms & Condition
1) Goods once sold will not be taken back or exchanged
2) Any warranty claim will not be accepted without warranty card
3) Payment to be made within 30 days
"
ApexInvoice_2024-07-18_18-27-12_25.pdf,"APEX WEAR
New Hind House, Narottam Morarjee Marg, Ballard Estate, Tax Invoice
Mumbai, Maharashtra
GSTIN: 27AAACR7147G1ZQ
Bill To Invoice Details
GST No. 24EXFED2754B1Z0 02-12-2023
ship To [station (surat
Payment
GST No. 24EXFED2754B1Z0 9383
[em ”™~*~<~drtCSCS<iSYT «dC | Pee | rT | To
Maui Jim Polarized Sunglasses 8380 2682.90
Carrera Women’s Aviator Sunglasses 639.00 4189.00
Sub Total 48421.30
Terms & Conditions Discount 2421.07
1. Goods once sold will not be taken back or exchanged.
2. Please make the payment within 30 days. Grand Total 46000.24
Authorised signature Lo
"
Invoice_2024-06-24_11-25-53_55.pdf,"Invoice details:
Invoice no.: 112
Date issued: 23-11-2020
Invoice From :
Specsworld Opticians
45, 4th Main, Jayamahal Extension, Mumbai - 400005 GSTIN: 29AADCS3456G1ZR
specsworldopticians@gmail.com Pan: RFRBG7060G
Contact no.: 9900232338 State: Maharashtra
Invoice To:
Reena Das
85, Rosewood Lane GSTIN: 24GSKOC7070K1Z0
Hubli Pan: KOIOU2965F
Contact no.: 9169613352 Email: reenadas@gmail.com State: Karnataka
Item Name HSN/SAC Qty Unit Price IGST Amount
IDEAL Spectacle
Frames for Men &
Women 9004 2 4699.00 18% 9398.00
Puma Men’s
Wayfarer Sunglasses 9004 1 2910.00 18% 2910.00
Persol Rectangular
Sunglasses 9006 2 634.00 18% 1268.00
Sub total 13576.00
IGST 18% 2443.68
Grand Total 16019.68
Terms & Conditions
1. Payment terms are valid thirty (20) days from the date of this invoice, subject to a Y2 of 2%
discount if paid within ten (10) days of the date of this invoice.
2. 30 days limited warranty unless stated otherwise in this invoice.
3. Balance due within 15 days of Invoice date. There shall be 10% Interest per Month thereafter.
4. A copy of this invoice is required, otherwise the warranty process stated herein will be delayed.
"
ApexInvoice_2024-07-18_18-27-02_15.pdf,"Wo APEX EYEWEAR
APEX WEAR

New Hind House, Narottam Morarjee Marg, Ballard Estate, Tax Invoice

Mumbai, Maharashtra

GSTIN: 27AAACR7147G1ZQ

PName | ViayMehta || volo [ing

rsete [Carat

pPanNow | tuevEvoazG_ | RefNo

station surat

[Name [Vey Mehta

Gujarat-360005 Payment

a

[Panne | ——SCMEUETOWG

[em ”™~*~<~drtCSCS<iSYT «dC | Pee | rT | To

[Police UV Protected Aviator Sunglasses | 8826 | 180% | 60 | 32900 | ass320| 2329320

[Gailey Polarized Sports Sunglasses | 8956 | 180% | 90 | 14400 | 2as2a0] 1529200

es

es es
Sub Total 101763.20

Terms & Conditions Discount 5088.16

1. Goods once sold will not be taken back or exchanged.

2. Please make the payment within 30 days. Grand Total 96675.04

[Authorised signature] OOOOOSCSCSCS
"
ApexInvoice_2024-07-18_18-27-11_24.pdf,"Wo APEX EYEWEAR
APEX WEAR

New Hind House, Narottam Morarjee Marg, Ballard Estate, Tax Invoice

Mumbai, Maharashtra

GSTIN: 27AAACR7147G1ZQ

[Name [| _______AmitKapoor | ~—|_tvoleeNo [1189

rsete [Carat

PPanNo. | ——cauMossoac «|S RefNo

station ‘surat

[Name [Amit Kapoor

Gujarat-360001 Payment

a

Pano. | ——=SCQHMOS5OKC

[em ”™~*~<~drtCSCS<iSYT «dC | Pee | rT | To

[Polarized wrap Around Spors Sunglasses | 8777 | Ta00% | 90] «2400 | essaao| 4502680_|

es

es es
Sub Total 119244.90

Terms & Conditions Discount 5962.25

1. Goods once sold will not be taken back or exchanged.

2. Please make the payment within 30 days. Grand Total 113282.66

[Authorised signature] OOOOOSCSCSCS
"
2731254-Aakash-Mehta.pdf,"No. 124, ist Main, 7th Block, Koramangala, Bangalore - 560095
Bill To Invoice # Invoice Date
Aakash Mehta 2731254 04/12/2023
28, Sunflower Street,
8374
ohn) Description Unit Price Amount
3 Fastrack Aviator Metal Frame Sunglasses 1,399.00 4,197.00
2 Ray-Ban Wayfarer Sunglasses 3,599.00 7,198.00
SS Subtotal 11,395.00
GST 18.0% 2,051.10
Invoice Total = 13,446.10
ee lial eS
ee ail
Powered by Invoice Home
"
7632359-Kavita-Patel.pdf,"INVOICE # 7632359 INVOICE DATE 09/06/2023
P.0.# 7309
BILL TO Vasan Eye Care
Kavita Patel 44, 3rd Floor, JNC Road,
88, Orchid Avenue, Baroda, Gujarat, Koramangala 5th Block, Bangalore
India - 560095
oun 4 DESCRIPTION UNIT PRICE AMOUNT
2 Police Aviator Sunglasses 3,099.00 6,198.00
3 IDEAL Blue Cut Reading Glasses 799.00 2,397.00
Subtotal 8,595.00
GST 18.0% 1,547.10
INVOICE TOTAL X 10,142.10
Powered by Invoice Home
"
23028-Arjun-Das.pdf,"Titan Eyeplus

No 13, 3rd Block, 12th Main, Koramangala, Bangalore - 560034

BILL TO INVOICE # 23028

Arjun Das INVOICE DATE 08/06/2023

29, Tulip Lane, Guwahati, Assam, PO# 23838

India

Invoice Total ¥ 13,800.10

QTY DESCRIPTION UNIT PRICE AMOUNT

2 Ray-Ban Wayfarer Sunglasses 2,999.00 5,998.00

3 Fastrack Aviator Metal Frame Sunglasses 1,899.00 5,697.00

Subtotal 11,695.00

GST 18.0% 2,105.10
"
Invoice_2024-06-24_11-25-27_29.pdf,"Invoice details:
Invoice no.: 177
Date issued: 28-03-2020
Invoice From :
Specsworld Opticians
45, 4th Main, Jayamahal Extension, Mumbai - 400005 GSTIN: 29AADCS3456G1ZR
specsworldopticians@gmail.com Pan: RFRBG7060G
Contact no.: 9900232338 State: Maharashtra
Invoice To:
Naveen Singh
41, Palm Street GSTIN: 24ARPGV8492S1Z5
Bangalore Pan: SSCKL4139V
Contact no.: 9199866957 Email: naveensingh@gmail.com State: Karnataka
Item Name HSN/SAC Qty Unit Price IGST Amount
Ray-Ban Aviator
Classic Sunglasses 9008 2 2062.00 18% 4124.00
Bobster Eyewear
Fuel Photochromic
Goggles 9005 2 916.00 18% 1832.00
Polarized Wrap
Around Sports
Sunglasses 9007 3 3603.00 18% 10809.00
Sub total 16765.00
IGST 18% 3017.70
Grand Total 19782.70
Terms & Conditions
1. Payment terms are valid thirty (20) days from the date of this invoice, subject to a Y2 of 2%
discount if paid within ten (10) days of the date of this invoice.
2. 30 days limited warranty unless stated otherwise in this invoice.
3. Balance due within 15 days of Invoice date. There shall be 10% Interest per Month thereafter.
4. A copy of this invoice is required, otherwise the warranty process stated herein will be delayed.
"
OpticalInvoice_2024-07-18_18-30-32_97.pdf,"Plot No. 45, GIDC Industrial Estate, Vatva, Ahmedabad, Gujarat
OPTICAL GLASSES GSTIN: 27AJHCU1234L1ZA
PERFECTING YOUR EYE PAN: RTRBG5397G
SN CeomA Invoice Date Order No Order Date Ref No Ref Date SDYocreTiPLaCIyIy Dispatch Through
1547 16-07-2023 EC1362 14-07-2023 1374 16-07-2023
Bill To Ship To
Nilesh Desai Nilesh Desai
34 Emerald Enclave, Karelibaug Main Road, Near Galaxy Cinema, Gujarat-390018 34 Emerald Enclave, Karelibaug Main Road, Near Galaxy Cinema, Gujarat-390018
State: Maharashtra State: Maharashtra
GSTIN: 24THVLJ5268J1Z4 PAN: EEJGW6308V GSTIN: 24THVLJ5268J1Z4 PAN: EEJGW6308V
| Sr.no_| Item Description | HSN | Rate ~—|_—Batch_~—s|_ Qty (| CGST scst_ | Amount
1 Vogue Eyewear Women's 8821 875.00 20230716-164 12 945.00 945.00 12390.00
Round Sunglasses
2 | Calvin Klein Men's Rectangular | 7474 628.00 20230716-030 12 678.24 678.24 8892.48
Sunglasses
Calvin Klein Polarized
3 7529 4350.00 20230716-789 11 4306.50 4306.50 56463.00
Sunglasses
SUB TOTAL 77745.48
Discount 3887.27
GRAND TOTAL 73858.21
Terms & Condition
1) Goods once sold will not be taken back or exchanged
2) Any warranty claim will not be accepted without warranty card
3) Payment to be made within 30 days
"
OpticalInvoice_2024-07-18_18-29-13_18.pdf,"Plot No. 45, GIDC Industrial Estate, Vatva, Ahmedabad, Gujarat
OPTICAL GLASSES GSTIN: 27AJHCU1234L1ZA
PERFECTING YOUR EYE PAN: RTRBG5397G
SN CeomA Invoice Date Order No Order Date Ref No Ref Date SDYocreTiPLaCIyIy Dispatch Through
1510 12-03-2023 BC1724 10-03-2023 1705 12-03-2023
Bill To Ship To
Pallavi Desai Pallavi Desai
78 Crystal Park, O.P. Road, Near Vadodara Central Mall, Gujarat-390012 78 Crystal Park, O.P. Road, Near Vadodara Central Mall, Gujarat-390012
State: Maharashtra State: Maharashtra
GSTIN: 24UECLC6852M1Z3 PAN: SWOMB9304L GSTIN: 24UECLC6852M1Z3 PAN: SWOMB9304L
| Sr.no_| Item Description | HSN | Rate | Batch ~—|_ Qty | CGST sestT_ | Amount
1 . . 7057 1567.00 20230312-565 12 1692.36 1692.36 22188.72
Calvin Klein Square Sunglasses
2 Fossil Women’s Cat-Eye 8254 1160.00 20230312-400 15 1566.00 1566.00 20532.00
Sunglasses
3 Bobster Eyewear Fuel 7466 3805.00 20230312-347 15 5136.75 5136.75 67348.50
Photochromic Goggles
SUB TOTAL 110069.22
Discount 5503.46
GRAND TOTAL 104565.76
Terms & Condition
1) Goods once sold will not be taken back or exchanged
2) Any warranty claim will not be accepted without warranty card
3) Payment to be made within 30 days
"
23022-Pooja-Agarwal.pdf,"Titan Eyeplus

No 13, 3rd Block, 12th Main, Koramangala, Bangalore - 560034

BILL TO INVOICE # 23022

Pooja Agarwal INVOICE DATE 02/06/2023

47, Daisy Drive, Mysore, PO# 93832

Karnataka, India

i x 1 1

Invoice Total 5,688.10

QTY DESCRIPTION UNIT PRICE AMOUNT

3 Oakley Men’s Rectangular Sunglasses 2,099.00 6,297.00

2 Vogue Eyewear Women’s Round Sunglasses 3,499.00 6,998.00

Subtotal 13,295.00

GST 18.0% 2,393.10
"
1444-Neha-Gupta.pdf,"FROM BILL TO
Specsmakers Opticians Neha Gupta
1075, 12th Main, HAL 2nd Stage, 23, Hibiscus Street, Bhopal,
Indiranagar, Bangalore - 560008 Madhya Pradesh, India
INVOICE # INVOICE DATE P.O.#
1444 04/02/2023 94824
ary DESCRIPTION UNIT PRICE AMOUNT
2 John Jacobs Polarized Aviator Sunglasses 2,799.00 5,598.00
3 Police Wrap Around Sports Sunglasses 2,899.00 8,697.00
Subtotal 14,295.00
GST 18.0% 2,573.10
Total = 16,868.10
Powered. by Invoice Home
"
04359-Kavita-Patel.pdf,"Trendy Eyes INVOICE
No 324, 1st Floor, 9th Main, 1st Block, HRBR Layout, Bangalore - 560043
Bill To Invoice # 04359
Kavita Patel Invoice Date 09/07/2023
88, Orchid Avenue, Baroda, Gujarat,
; P.0.# 2939
India
DESCRIPTION UNIT PRICE AMOUNT
Tommy Hilfiger Sports Sunglasses 2,099.00 4,198.00
Ray-Ban Clubmaster Classic Sunglasses 2,499.00 4,998.00
Subtotal 9,196.00
GST 18.0% 1,655.28
TOTAL X 10,851.28
Powered by Invoice Home
"
Invoice_2024-06-24_11-26-01_63.pdf,"Invoice details:
Invoice no.: 328
Date issued: 06-02-2020
Invoice From :
Specsworld Opticians
45, 4th Main, Jayamahal Extension, Mumbai - 400005 GSTIN: 29AADCS3456G1ZR
specsworldopticians@gmail.com Pan: RFRBG7060G
Contact no.: 9900232338 State: Maharashtra
Invoice To:
Pooja Gupta
29, Cedar Lane GSTIN: 24VSCWV8290X1Z8
Mangalore Pan: QKXUZ7093R
Contact no.: 9663011650 Email: poojagupta@gmail.com State: Karnataka
Item Name HSN/SAC Qty Unit Price IGST Amount
Fastrack UV
Protected Aviator
Sunglasses 9008 2 648.00 18% 1296.00
Tommy Hilfiger UV
Protected Square
Sunglasses 9004 2 3314.00 18% 6628.00
Carrera Unisex-Adult
Rectangular
Sunglasses 9004 2 2802.00 18% 5604.00
Sub total 13528.00
IGST 18% 2435.04
Grand Total 15963.04
Terms & Conditions
1. Payment terms are valid thirty (20) days from the date of this invoice, subject to a Y2 of 2%
discount if paid within ten (10) days of the date of this invoice.
2. 30 days limited warranty unless stated otherwise in this invoice.
3. Balance due within 15 days of Invoice date. There shall be 10% Interest per Month thereafter.
4. A copy of this invoice is required, otherwise the warranty process stated herein will be delayed.
"
27041-Amit-Singh.pdf,"INVOICE # 27041
NN VO ( = INVOICE DATE aye
P.O.# 83201
FROM BILL TO INVOICE TOTAL
Gangar Eyenation Amit Singh
No. 50, MG Road, Near 55, Carnation Road, x 1 6,987.28
Trinity Circle, Bangalore - Jaipur, Rajasthan, India
560001
DESCRIPTION UNIT PRICE QTY AMOUNT
Puma Men’s Wayfarer Sunglasses 3,099.00 2 6,198.00
Emporio Armani Unisex-Adult Sunglasses 4,099.00 2 8,198.00
SUBTOTAL 14,396.00
GST 18.0% 2,991.28
TOTAL = 16,987.28
Powered by Invoice Home
"
Invoice_2024-06-24_11-25-31_33.pdf,"Invoice details:
Invoice no.: 179
Date issued: 05-10-2020
Invoice From :
Specsworld Opticians
45, 4th Main, Jayamahal Extension, Mumbai - 400005 GSTIN: 29AADCS3456G1ZR
specsworldopticians@gmail.com Pan: RFRBG7060G
Contact no.: 9900232338 State: Maharashtra
Invoice To:
Rahul Kapoor
45, Tulip Lane GSTIN: 240TNOQ7/614E12Z2
Mangalore Pan: GMHZM4251P
Contact no.: 9495703378 Email: rahulkapoor@gmail.com State: Karnataka
Item Name HSN/SAC Qty Unit Price IGST Amount
Nova Bluecut
Eyeglasses (Zero
Power) 9005 1 1294.00 18% 1294.00
Fastrack UV
Protected Aviator
Sunglasses 9004 3 1088.00 18% 3264.00
Fitovers Polarized
Sunglasses 9005 2 3565.00 18% 7130.00
Sub total 11688.00
IGST 18% 2103.84
Grand Total 13791.84
Terms & Conditions
1. Payment terms are valid thirty (20) days from the date of this invoice, subject to a %2 of 2%
discount if paid within ten (10) days of the date of this invoice.
2. 30 days limited warranty unless stated otherwise in this invoice.
3. Balance due within 15 days of Invoice date. There shall be 10% Interest per Month thereafter.
4. A copy of this invoice is required, otherwise the warranty process stated herein will be delayed.
"
OpticalInvoice_2024-07-18_18-30-21_86.pdf,"Plot No. 45, GIDC Industrial Estate, Vatva, Ahmedabad, Gujarat
OPTICAL GLASSES GSTIN: 27AJHCU1234L1ZA
PERFECTING YOUR EYE PAN: RTRBG5397G
SN CeomA Invoice Date Order No Order Date Ref No Ref Date SDYocreTiPLaCIyIy Dispatch Through
1391 06-10-2023 EC1660 04-10-2023 1623 06-10-2023
Bill To Ship To
Deepak Kumar Deepak Kumar
23 Pearl Paradise, CG Road, Near Law Garden, Gujarat-380009 23 Pearl Paradise, CG Road, Near Law Garden, Gujarat-380009
State: Maharashtra State: Maharashtra
GSTIN: 24HLYFL7055U1Z9_ PAN: EIEHA5287U GSTIN: 24HLYFL7055U1Z9_ ~=PAN: EIEHA5287U
| Sr.no_| Item Description | HSN | Rate ~—|_—Batch_~—s|_ Qty (| CGST scst_ | Amount
1 Prada Women’s Round 8537 869.00 20231006-139 16 1251.36 | 1251.36 16406.72
Sunglasses
2 Ray-Ban Women's Aviator 8004 4334.00 20231006-957 18 7021.08 | 7021.08 92054.16
Sunglasses
3 [IDEAL Spectacle Frames for Men} 36-44 3285.00 20231006-355 13 3843.45 | 3843.45 50391.90
& Women
SUB TOTAL 158852.78
Discount 7942.64
GRAND TOTAL 150910.14
Terms & Condition
1) Goods once sold will not be taken back or exchanged
2) Any warranty claim will not be accepted without warranty card
3) Payment to be made within 30 days
"
ApexInvoice_2024-07-18_18-27-47_60.pdf,"APEX WEAR
New Hind House, Narottam Morarjee Marg, Ballard Estate, Tax Invoice
Mumbai, Maharashtra
GSTIN: 27AAACR7147G1ZQ
Bill To Invoice Details
360002
GST No. 24TMCYG1361)1Z2 22-09-2023
[Pan No. VKQLOBSTAK Peetno fe
ship To [station (surat
78 Sapphire View, Bhaktinagar Road, Near Atmiya College, Gujarat- Terms of
GST No. 24TMCYG1361J1Z2 9218
[em ”™~*~<~drtCSCS<iSYT «dC | Pee | rT | To
Fossil Men's Square Sunglasses 331.00 29293.50
Sub Total 55849.40
Terms & Conditions Discount 2792.47
1. Goods once sold will not be taken back or exchanged.
2. Please make the payment within 30 days. Grand Total 53056.93
Authorised signature Lo
"
Invoice_2024-06-24_11-25-54_56.pdf,"Invoice details:
Invoice no.: 510
Date issued: 18-04-2020
Invoice From :
Specsworld Opticians
45, 4th Main, Jayamahal Extension, Mumbai - 400005 GSTIN: 29AADCS3456G1ZR
specsworldopticians@gmail.com Pan: RFRBG7060G
Contact no.: 9900232338 State: Maharashtra
Invoice To:
Swati Kapoor
17, Olive Drive GSTIN: 24WBQHD3599Y1Z1
Mangalore Pan: RVCMT4228Y
Contact no.: 9220406630 Email: swatikapoor@gmail.com State: Karnataka
Item Name HSN/SAC Qty Unit Price IGST Amount
Fastrack UV
Protected Aviator
Sunglasses 9005 1 2423.00 18% 2423.00
Oakley Men’s
Rectangular
Sunglasses 9008 2 1235.00 18% 2470.00
Nova Bluecut
Eyeglasses (Zero
Power) 9004 1 1607.00 18% 1607.00
Sub total 6500.00
IGST 18% 1170.00
Grand Total 7670.00
Terms & Conditions
1. Payment terms are valid thirty (20) days from the date of this invoice, subject to a %2 of 2%
discount if paid within ten (10) days of the date of this invoice.
2. 30 days limited warranty unless stated otherwise in this invoice.
3. Balance due within 15 days of Invoice date. There shall be 10% Interest per Month thereafter.
4. A copy of this invoice is required, otherwise the warranty process stated herein will be delayed.
"
Invoice_2024-06-24_11-25-22_24.pdf,"Invoice details:
Invoice no.: 928
Date issued: 16-01-2020
Invoice From :
Specsworld Opticians
45, 4th Main, Jayamahal Extension, Mumbai - 400005 GSTIN: 29AADCS3456G1ZR
specsworldopticians@gmail.com Pan: RFRBG7060G
Contact no.: 9900232338 State: Maharashtra
Invoice To:
Suraj Kumar
21, Marigold Crescent GSTIN: 24KAUV7313R1Z0
Mysore Pan: ZEEPI4054S
Contact no.: 9744219564 Email: surajkumar@gmail.com State: Karnataka
Item Name HSN/SAC Qty Unit Price IGST Amount
Polarized Wrap
Around Sports
Sunglasses 9004 1 4318.00 18% 4318.00
Vincent Chase Blue
Cut Computer
Glasses 9007 2 1533.00 18% 3066.00
Carrera Unisex-Adult
Rectangular
Sunglasses 9004 1 3660.00 18% 3660.00
Sub total 11044.00
IGST 18% 1987.92
Grand Total 13031.92
Terms & Conditions
1. Payment terms are valid thirty (20) days from the date of this invoice, subject to a Y2 of 2%
discount if paid within ten (10) days of the date of this invoice.
2. 30 days limited warranty unless stated otherwise in this invoice.
3. Balance due within 15 days of Invoice date. There shall be 10% Interest per Month thereafter.
4. A copy of this invoice is required, otherwise the warranty process stated herein will be delayed.
"
23025-Rohan-Deshmukh.pdf,"Titan Eyeplus
No 13, 3rd Block, 12th Main, Koramangala, Bangalore - 560034
BILL TO INVOICE # 23025
Rohan Deshmukh INVOICE DATE 05/06/2023
25, Orchid Avenue, Nagpur,
Maharashtra, India P.O.# 23835
i Xt 1 2
Invoice Total 3,/98.9
QTY DESCRIPTION UNIT PRICE AMOUNT
3 Tommy Hilfiger UV Protected Square Sunglasses 1,999.00 5,997.00
3 John Jacobs Gold-Rimmed Aviator Sunglasses 1,899.00 5,697.00
Subtotal 11,694.00
GST 18.0% 2,104.92
"
ApexInvoice_2024-07-18_18-27-09_22.pdf,"APEX WEAR
New Hind House, Narottam Morarjee Marg, Ballard Estate, Tax Invoice
Mumbai, Maharashtra
GSTIN: 27AAACR7147G1ZQ
Bill To Invoice Details
|State | Gujarat E1042
GST No. 24UATEK5627R1Z2 14-02-2023
| Pan No. | FCVAX9526P | RefNo {153
17-02-2023
Ship To | Station [Surat
[Name | Archana Sharma Blue Dart
56 Diamond Plaza, Athwalines Road, Near Kargil Chowk, Gujarat-395007 Terms of
Address 30Days
Payment
GST No. 24UATEK5627R1Z2 9310
| Pano. | FCVAX9526P | DueDate | 19-03-2023
[em ”™~*~<~drtCSCS<iSYT «dC | Pee | rT | To
Sub Total 125416.30
Terms & Conditions Discount 6270.82
1. Goods once sold will not be taken back or exchanged.
2. Please make the payment within 30 days. Grand Total 119145.49
Authorised signature Lo
"
PerfectVisionInvoice_2024-07-08_18-33-44_73.pdf,"INVOICE . .
Perfect Vision Opticals
28, 1st Floor, 2nd Cross, 1st Block, RT Nagar, Mumbai-400050
GSTIN: 28AJHCU1234L1ZA PAN: RFRBG5397G
Invoice No: 16535 BILL TO
Invoice Date: 17-12-2021 Sunil Verma
P.O.No: 6734 61, Tulip Boulevard
P.O.Date: 15-12-2021 Mysore
Ref No: 6101 Pan No: JFKGU6896E
Ref Date: 17-12-2021 Mobile No: 9541785148
Email: sunilverma@gmail.com
GSTIN: 24XIZOY2784G1Z6
Description In Detail Code Qty Price IGST Discount Total
Vincent Chase Blue Cut °
Computer Glasses 9005 3 2973.00 18% 445.95 8473.05
Fastrack Gradient Wayfarer 9007 { 3485.00 18% 174.25 3310.75
Sunglasses
Tommy Hilfiger UV Protected | agg¢ 2 1357.00 18% 135.70 2578.30
Square Sunglasses
TOTAL 755.90 14362.10
Sub Total 14362.10
IGST @ 18% 2585.18
Grand Total 16947.28
PAYMENT METHOD
we Accept the PayPal, Master Card, VISA and E- Wallets
Terms & Condition:
1. Goods Once Sold Will Not be Taken Back
2. Goods Can be Exchanged During 2:00 pm to 4:00 pm
Thank you for business & visit Again
"
OpticalInvoice_2024-07-18_18-30-06_71.pdf,"Plot No. 45, GIDC Industrial Estate, Vatva, Ahmedabad, Gujarat
OPTICAL GLASSES GSTIN: 27AJHCU1234L1ZA
PERFECTING YOUR EYE PAN: RTRBG5397G
SN CeomA Invoice Date Order No Order Date Ref No Ref Date SDYocreTiPLaCIyIy Dispatch Through
1501 11-11-2023 EC1461 09-11-2023 1946 11-11-2023
Bill To Ship To
Mohit Sethi Mohit Sethi
23 Pearl Paradise, CG Road, Near Law Garden, Gujarat-380009 23 Pearl Paradise, CG Road, Near Law Garden, Gujarat-380009
State: Maharashtra State: Maharashtra
GSTIN: 24BHKLN9142R1Z4 PAN: VGPVN7158C GSTIN: 24BHKLN9142R1Z4 PAN: VGPVN7158C
| Sr.no_| Item Description | HSN | Rate ~—|_—Batch_~—s|_ Qty (| CGST scst_ | Amount
1 Oakley Men’s Rectangular 7841 2014.00 20231111-257 14 2537.64 | 2537.64 33271.28
Sunglasses
2 . 8920 3196.00 20231111-524 10 2876.40 2876.40 37712.80
Gucci Men’s Square Sunglasses
3 Police UV Protected Square | 749, 1273.00 20231111-498 11 1260.27 1260.27 16523.54
Sunglasses
SUB TOTAL 87507.62
Discount 4375.38
GRAND TOTAL 83132.24
Terms & Condition
1) Goods once sold will not be taken back or exchanged
2) Any warranty claim will not be accepted without warranty card
3) Payment to be made within 30 days
"
OpticalInvoice_2024-07-18_18-30-05_70.pdf,"Plot No. 45, GIDC Industrial Estate, Vatva, Ahmedabad, Gujarat
OPTICAL GLASSES GSTIN: 27AJHCU1234L1ZA
PERFECTING YOUR EYE PAN: RTRBG5397G
SN CeomA Invoice Date Order No Order Date Ref No Ref Date SDYocreTiPLaCIyIy Dispatch Through
1190 10-01-2023 EC1822 08-01-2023 1242 10-01-2023
Bill To Ship To
Preeti Agarwal Preeti Agarwal
12 Sapphire Heights, Prahladnagar Road, Near Prahladnagar Garden, Gujarat- 12 Sapphire Heights, Prahladnagar Road, Near Prahladnagar Garden, Gujarat-380015
380015
State: Maharashtra State: Maharashtra
GSTIN: 24ZKJEV3344L1ZO PAN: OTZXR1370R GSTIN: 24ZKJEV3344L1Z0 PAN: OTZXR1370R
| Sr.no_| Item Description | HsN | Rate = | Batch_~—|_ Qty _—(| —CGsT scst_ | Amount
1 Fossil UV Protected Wayfarer | 24, 4792.00 20230110-383 11 4744.08 | 4744.08 62200.16
Sunglasses
2 Lenskart Air Wrap-Around 7604 4389.00 20230110-753 19 7505.19 7505.19 98401.38
Sunglasses
3 Ray-Ban Women's Aviator 7665 3537.00 20230110-727 20 6366.60 | 6366.60 83473.20
Sunglasses
SUB TOTAL 244074.74
Discount 12203.74
GRAND TOTAL 231871.00
Terms & Condition
1) Goods once sold will not be taken back or exchanged
2) Any warranty claim will not be accepted without warranty card
3) Payment to be made within 30 days
"
OpticalInvoice_2024-07-18_18-29-45_50.pdf,"Plot No. 45, GIDC Industrial Estate, Vatva, Ahmedabad, Gujarat
OPTICAL GLASSES GSTIN: 27AJHCU1234L1ZA
PERFECTING YOUR EYE PAN: RTRBG5397G
SN CeomA Invoice Date Order No Order Date Ref No Ref Date SDYocreTiPLaCIyIy Dispatch Through
1810 30-03-2023 EC1130 28-03-2023 1173 30-03-2023
Bill To Ship To
Pallavi Desai Pallavi Desai
78 Crystal Park, O.P. Road, Near Vadodara Central Mall, Gujarat-390012 78 Crystal Park, O.P. Road, Near Vadodara Central Mall, Gujarat-390012
State: Maharashtra State: Maharashtra
GSTIN: 24TIDTS6208M1ZO PAN: DFKUF3220W GSTIN: 24TIDTS6208M1ZO PAN: DFKUF3220W
| Sr.no_| Item Description | HSN | Rate ~—|_—Batch_~—s|_ Qty (| CGST scst_ | Amount
1 Fossil Women’s Rectangular | g9c4 1869.00 20230330-074 14 2354.94 | 2354.94 30875.88
Sunglasses
2 8372 2367.00 20230330-453 19 4047.57 4047.57 53068.14
Persol Rectangular Sunglasses
3 Vogue Eyewear Women's 8901 3383.00 20230330-646 15 4567.05 | 4567.05 59879.10
Round Sunglasses
SUB TOTAL 143823.12
Discount 7191.16
GRAND TOTAL 136631.96
Terms & Condition
1) Goods once sold will not be taken back or exchanged
2) Any warranty claim will not be accepted without warranty card
3) Payment to be made within 30 days
"
B-4710-Anjali-Desai.pdf,"INVOICE # B/4710 INVOICE DATE 10/07/2023
P.O.# 09490
BILL TO Ben Franklin Opticians
Anjali Desai 438, 17th Main, 4th T Block,
7, Magnolia Drive, Surat, Gujarat, Jayanagar, Bangalore - 560041
India
oun 4 DESCRIPTION UNIT PRICE AMOUNT
2 Persol Rectangular Sunglasses 3,599.00 7,198.00
3 Puma Men’s Wayfarer Sunglasses 2,099.00 6,297.00
Subtotal 13,495.00
GST 18.0% 2,429.10
INVOICE TOTAL X 15,924.10
Powered by Invoice Home
"
OpticalInvoice_2024-07-18_18-29-50_55.pdf,"Plot No. 45, GIDC Industrial Estate, Vatva, Ahmedabad, Gujarat
OPTICAL GLASSES GSTIN: 27AJHCU1234L1ZA
PERFECTING YOUR EYE PAN: RTRBG5397G
SN CeomA Invoice Date Order No Order Date Ref No Ref Date SDYocreTiPLaCIyIy Dispatch Through
1264 29-04-2023 EC1187 27-04-2023 1075 29-04-2023
Bill To Ship To
Mohit Gupta Mohit Gupta
45 Ruby Residency, Infocity Road, Near GMDC Ground, Gujarat-382421 45 Ruby Residency, Infocity Road, Near GMDC Ground, Gujarat-382421
State: Maharashtra State: Maharashtra
GSTIN: 24JHZNU3571A1Z9 PAN: DCUDX5840Y GSTIN: 24JHZNU3571A1Z9 PAN: DCUDX5840Y
| Sr.no_| Item Description | HSN | Rate | Batch ~—|_ Qty | CGST sestT_ | Amount
1 . 7438 2780.00 20230429-864 19 4753.80 4753.80 62327.60
Puma Men’s Aviator Sunglasses
Prada Women’s Round
2 7390 1110.00 20230429-415 18 1798.20 1798.20 23576.40
Sunglasses
3 . 8803 3002.00 20230429-788 10 2701.80 2701.80 35423.60
Diesel UV Protected Sunglasses
SUB TOTAL 121327.60
Discount 6066.38
GRAND TOTAL 115261.22
Terms & Condition
1) Goods once sold will not be taken back or exchanged
2) Any warranty claim will not be accepted without warranty card
3) Payment to be made within 30 days
"
ApexInvoice_2024-07-18_18-28-27_100.pdf,"APEX WEAR
New Hind House, Narottam Morarjee Marg, Ballard Estate, Tax Invoice
Mumbai, Maharashtra
GSTIN: 27AAACR7147G1ZQ
Bill To Invoice Details
GST No. 24UGAIS890911Z7 10-06-2023
ship To [station surat
Payment
GST No. 24UGAIS890911Z7 9209
[em ”™~*~<~drtCSCS<iSYT «dC | Pee | rT | To
Nova Bluecut Eyeglasses (Zero Power) 2910.60 19080.60
John Jacobs Gold-Rimmed Aviator Sunglasses 8360 | 18.00% | 60 | 7000 | 756.00 | 4956.00
Sub Total 78340.20
Terms & Conditions Discount 3917.01
1. Goods once sold will not be taken back or exchanged.
2. Please make the payment within 30 days. Grand Total 74423.19
Authorised signature Lo
"
ApexInvoice_2024-07-18_18-27-28_41.pdf,"APEX WEAR
New Hind House, Narottam Morarjee Marg, Ballard Estate, Tax Invoice
Mumbai, Maharashtra
GSTIN: 27AAACR7147G1ZQ
Bill To Invoice Details
382421
GST No. 24AFOMV2494P1Z8 11-01-2023
ship To [station (surat
45 Ruby Residency, Gandhinagar Road, Near Adalaj Stepwell, Gujarat- Terms of
GST No. 24AFOMV2494P1Z8 9806
[em ”™~*~<~drtCSCS<iSYT «dC | Pee | rT | To
Calvin Klein Square Sunglasses | 8237, || —18.00% | 60 | 396.00 28036.80
Fossil Women’s Rectangular Sunglasses 1008.00 6608.00
Tommy Hilfiger Women’s Aviator Sunglasses 296.00 | 1065.60 | 6985.60
Police Polarized Sports Sunglasses 206.00 20661.80
Sub Total 62292.20
Terms & Conditions Discount 3114.61
1. Goods once sold will not be taken back or exchanged.
2. Please make the payment within 30 days. Grand Total 59177.59
Authorised signature Lo
"
PerfectVisionInvoice_2024-07-08_18-32-31_1.pdf,"INVOICE . .
Perfect Vision Opticals
28, 1st Floor, 2nd Cross, 1st Block, RT Nagar, Mumbai-400050
GSTIN: 28AJHCU1234L1ZA PAN: RFRBG5397G
Invoice No: 69875 BILL TO
Invoice Date: 18-04-2021 Vijay Mehta
P.O.No: 4374 56, Marigold Lane
P.O.Date: 16-04-2021 Belgaum
Ref No: 6270 Pan No: XRKKQ5991A
Ref Date: 18-04-2021 Mobile No: 9638826037
Email: vijaymehta@gmail.com
GSTIN: 24ZCGYY8384C1Z8
Description In Detail Code Qty Price IGST Discount Total
Carrera Unisex-Adult 9007 1 3352.00 18% 167.60 3184.40
Rectangular Sunglasses
Puma Men's Wayfarer 9006 3 757.00 18% 113.55 2157.45
Sunglasses
Vogue Eyewear Women's 9005 2 3031.00 18% 303.10 5758.90
Round Sunglasses
TOTAL 584.25 11100.75
Sub Total 11100.75
IGST @ 18% 1998.14
Grand Total 13098.89
PAYMENT METHOD
we Accept the PayPal, Master Card, VISA and E- Wallets
Terms & Condition:
1. Goods Once Sold Will Not be Taken Back
2. Goods Can be Exchanged During 2:00 pm to 4:00 pm
Thank you for business & visit Again
"
ApexInvoice_2024-07-18_18-27-39_52.pdf,"APEX WEAR
New Hind House, Narottam Morarjee Marg, Ballard Estate, Tax Invoice
Mumbai, Maharashtra
GSTIN: 27AAACR7147G1ZQ
Bill To Invoice Details
382421
GST No. 24UNQRO8541L1Z4 27-12-2023
ship To [station (surat
45 Ruby Residency, Gandhinagar Road, Near Adalaj Stepwell, Gujarat- Terms of
GST No. 24UNQRO8541L1Z4 9519
[em ”™~*~<~drtCSCS<iSYT «dC | Pee | rT | To
Polarized Wrap Around Sports Sunglasses | 9005 | 18.00% | 60 | 524.00 | 5659.20, 37099.20
Sub Total 102937.30
Terms & Conditions Discount 5146.87
1. Goods once sold will not be taken back or exchanged.
2. Please make the payment within 30 days. Grand Total 97790.44
Authorised signature Lo
"
OpticalInvoice_2024-07-18_18-30-23_88.pdf,"Plot No. 45, GIDC Industrial Estate, Vatva, Ahmedabad, Gujarat
OPTICAL GLASSES GSTIN: 27AJHCU1234L1ZA
PERFECTING YOUR EYE PAN: RTRBG5397G
SN CeomA Invoice Date Order No Order Date Ref No Ref Date SDYocreTiPLaCIyIy Dispatch Through
1530 05-11-2023 EC1060 03-11-2023 1366 05-11-2023
Bill To Ship To
Shraddha Joshi Shraddha Joshi
56 Diamond Garden, City Light Road, Near Galaxy Circle, Gujarat-395007 56 Diamond Garden, City Light Road, Near Galaxy Circle, Gujarat-395007
State: Maharashtra State: Maharashtra
GSTIN: 2€4WRTTO3742D1Z3 PAN: SHHMK5800Z GSTIN: 2€4WRTTO3742D1Z3 PAN: SHHMK5800Z
| Sr.no_| Item Description | HSN | Rate ~—|_—Batch_~—s|_ Qty (| CGST scst_ | Amount
1 . . 8823 3897.00 20231105-493 15 5260.95 5260.95 68976.90
Fossil Men’s Aviator Sunglasses
2 Gucci Women’s Cat-Eye 7518 4499.00 20231105-038 17 6883.47 | 6883.47 90249.94
Sunglasses
3 Prada Women’s Round 7500 948.00 20231105-557 20 1706.40 | 1706.40 22372.80
Sunglasses
SUB TOTAL 181599.64
Discount 9079.98
GRAND TOTAL 172519.66
Terms & Condition
1) Goods once sold will not be taken back or exchanged
2) Any warranty claim will not be accepted without warranty card
3) Payment to be made within 30 days
"
140-Anjali-Desai.pdf,"FROM BILL T0
Vision Express Anjali Desai
1st Floor, Phoenix Marketcity, 7, Magnolia Drive, Surat, Gujarat,
Whitefield Main Road, Bangalore - India
560066
INVOICE # INVOICE DATE P.0.#
140 30/01/2023 0230
ary DESCRIPTION UNIT PRICE AMOUNT
3 Fastrack Polarized Aviator Sunglasses 2,299.00 6,897.00
2 Oakley Holbrook Square Sunglasses 4,099.00 8,198.00
Subtotal 15,095.00
GST 18.0% 2,717.10
Total = 17,812.10
Powered. by Invoice Home
"
PerfectVisionInvoice_2024-07-08_18-33-23_52.pdf,"INVOICE . .
Perfect Vision Opticals
28, 1st Floor, 2nd Cross, 1st Block, RT Nagar, Mumbai-400050
GSTIN: 28AJHCU1234L1ZA PAN: RFRBG5397G
Invoice No: 27921 BILL TO
Invoice Date: 06-06-2021 Vikash Mehta
P.O.No: 6673 28, Lotus Drive
P.O.Date: 04-06-2021 Belgaum
Ref No: 6239 Pan No: NTLMR2043S
Ref Date: 06-06-2021 Mobile No: 9885085964
Email: vikashmehta@gmail.com
GSTIN: 24YVTMM9007P1Z0
Description In Detail Code Qty Price IGST Discount Total
Nova Bluecut Eyeglasses (Zero | ggg 1 4273.00 18% 213.65 4059.35
Power)
Polarized Wrap Around Sports| gqog 1 2445.00 18% 122.25 2322.75
Sunglasses
Emporio Armani Unisex-Adult | ggg 2 3700.00 18% 370.00 7030.00
Sunglasses
TOTAL 705.90 13412.10
Sub Total 13412.10
IGST @ 18% 2414.18
Grand Total 15826.28
PAYMENT METHOD
we Accept the PayPal, Master Card, VISA and E- Wallets
Terms & Condition:
1. Goods Once Sold Will Not be Taken Back
2. Goods Can be Exchanged During 2:00 pm to 4:00 pm
Thank you for business & visit Again
"
B-4709-Arvind-Kumar.pdf,"INVOICE # B/4709 INVOICE DATE 09/07/2023
P.O.# 09489
BILL TO Ben Franklin Opticians
Arvind Kumar 438, 17th Main, 4th T Block,
98, Lavender Path, Ranchi, Jayanagar, Bangalore - 560041
Jharkhand, India
oun 4 DESCRIPTION UNIT PRICE AMOUNT
2 Fitovers Polarized Sunglasses 2,999.00 5,198.00
2 Fastrack Gradient Wayfarer Sunglasses 2,299.00 4,598.00
Subtotal 9,796.00
GST 18.0% 1,763.28
INVOICE TOTAL X 11,559.28
Powered by Invoice Home
"
002679-Mira-Sethi.pdf,"No 20, Ground Floor, Brigade Road, Bangalore - 560001

Bill To Invoice # 002679

Mira Sethi Invoice Date 09/06/2023

6, Sunflower Street, Amritsar, P.O# 2449
Punjab, India

Olin Description Unit Price Amount

3 Oakley Flak 2.0 XL Sunglasses 2,599.00 7,797.00

3 Fitovers Polarized Wrap-Around Sunglasses 2,099.00 6,297.00

Subtotal 14,094.00

GST 18.0% 2,536.92

TOTAL 444 % 16,630.92
"
OpticalInvoice_2024-07-18_18-29-18_23.pdf,"Plot No. 45, GIDC Industrial Estate, Vatva, Ahmedabad, Gujarat
OPTICAL GLASSES GSTIN: 27AJHCU1234L1ZA
PERFECTING YOUR EYE PAN: RTRBG5397G
SN CeomA Invoice Date Order No Order Date Ref No Ref Date SDYocreTiPLaCIyIy Dispatch Through
1278 18-01-2023 EC1091 16-01-2023 1350 18-01-2023
Bill To Ship To
Rajesh Verma Rajesh Verma
45 Sapphire Plaza, Adalaj Road, Near Adalaj Stepwell, Gujarat-382421 45 Sapphire Plaza, Adalaj Road, Near Adalaj Stepwell, Gujarat-382421
State: Maharashtra State: Maharashtra
GSTIN: 24XBDCW333101Z4 PAN: WEWZB4315M GSTIN: 24XBDCW333101Z4 PAN: WEWZB4315M
| Sr.no_| Item Description | HSN [| Rate — || Batch ~— || Qty | CGST scsT_ | Amount
1 Gucci Women's Cat-Eye 7707 2541.00 20230118-434 16 3659.04 3659.04 47974.08
Sunglasses
2 Vincent Chase Blue Cut 8735 2057.00 20230118-540 17 3147.21 3147.21 41263.42
Computer Glasses
Poli V Protected S
3 lice UV Protected Square | 574 2856.00 20230118-890 17 4369.68 | 4369.68 57291.36
Sunglasses
SUB TOTAL 146528.86
Discount 7326.44
GRAND TOTAL 139202.42
Terms & Condition
1) Goods once sold will not be taken back or exchanged
2) Any warranty claim will not be accepted without warranty card
3) Payment to be made within 30 days
"
19002-Nisha-Verma.pdf,"INVOICE # snclel0y72
iN VO ( = INVOICE DATE 02/05/2023
P.O.# 0832
FROM BILL TO INVOICE TOTAL
Lenskart.com Nisha Verma
98, 27th Main Rd, ‘st 88, Marigold Boulevard, x 1 0 ,3/9.28
Sector, HSR Layout, Patna, Bihar, India
Bangalore - 560102
DESCRIPTION UNIT PRICE QTY AMOUNT
Oakley Men’s Rectangular Sunglasses 2,399.00 2 4,798.00
Vogue Eyewear Women’s Round Sunglasses 1,999.00 2 3,998.00
SUBTOTAL 8,796.00
GST 18.0% 1,583.28
TOTAL = 10,379.28
Powered by Invoice Home
"
Invoice_2024-06-24_11-25-51_53.pdf,"Invoice details:
Invoice no.: 174
Date issued: 01-07-2020
Invoice From :
Specsworld Opticians
45, 4th Main, Jayamahal Extension, Mumbai - 400005 GSTIN: 29AADCS3456G1ZR
specsworldopticians@gmail.com Pan: RFRBG7060G
Contact no.: 9900232338 State: Maharashtra
Invoice To:
Anuja lyer
31, Palm Lane GSTIN: 24HEIOT3 706Y1Z8
Bangalore Pan: XQPGD8781B
Contact no.: 9240189542 Email: anujaiyer@gmail.com State: Karnataka
Item Name HSN/SAC Qty Unit Price IGST Amount
Emporio Armani
Unisex-Adult
Sunglasses 9008 1 2982.00 18% 2982.00
Oakley Men’s
Rectangular
Sunglasses 9005 3 1443.00 18% 4329.00
Fitovers Polarized
Sunglasses 9008 2 2531.00 18% 5062.00
Sub total 12373.00
IGST 18% 2227.14
Grand Total 14600.14
Terms & Conditions
1. Payment terms are valid thirty (20) days from the date of this invoice, subject to a %2 of 2%
discount if paid within ten (10) days of the date of this invoice.
2. 30 days limited warranty unless stated otherwise in this invoice.
3. Balance due within 15 days of Invoice date. There shall be 10% Interest per Month thereafter.
4. A copy of this invoice is required, otherwise the warranty process stated herein will be delayed.
"
19005-Rakesh-Sharma.pdf,"INVOICE # 19005
NN VO ( = INVOICE DATE Weare
P.O.# 0835
FROM BILL TO INVOICE TOTAL
Lenskart.com Rakesh Sharma
98, 27th Main Rd, ‘st 67, Violet Avenue, x 1 1 920.92
Sector, HSR Layout, Kolkata, West Bengal,
Bangalore - 560102 India
DESCRIPTION UNIT PRICE QTY AMOUNT
Polarized Wrap Around Sports Sunglasses 899.00 4 3,596.00
John Jacobs Gold-Rimmed Aviator Sunglasses 2,999.00 2 5,998.00
SUBTOTAL 9,594.00
GST 18.0% 1,726.92
TOTAL = 11,320.92
Powered by Invoice Home
"
002677-Harshita-Patel.pdf,"No 20, Ground Floor, Brigade Road, Bangalore - 560001

Bill To Invoice # 002677

Harshita Patel Invoice Date 07/06/2023
10, Rose Crescent, Varanasi,

Uttar Pradesh, India P.O.# aoe

Olin Description Unit Price Amount

3 Lenskart Air Wrap-Around Sunglasses 1,599.00 4,797.00

3 Calvin Klein Square Sunglasses 2,199.00 6,597.00

Subtotal 11,394.00

GST 18.0% 2,050.92

TOTAL S11 dh X 13,444.92
"
Invoice_2024-06-24_11-25-26_28.pdf,"Invoice details:
Invoice no.: 382
Date issued: 06-05-2020
Invoice From :
Specsworld Opticians
45, 4th Main, Jayamahal Extension, Mumbai - 400005 GSTIN: 29AADCS3456G1ZR
specsworldopticians@gmail.com Pan: RFRBG7060G
Contact no.: 9900232338 State: Maharashtra
Invoice To:
Ashok Kumar
19, Olive Lane GSTIN: 24LFCLB2179Q12Z6
Mysore Pan: ZSVVH6091M
Contact no.: 9143478949 Email: ashokkumar@gmail.com State: Karnataka
Item Name HSN/SAC Qty Unit Price IGST Amount
Oakley Men’s
Rectangular
Sunglasses 9007 2 4970.00 18% 9940.00
Carrera Unisex-Adult
Rectangular
Sunglasses 9006 1 1863.00 18% 1863.00
Fastrack Gradient
Wayfarer Sunglasses 9007 1 1190.00 18% 1190.00
Sub total 12993.00
IGST 18% 2338.74
Grand Total 15331.74
Terms & Conditions
1. Payment terms are valid thirty (20) days from the date of this invoice, subject to a Y2 of 2%
discount if paid within ten (10) days of the date of this invoice.
2. 30 days limited warranty unless stated otherwise in this invoice.
3. Balance due within 15 days of Invoice date. There shall be 10% Interest per Month thereafter.
4. A copy of this invoice is required, otherwise the warranty process stated herein will be delayed.
"
ApexInvoice_2024-07-18_18-28-02_75.pdf,"Wo APEX EYEWEAR
APEX WEAR

New Hind House, Narottam Morarjee Marg, Ballard Estate, Tax Invoice

Mumbai, Maharashtra

GSTIN: 27AAACR7147G1ZQ

[Name] AmitKapoor |S volo [a7

rsete [Carat

Pano. | RRCASSOTS «CSC Ref

[station (surat

[Name [Amit Kapoor

89 Sapphire Enclave, Race Course Ring Road, Near Kuvadava Road, Terms of

a

PPanNo. | CRRCASSOTS

[em ”™~*~<~drtCSCS<iSYT «dC | Pee | rT | To

es

es
Sub Total 14927.00

Terms & Conditions Discount 746.35

1. Goods once sold will not be taken back or exchanged.

2. Please make the payment within 30 days. Grand Total 14180.65

[Authorised signature] OOOOOSCSCSCS
"
2460-Vikram-Sethi.pdf,"Optik Eyewear
No 22, 4th Cross, Sampige Road, Malleswaram, Bangalore - 560003
Bill To Invoice # Invoice Date
Vikram Sethi 2460 10/10/2023
23, Hibiscus Boulevard,
5290
ohn) Description Unit Price Amount
2 Bobster Eyewear Fuel Photochromic Goggles 3,099.00 6,198.00
2 Fastrack Gradient Wayfarer Sunglasses 2,599.00 5,198.00
———
Subtotal 11,396.00
GST 18.0% 2,051.28
Invoice Total = 13,447.28
EEE eS
ee ail
Powered by Invoice Home
"
OpticalInvoice_2024-07-18_18-29-32_37.pdf,"Plot No. 45, GIDC Industrial Estate, Vatva, Ahmedabad, Gujarat
OPTICAL GLASSES GSTIN: 27AJHCU1234L1ZA
PERFECTING YOUR EYE PAN: RTRBG5397G
SN CeomA Invoice Date Order No Order Date Ref No Ref Date SDYocreTiPLaCIyIy Dispatch Through
1068 12-08-2023 EC1414 10-08-2023 1352 12-08-2023
Bill To Ship To
Ritu Sharma Ritu Sharma
12 Sapphire Avenue, Bodakdev Road, Near Vastrapur Lake, Gujarat-380054 12 Sapphire Avenue, Bodakdev Road, Near Vastrapur Lake, Gujarat-380054
State: Maharashtra State: Maharashtra
GSTIN: 24JHZIC675911Z2 PAN: DLYZX4390U GSTIN: 24JHZIC675911Z2 PAN: DLYZX4390U
| Sr.no_| Item Description | HSN | Rate ~—|_—Batch_~—s|_ Qty (| CGST scst_ | Amount
1 . . 7783 3385.00 20230812-238 10 3046.50 3046.50 39943.00
Calvin Klein Square Sunglasses
2 Fossil Women’s Rectangular | Jo¢5 4406.00 20230812-121 11 4361.94 | 4361.94 57189.88
Sunglasses
Tommy Hilfiger Men’s
3 7607 1868.00 20230812-536 14 2353.68 2353.68 30859.36
Rectangular Sunglasses
SUB TOTAL 127992.24
Discount 6399.61
GRAND TOTAL 121592.63
Terms & Condition
1) Goods once sold will not be taken back or exchanged
2) Any warranty claim will not be accepted without warranty card
3) Payment to be made within 30 days
"
OpticalInvoice_2024-07-18_18-30-15_80.pdf,"Plot No. 45, GIDC Industrial Estate, Vatva, Ahmedabad, Gujarat
OPTICAL GLASSES GSTIN: 27AJHCU1234L1ZA
PERFECTING YOUR EYE PAN: RTRBG5397G
SN CeomA Invoice Date Order No Order Date Ref No Ref Date SDYocreTiPLaCIyIy Dispatch Through
1159 15-01-2023 EC1727 13-01-2023 1961 15-01-2023
Bill To Ship To
Snehal Patel Snehal Patel
91 Ruby Residency, Kalol Highway, Near GIDC Estate, Gujarat-382721 91 Ruby Residency, Kalol Highway, Near GIDC Estate, Gujarat-382721
State: Maharashtra State: Maharashtra
GSTIN: 24RDIMH3796K1Z9_ PAN: PAERM7263T GSTIN: 24RDIMH3796K1Z9_ PAN: PAERM7263T
| Sr.no_| Item Description | HSN | Rate ~—|_—Batch_~—s|_ Qty (| CGST scst_ | Amount
1 Fossil Women’s Rectangular | F544 2396.00 20230115-948 15 3234.60 3234.60 42409.20
Sunglasses
2 Vincent Chase Blue Cut 7076 2872.00 20230115-956 12 3101.76 3101.76 40667.52
Computer Glasses
3 . 7784 3238.00 20230115-924 20 5828.40 5828.40 76416.80
Puma Men’s Aviator Sunglasses
SUB TOTAL 159493.52
Discount 7974.68
GRAND TOTAL 151518.84
Terms & Condition
1) Goods once sold will not be taken back or exchanged
2) Any warranty claim will not be accepted without warranty card
3) Payment to be made within 30 days
"
2731251-Vikram-Sethi.pdf,"No. 124, ist Main, 7th Block, Koramangala, Bangalore - 560095
Bill To Invoice # Invoice Date
Vikram Sethi 2731251 01/12/2023
23, Hibiscus Boulevard,
8371
ohn) Description Unit Price Amount
2 Persol Rectangular Sunglasses 3,099.00 6,198.00
2 Puma Men’s Wayfarer Sunglasses 2,299.00 4,598.00
———
Subtotal 10,796.00
GST 18.0% 1,943.28
Invoice Total san AT slo As,
ee lial eS
ee ail
Powered by Invoice Home
"
23030-Rahul-Bhardwaj.pdf,"Titan Eyeplus

No 13, 3rd Block, 12th Main, Koramangala, Bangalore - 560034

BILL TO INVOICE # 23030

Rahul Bhardwaj INVOICE DATE 10/06/2023

12, Maple Drive, Trivandrum, PO# 23830

Kerala, India

i <= 2

Invoice Total 16,515.28

QTY DESCRIPTION UNIT PRICE AMOUNT

2 Vogue Women’s Cat Eye Sunglasses 3,099.00 6,198.00

2 Carrera Men’s Pilot Sunglasses 3,899.00 7,798.00

Subtotal 13,996.00

GST 18.0% 2,919.28
"
Invoice_2024-06-24_11-26-00_62.pdf,"Invoice details:
Invoice no.: 756
Date issued: 08-02-2020
Invoice From :
Specsworld Opticians
45, 4th Main, Jayamahal Extension, Mumbai - 400005 GSTIN: 29AADCS3456G1ZR
specsworldopticians@gmail.com Pan: RFRBG7060G
Contact no.: 9900232338 State: Maharashtra
Invoice To:
Naveen Singh
41, Palm Street GSTIN: 24NWXLO6422P1Z27
Bangalore Pan: MFBNV8509R
Contact no.: 9620702179 Email: naveensingh@gmail.com State: Karnataka
Item Name HSN/SAC Qty Unit Price IGST Amount
Tommy Hilfiger UV
Protected Square
Sunglasses 9004 2 625.00 18% 1250.00
Lenskart Air Wrap-
Around Sunglasses 9006 2 920.00 18% 1840.00
Fastrack Gradient
Wayfarer Sunglasses 9006 1 4200.00 18% 4200.00
Sub total 7290.00
IGST 18% 1312.20
Grand Total 8602.20
Terms & Conditions
1. Payment terms are valid thirty (20) days from the date of this invoice, subject to a %2 of 2%
discount if paid within ten (10) days of the date of this invoice.
2. 30 days limited warranty unless stated otherwise in this invoice.
3. Balance due within 15 days of Invoice date. There shall be 10% Interest per Month thereafter.
4. A copy of this invoice is required, otherwise the warranty process stated herein will be delayed.
"
19007-Vikas-Jain.pdf,"INVOICE # 19007
NN VO ( = INVOICE DATE WAIN
P.O.# 0837
FROM BILL TO INVOICE TOTAL
Lenskart.com Vikas Jain
98, 27th Main Rd, ‘st 72, Daisy Square, x 1 2,263.74
Sector, HSR Layout, Ahmedabad, Gujarat,
Bangalore - 560102 India
DESCRIPTION UNIT PRICE QTY AMOUNT
IDEAL Spectacle Frames for Men & Women 2,399.00 3 7,197.00
Nova Bluecut Eyeglasses (Zero Power) 799.00 4 3,196.00
SUBTOTAL 10,393.00
GST 18.0% 1,870.74
TOTAL X 12,263.74
Powered by Invoice Home
"
OpticalInvoice_2024-07-18_18-29-44_49.pdf,"Plot No. 45, GIDC Industrial Estate, Vatva, Ahmedabad, Gujarat
OPTICAL GLASSES GSTIN: 27AJHCU1234L1ZA
PERFECTING YOUR EYE PAN: RTRBG5397G
SN CeomA Invoice Date Order No Order Date Ref No Ref Date SDYocreTiPLaCIyIy Dispatch Through
1870 03-08-2023 EC1447 01-08-2023 1262 03-08-2023
Bill To Ship To
Anjali Singh Anjali Singh
89 Sapphire Society, Raiya Road, Near Rajkot Junction, Gujarat-360007 89 Sapphire Society, Raiya Road, Near Rajkot Junction, Gujarat-360007
State: Maharashtra State: Maharashtra
GSTIN: 24EZRMO3954N1Z4 PAN: SWLMH57870 GSTIN: 24EZRMO3954N1Z4 PAN: SWLMH57870
| Sr.no_| Item Description | HSN | Rate | Batch ~—|_ Qty | CGST sestT_ | Amount
1 . . 7370 1524.00 20230803-148 18 2468.88 2468.88 32369.76
Maui Jim Polarized Sunglasses
Ray-Ban Men’s Wayfarer
2 7886 639.00 20230803-840 19 1092.69 1092.69 14326.38
Sunglasses
3 . 8477 2289.00 20230803-432 12 2472.12 2472.12 32412.24
Police Men’s Round Sunglasses
SUB TOTAL 79108.38
Discount 3955.42
GRAND TOTAL 75152.96
Terms & Condition
1) Goods once sold will not be taken back or exchanged
2) Any warranty claim will not be accepted without warranty card
3) Payment to be made within 30 days
"
OpticalInvoice_2024-07-18_18-30-22_87.pdf,"Plot No. 45, GIDC Industrial Estate, Vatva, Ahmedabad, Gujarat
OPTICAL GLASSES GSTIN: 27AJHCU1234L1ZA
PERFECTING YOUR EYE PAN: RTRBG5397G
SN CeomA Invoice Date Order No Order Date Ref No Ref Date SDYocreTiPLaCIyIy Dispatch Through
1116 14-07-2023 EC1574 12-07-2023 1003 14-07-2023
Bill To Ship To
Rajat Mehta Rajat Mehta
78 Sapphire Park, 150 Feet Ring Road, Near Race Course Ring Road, Gujarat- 78 Sapphire Park, 150 Feet Ring Road, Near Race Course Ring Road, Gujarat-360005
360005
State: Maharashtra State: Maharashtra
GSTIN: 24KFXYC2830A1Z9 PAN: CLMXA7494I GSTIN: 24KFXYC2830A1Z9 PAN: CLMXA7494I
| Sr.no_| Item Description | HSN | Rate ~—|_—Batch_~—s|_ Qty (| CGST scst_ | Amount
1 Fastrack Gradient Wayfarer | 465 2171.00 20230714-181 18 3517.02 3517.02 46112.04
Sunglasses
2 . . 8058 1178.00 20230714-186 17 1802.34 1802.34 23630.68
Calvin Klein Square Sunglasses
3 Vincent Chase Blue Cut 7662 751.00 20230714-513 12 811.08 811.08 10634.16
Computer Glasses
SUB TOTAL 80376.88
Discount 4018.84
GRAND TOTAL 76358.04
Terms & Condition
1) Goods once sold will not be taken back or exchanged
2) Any warranty claim will not be accepted without warranty card
3) Payment to be made within 30 days
"
OpticalInvoice_2024-07-18_18-30-01_66.pdf,"Plot No. 45, GIDC Industrial Estate, Vatva, Ahmedabad, Gujarat
OPTICAL GLASSES GSTIN: 27AJHCU1234L1ZA
PERFECTING YOUR EYE PAN: RTRBG5397G
SN CeomA Invoice Date Order No Order Date Ref No Ref Date SDYocreTiPLaCIyIy Dispatch Through
1782 01-11-2023 EC1090 30-10-2023 1046 01-11-2023
Bill To Ship To
Pooja Gupta Pooja Gupta
91 Ruby Tower, Airport Road, Near Vadodara International Airport, Gujarat- 91 Ruby Tower, Airport Road, Near Vadodara International Airport, Gujarat-390022
390022
State: Maharashtra State: Maharashtra
GSTIN: 24JZOXT9867G1Z1 PAN: SMLJD2562T GSTIN: 24JZOXT9867G1Z1 PAN: SMLJD2562T
| Sr.no_| Item Description | HSN | Rate | Batch ~—|_ Qty | CGST sestT_ | Amount
1 Vogue Eyewear Women's 8493 2830.00 20231101-533 13 3311.10 | 3311.10 43412.20
Round Sunglasses
Vogue Women’s Wayfarer
2 8411 2376.00 20231101-089 16 3421.44 3421.44 44858.88
Sunglasses
3 Polarized Wrap Around Sports | 7646 3048.00 20231101-978 13 3566.16 | 3566.16 46756.32
Sunglasses
SUB TOTAL 135027.40
Discount 6751.37
GRAND TOTAL 128276.03
Terms & Condition
1) Goods once sold will not be taken back or exchanged
2) Any warranty claim will not be accepted without warranty card
3) Payment to be made within 30 days
"
7321-Rohit-Chawla.pdf,"John Jacobs Eyewear INVOICE
2nd Floor, Garuda Mall, Magrath Road, Ashok Nagar, Bangalore - 560025
Bill To Invoice # 7321
Rohit Chawla Invoice Date 01/08/2023
42, Jasmine Avenue, Lucknow, Uttar
Pradesh, India P.O# 2a
DESCRIPTION UNIT PRICE AMOUNT
Vogue Women’s Oversized Sunglasses 3,199.00 6,398.00
Oakley Holbrook Square Sunglasses 3,099.00 6,198.00
Subtotal 12,596.00
GST 18.0% 2,267.28
TOTAL XT 14,863.28
Powered by Invoice Home
"
141495-Rohan-Deshmukh.pdf,"Lawrence and Mayo

4, Near MG Road Metro Station, MG Road, Bangalore - 560001

BILL TO INVOICE # 141495

Rohan Deshmukh INVOICE DATE 05/10/2023

25, Orchid Avenue, Nagpur,

Maharashtra, India P.O.# 7320

i X 11,323.2

Invoice Total 020.20

QTY DESCRIPTION UNIT PRICE AMOUNT

2 Tommy Hilfiger UV Protected Square Sunglasses 2,199.00 4,398.00

2 John Jacobs Gold-Rimmed Aviator Sunglasses 2,599.00 5,198.00

Subtotal 9,596.00

GST 18.0% 1,727.28
"
PerfectVisionInvoice_2024-07-08_18-33-14_43.pdf,"INVOICE os
Perfect Vision Opticals
28, 1st Floor, 2nd Cross, 1st Block, RT Nagar, Mumbai-400050
GSTIN: 28AJHCU1234L1ZA PAN: RFRBG5397G
Invoice No: 51346 BILL TO
Invoice Date: 08-06-2021 Richa Singh
P.O.No: 3619 22, Jasmine Lane
P.O.Date: 06-06-2021 Hubli
Ref No: 5920 Pan No: DNFKN6065L
Ref Date: 08-06-2021 Mobile No: 9263685811
Email: richasingh@gmail.com
GSTIN: 24DAQ0J07566S1Z5
Description In Detail Code Qty Price IGST Discount Total
Nova Bluecut Eyeglasses (Zero) gqq7 1 3493.00 18% 174.65 3318.35
Power)
Police Men’s Round Sunglasses|} 9008 1 1653.00 18% 82.65 1570.35
Fitovers Polarized Sunglasses 9006 3 2584.00 18% 387.60 7364.40
TOTAL 644.90 12253.10
Sub Total 12253.10
IGST @ 18% 2205.56
Grand Total 14458.66
PAYMENT METHOD
we Accept the PayPal, Master Card, VISA and E- Wallets
Terms & Condition:
1. Goods Once Sold Will Not be Taken Back
2. Goods Can be Exchanged During 2:00 pm to 4:00 pm
Thank you for business & visit Again
"
OpticalInvoice_2024-07-18_18-29-11_16.pdf,"Plot No. 45, GIDC Industrial Estate, Vatva, Ahmedabad, Gujarat
OPTICAL GLASSES GSTIN: 27AJHCU1234L1ZA
PERFECTING YOUR EYE PAN: RTRBG5397G
SN CeomA Invoice Date Order No Order Date Ref No Ref Date SDYocreTiPLaCIyIy Dispatch Through
1589 23-02-2023 EC1411 21-02-2023 1760 23-02-2023
Bill To Ship To
Aakash Mehta Aakash Mehta
12 Diamond Enclave, Ambawadi Road, Near Ambli BRTS, Gujarat-380015 12 Diamond Enclave, Ambawadi Road, Near Ambli BRTS, Gujarat-380015
State: Maharashtra State: Maharashtra
GSTIN: 24HVGNG8106G1Z4 PAN: VDUSH4545T GSTIN: 24HVGNG8106G1Z4 PAN: VDUSH4545T
| Sr.no_| Item Description | HSN | Rate ~—|_—Batch_~—s|_ Qty (| CGST scst_ | Amount
1 Ray-Ban Aviator Classic 8085 2123.00 20230223-875 11 2101.77. | 2101.77 27556.54
Sunglasses
2 . 7980 728.00 20230223-918 14 917.28 917.28 12026.56
Prada Men’s Aviator Sunglasses
Fossil UV Protected Wayf
3 ossil UV Protected Wayfarer | a 434 3565.00 20230223-695 10 3208.50 | 3208.50 42067.00
Sunglasses
SUB TOTAL 81650.10
Discount 4082.51
GRAND TOTAL 77567.60
Terms & Condition
1) Goods once sold will not be taken back or exchanged
2) Any warranty claim will not be accepted without warranty card
3) Payment to be made within 30 days
"
ApexInvoice_2024-07-18_18-28-05_78.pdf,"APEX WEAR
New Hind House, Narottam Morarjee Marg, Ballard Estate, Tax Invoice
Mumbai, Maharashtra
GSTIN: 27AAACR7147G1ZQ
Bill To Invoice Details
382421
GST No. 24APHPM9572R1Z8 21-12-2023
ship To [station (surat
45 Ruby Residency, Gandhinagar Road, Near Adalaj Stepwell, Gujarat- Terms of
GST No. 24APHPM9572R1Z8 9274
[em ”™~*~<~drtCSCS<iSYT «dC | Pee | rT | To
Oakley Women’s Rectangular Sunglasses 30892.40
Tommy Hilfiger Men's Rectangular Sunglasses | 7159 | 18.00% | 90 | 17200 | 2786.40 18266.40
Diesel Women’s Square Sunglasses 313.00 18467.00
Sub Total 124908.90
Terms & Conditions Discount 6245.45
1. Goods once sold will not be taken back or exchanged.
2. Please make the payment within 30 days. Grand Total 118663.46
Authorised signature Lo
"
Invoice_2024-06-24_11-25-46_48.pdf,"Invoice details:
Invoice no.: 243
Date issued: 08-04-2020
Invoice From :
Specsworld Opticians
45, 4th Main, Jayamahal Extension, Mumbai - 400005 GSTIN: 29AADCS3456G1ZR
specsworldopticians@gmail.com Pan: RFRBG7060G
Contact no.: 9900232338 State: Maharashtra
Invoice To:
Rina Das
25, Cypress Boulevard GSTIN: 24KNKAY3199F1Z3
Belgaum Pan: PPDSL8442K
Contact no.: 9704977193 Email: rinadas@gmail.com State: Karnataka
Item Name HSN/SAC Qty Unit Price IGST Amount
Puma Men’s
Wayfarer Sunglasses 9006 1 1353.00 18% 1353.00
Vogue Eyewear
Women’s Round
Sunglasses 9006 1 3171.00 18% 3171.00
John Jacobs Gold-
Rimmed Aviator
Sunglasses 9004 1 3142.00 18% 3142.00
Sub total 7666.00
IGST 18% 1379.88
Grand Total 9045.88
Terms & Conditions
1. Payment terms are valid thirty (20) days from the date of this invoice, subject to a %2 of 2%
discount if paid within ten (10) days of the date of this invoice.
2. 30 days limited warranty unless stated otherwise in this invoice.
3. Balance due within 15 days of Invoice date. There shall be 10% Interest per Month thereafter.
4. A copy of this invoice is required, otherwise the warranty process stated herein will be delayed.
"
7632354-Suman-Mishra.pdf,"INVOICE # 7632354 INVOICE DATE 04/06/2023
P.0.# 7304
BILL TO Vasan Eye Care
Suman Mishra 44, 3rd Floor, JNC Road,
65, Poppy Path, Ranchi, Jharkhand, Koramangala 5th Block, Bangalore
India - 560095
oun 4 DESCRIPTION UNIT PRICE AMOUNT
3 Fastrack Aviator Metal Frame Sunglasses 1,599.00 4,797.00
2 Vogue Women’s Cat Eye Sunglasses 3,799.00 7,598.00
Subtotal 12,395.00
GST 18.0% 2,231.10
INVOICE TOTAL X 14,626.10
Powered by Invoice Home
"
PerfectVisionInvoice_2024-07-08_18-33-34_63.pdf,"INVOICE .
Perfect Vision Opticals
28, 1st Floor, 2nd Cross, 1st Block, RT Nagar, Mumbai-400050
GSTIN: 28AJHCU1234L1ZA PAN: RFRBG5397G
Invoice No: 32553 BILL TO
Invoice Date: 22-01-2021 Aarti Gupta
P.O.No: 4521 91, Cedar Path
P.O.Date: 20-01-2021 Mangalore
Ref No: 5499 Pan No: FQGNE7422C
Ref Date: 22-01-2021 Mobile No: 9871510711
Email: aartigupta@gmail.com
GSTIN: 24PCEOT4602P1Z0
Description In Detail Code Qty Price IGST Discount Total
Fastrack UV Protected Aviator 3
Sunglasses 9007 3 3008.00 18% 451.20 8572.80
Persol Rectangular Sunglasses 9007 3 2303.00 18% 345.45 6563.55
Calvin Klein Square Sunglasses ||} 9004 1 3844.00 18% 192.20 3651.80
TOTAL 988.85 18788.15
Sub Total 18788.15
IGST @ 18% 3381.87
Grand Total 22170.02
PAYMENT METHOD
we Accept the PayPal, Master Card, VISA and E- Wallets
Terms & Condition:
1. Goods Once Sold Will Not be Taken Back
2. Goods Can be Exchanged During 2:00 pm to 4:00 pm
Thank you for business & visit Again
"
OpticalInvoice_2024-07-18_18-29-53_58.pdf,"Plot No. 45, GIDC Industrial Estate, Vatva, Ahmedabad, Gujarat
OPTICAL GLASSES GSTIN: 27AJHCU1234L1ZA
PERFECTING YOUR EYE PAN: RTRBG5397G
SN CeomA Invoice Date Order No Order Date Ref No Ref Date SDYocreTiPLaCIyIy Dispatch Through
1422 10-04-2023 EC1099 08-04-2023 1079 10-04-2023
Bill To Ship To
Preeti Malhotra Preeti Malhotra
91 Ruby Residency, Infocity Road, Near GMDC Ground, Gujarat-382421 91 Ruby Residency, Infocity Road, Near GMDC Ground, Gujarat-382421
State: Maharashtra State: Maharashtra
GSTIN: 24ZFNML7380X1Z8 PAN: DDZBI4001E GSTIN: 24ZFNML7380X1Z8 PAN: DDZBI4001E
| Sr.no_| Item Description | HsN | Rate = | Batch_~—|_ Qty _—(| —CGsT scst_ | Amount
1 Emporio Armani Unisex-Adult | 2245 1235.00 20230410-683 16 1778.40 1778.40 23316.80
Sunglasses
2 Carrera Unisex-Adult 8958 527.00 20230410-775 14 664.02 664.02 8706.04
Rectangular Sunglasses
3 Carrera Women's Aviator 7580 3948.00 20230410-127 17 6040.44 | 6040.44 79196.88
Sunglasses
SUB TOTAL 111219.72
Discount 5560.99
GRAND TOTAL 105658.73
Terms & Condition
1) Goods once sold will not be taken back or exchanged
2) Any warranty claim will not be accepted without warranty card
3) Payment to be made within 30 days
"
ApexInvoice_2024-07-18_18-26-51_4.pdf,"APEX WEAR
New Hind House, Narottam Morarjee Marg, Ballard Estate, Tax Invoice
Mumbai, Maharashtra
GSTIN: 27AAACR7147G1ZQ
Bill To Invoice Details
360002
GST No. 24TZLLF9008P1Z5 20-08-2023
| Pan No. | FMWOL8424A P RefNo [150
ship To [station (surat
78 Sapphire View, Bhaktinagar Road, Near Atmiya College, Gujarat- Terms of
GST No. 24TZLLF9008P1Z5 9093
| Pan No. _| FMWOL8424A 22-09-2023
[em ”™~*~<~drtCSCS<iSYT «dC | Pee | rT | To
Calvin Klein Men's Rectangular Sunglasses 8298.00 | 5439800
Fastrack UV Protected Aviator Sunglasses | 8611. |_ 18.00% | 90 | 573.00 | 9282.60 60852.60
Carrera Unisex-Adult Rectangular Sunglasses 3156.30 20691.30
Sub Total 148862.90
Terms & Conditions Discount 7443.15
1. Goods once sold will not be taken back or exchanged.
2. Please make the payment within 30 days. Grand Total 141419.76
Authorised signature Lo
"
PerfectVisionInvoice_2024-07-08_18-33-37_66.pdf,"INVOICE . .
Perfect Vision Opticals
28, 1st Floor, 2nd Cross, 1st Block, RT Nagar, Mumbai-400050
GSTIN: 28AJHCU1234L1ZA PAN: RFRBG5397G
Invoice No: 58854 BILL TO
Invoice Date: 11-12-2021 Meera Kapoor
P.O.No: 6490 19, Rosewood Lane
P.O.Date: 09-12-2021 Mysore
Ref No: 6072 Pan No: RUXDT6151B
Ref Date: 11-12-2021 Mobile No: 9505783171
Email: meerakapoor@gmail.com
GSTIN: 24UZWEO2168J1Z1
Description In Detail Code Qty Price IGST Discount Total
Emporio Armani Unisex-Adult | aq9¢ 2 4129.00 18% 412.90 7845.10
Sunglasses
Polarized Wrap Around Sports | goq7 2 932.00 18% 93.20 1770.80
Sunglasses
Fitovers Polarized Sunglasses 9004 1 4449.00 18% 222.45 4226.55
TOTAL 728.55 13842.45
Sub Total 13842.45
IGST @ 18% 2491.64
Grand Total 16334.09
PAYMENT METHOD
we Accept the PayPal, Master Card, VISA and E- Wallets
Terms & Condition:
1. Goods Once Sold Will Not be Taken Back
2. Goods Can be Exchanged During 2:00 pm to 4:00 pm
Thank you for business & visit Again
"
ApexInvoice_2024-07-18_18-28-29_102.pdf,"APEX WEAR
New Hind House, Narottam Morarjee Marg, Ballard Estate, Tax Invoice
Mumbai, Maharashtra
GSTIN: 27AAACR7147G1ZQ
Bill To Invoice Details
|State | Gujarat £1738
GST No. 24DNWYG8024P1Z2 10-08-2023
| Pan No. | UYVNKA708P P RefNo [157
13-08-2023
ship To [station (surat
45 Ruby Residency, Sector 29, Near Adalaj Stepwell, Gujarat-382421 Terms of
Address 30Days
Payment
GST No. 24DNWYG8024P1Z2 9025
[em ”™~*~<~drtCSCS<iSYT «dC | Pee | rT | To
Police UV Protected Square Sunglasses 2826.00 18526.00
Fossil Women’s Rectangular Sunglasses 98.00 8094.80
Armani Exchange Rectangular Sunglasses 343,00 | 2160.90
Sub Total 60274.40
Terms & Conditions Discount 3013.72
1. Goods once sold will not be taken back or exchanged.
2. Please make the payment within 30 days. Grand Total 57260.68
Authorised signature Lo
"
